key,press_time,hold_duration,latency,wpm,cpm,pauses,error_rate,session_type
Key.tab,1759570267.9303014,0.1915485858917236,0.1116793155670166,32.45466700536996,162.2733350268498,180,2.6378896882494005,relaxed
Key.tab,1759570271.0099125,0.176116943359375,3.0641791820526123,32.45466700536996,162.2733350268498,180,2.6378896882494005,relaxed
Key.tab,1759570272.1864395,0.1759188175201416,1.1763291358947754,32.45466700536996,162.2733350268498,180,2.6378896882494005,relaxed
Key.tab,1759570272.618652,0.1833574771881103,0.4396512508392334,32.45466700536996,162.2733350268498,180,2.6378896882494005,relaxed
Key.alt_l,1759570270.9898229,1.8205387592315676,0.0083520412445068,32.45466700536996,162.2733350268498,180,2.6378896882494005,relaxed
T,1759570284.21812,0.0800685882568359,11.487826824188232,32.45466700536996,162.2733350268498,180,2.6378896882494005,relaxed
Key.shift,1759570283.8580723,0.5038435459136963,0.0637273788452148,32.45466700536996,162.2733350268498,180,2.6378896882494005,relaxed
h,1759570284.7300284,0.1442034244537353,0.5123159885406494,32.45466700536996,162.2733350268498,180,2.6378896882494005,relaxed
e,1759570284.8828645,0.1113319396972656,0.119964599609375,32.45466700536996,162.2733350268498,180,2.6378896882494005,relaxed
Key.space,1759570285.234054,0.1519641876220703,0.3918218612670898,32.45466700536996,162.2733350268498,180,2.6378896882494005,relaxed
Key.shift,1759570286.1703358,0.1044702529907226,0.8887877464294434,32.45466700536996,162.2733350268498,180,2.6378896882494005,relaxed
e,1759570286.6580012,0.0882556438446044,0.4241132736206054,32.45466700536996,162.2733350268498,180,2.6378896882494005,relaxed
t,1759570286.898365,0.0635342597961425,0.2156424522399902,32.45466700536996,162.2733350268498,180,2.6378896882494005,relaxed
a,1759570287.1222186,0.1519949436187744,0.3123142719268799,32.45466700536996,162.2733350268498,180,2.6378896882494005,relaxed
l,1759570287.3062174,0.0719997882843017,0.1040036678314209,32.45466700536996,162.2733350268498,180,2.6378896882494005,relaxed
Key.space,1759570287.5943372,0.0886225700378418,0.3047425746917724,32.45466700536996,162.2733350268498,180,2.6378896882494005,relaxed
Key.shift,1759570287.8026717,0.4152758121490478,0.5349876880645752,32.45466700536996,162.2733350268498,180,2.6378896882494005,relaxed
e,1759570288.378487,0.1353440284729004,0.2317249774932861,32.45466700536996,162.2733350268498,180,2.6378896882494005,relaxed
a,1759570288.5226867,0.1750900745391845,0.1839456558227539,32.45466700536996,162.2733350268498,180,2.6378896882494005,relaxed
r,1759570288.7460914,0.0797934532165527,0.1281080245971679,32.45466700536996,162.2733350268498,180,2.6378896882494005,relaxed
Key.space,1759570289.034026,0.120215892791748,0.3283569812774658,32.45466700536996,162.2733350268498,180,2.6378896882494005,relaxed
S,1759570289.3223443,0.1427919864654541,0.3108944892883301,32.45466700536996,162.2733350268498,180,2.6378896882494005,relaxed
Key.shift,1759570289.185966,0.2952358722686767,0.0160655975341796,32.45466700536996,162.2733350268498,180,2.6378896882494005,relaxed
o,1759570289.5141218,0.0799100399017334,0.1128299236297607,32.45466700536996,162.2733350268498,180,2.6378896882494005,relaxed
l,1759570289.7458005,0.1124937534332275,0.2642621994018554,32.45466700536996,162.2733350268498,180,2.6378896882494005,relaxed
i,1759570290.218197,0.111950397491455,0.4718537330627441,32.45466700536996,162.2733350268498,180,2.6378896882494005,relaxed
d,1759570290.4817543,0.1380379199981689,0.2896444797515869,32.45466700536996,162.2733350268498,180,2.6378896882494005,relaxed
Key.space,1759570290.6820004,0.120211124420166,0.1824193000793457,32.45466700536996,162.2733350268498,180,2.6378896882494005,relaxed
s,1759570291.2185369,0.1591031551361084,0.5754284858703613,32.45466700536996,162.2733350268498,180,2.6378896882494005,relaxed
e,1759570291.4343488,0.1039106845855712,0.1606194972991943,32.45466700536996,162.2733350268498,180,2.6378896882494005,relaxed
r,1759570291.65008,0.0960361957550048,0.2078566551208496,32.45466700536996,162.2733350268498,180,2.6378896882494005,relaxed
i,1759570291.841844,0.1045339107513427,0.2002618312835693,32.45466700536996,162.2733350268498,180,2.6378896882494005,relaxed
e,1759570291.9305868,0.1367084980010986,0.1209173202514648,32.45466700536996,162.2733350268498,180,2.6378896882494005,relaxed
s,1759570292.226076,0.1358420848846435,0.2946226596832275,32.45466700536996,162.2733350268498,180,2.6378896882494005,relaxed
Key.space,1759570292.4656909,0.1446852684020996,0.2484581470489502,32.45466700536996,162.2733350268498,180,2.6378896882494005,relaxed
t,1759570293.0583434,0.0877048969268798,0.5356721878051758,32.45466700536996,162.2733350268498,180,2.6378896882494005,relaxed
i,1759570293.234805,0.0946917533874511,0.1834487915039062,32.45466700536996,162.2733350268498,180,2.6378896882494005,relaxed
m,1759570293.4032636,0.1269474029541015,0.2007138729095459,32.45466700536996,162.2733350268498,180,2.6378896882494005,relaxed
e,1759570293.5540676,0.1357531547546386,0.1596097946166992,32.45466700536996,162.2733350268498,180,2.6378896882494005,relaxed
l,1759570293.9379282,0.1520383358001709,0.4001457691192627,32.45466700536996,162.2733350268498,180,2.6378896882494005,relaxed
i,1759570294.2343376,0.1513657569885254,0.2957367897033691,32.45466700536996,162.2733350268498,180,2.6378896882494005,relaxed
n,1759570294.4340928,0.1203739643096923,0.1687633991241455,32.45466700536996,162.2733350268498,180,2.6378896882494005,relaxed
e,1759570294.570084,0.1043202877044677,0.1199374198913574,32.45466700536996,162.2733350268498,180,2.6378896882494005,relaxed
Key.space,1759570294.7301238,0.1363706588745117,0.1920902729034423,32.45466700536996,162.2733350268498,180,2.6378896882494005,relaxed
s,1759570294.9296973,0.1524076461791992,0.2156105041503906,32.45466700536996,162.2733350268498,180,2.6378896882494005,relaxed
p,1759570295.130865,0.1351099014282226,0.1838703155517578,32.45466700536996,162.2733350268498,180,2.6378896882494005,relaxed
a,1759570295.2587245,0.1278638839721679,0.1206130981445312,32.45466700536996,162.2733350268498,180,2.6378896882494005,relaxed
n,1759570296.6900234,0.1687815189361572,1.4722166061401367,32.45466700536996,162.2733350268498,180,2.6378896882494005,relaxed
s,1759570296.8660245,0.1278762817382812,0.1350955963134765,32.45466700536996,162.2733350268498,180,2.6378896882494005,relaxed
Key.space,1759570296.9700267,0.1679868698120117,0.1441130638122558,32.45466700536996,162.2733350268498,180,2.6378896882494005,relaxed
f,1759570297.2583203,0.1916162967681884,0.3119230270385742,32.45466700536996,162.2733350268498,180,2.6378896882494005,relaxed
r,1759570297.410025,0.1283135414123535,0.0884017944335937,32.45466700536996,162.2733350268498,180,2.6378896882494005,relaxed
o,1759570297.553939,0.1451020240783691,0.1607029438018798,32.45466700536996,162.2733350268498,180,2.6378896882494005,relaxed
m,1759570297.834405,0.0559847354888916,0.1913483142852783,32.45466700536996,162.2733350268498,180,2.6378896882494005,relaxed
Key.space,1759570298.026322,0.1112298965454101,0.2471621036529541,32.45466700536996,162.2733350268498,180,2.6378896882494005,relaxed
t,1759570298.1065905,0.0954155921936035,0.0644540786743164,32.45466700536996,162.2733350268498,180,2.6378896882494005,relaxed
h,1759570298.2902822,0.1444916725158691,0.2327680587768554,32.45466700536996,162.2733350268498,180,2.6378896882494005,relaxed
e,1759570298.418165,0.1038870811462402,0.087278127670288,32.45466700536996,162.2733350268498,180,2.6378896882494005,relaxed
Key.space,1759570298.585878,0.1132307052612304,0.1770567893981933,32.45466700536996,162.2733350268498,180,2.6378896882494005,relaxed
m,1759570298.8262987,0.1354730129241943,0.2626628875732422,32.45466700536996,162.2733350268498,180,2.6378896882494005,relaxed
i,1759570299.1306846,0.1597392559051513,0.3286521434783935,32.45466700536996,162.2733350268498,180,2.6378896882494005,relaxed
d,1759570299.3383036,0.1044273376464843,0.1523070335388183,32.45466700536996,162.2733350268498,180,2.6378896882494005,relaxed
-,1759570300.0185933,0.0954723358154296,0.6713347434997559,32.45466700536996,162.2733350268498,180,2.6378896882494005,relaxed
2,1759570300.187107,0.1272985935211181,0.2003400325775146,32.45466700536996,162.2733350268498,180,2.6378896882494005,relaxed
0,1759570300.4981678,0.0807375907897949,0.2644996643066406,32.45466700536996,162.2733350268498,180,2.6378896882494005,relaxed
t,1759570300.7860222,0.0806567668914794,0.2877736091613769,32.45466700536996,162.2733350268498,180,2.6378896882494005,relaxed
h,1759570300.9223435,0.0883922576904296,0.144057035446167,32.45466700536996,162.2733350268498,180,2.6378896882494005,relaxed
Key.space,1759570301.1379068,0.1201193332672119,0.2472901344299316,32.45466700536996,162.2733350268498,180,2.6378896882494005,relaxed
c,1759570301.3938675,0.1763405799865722,0.3121821880340576,32.45466700536996,162.2733350268498,180,2.6378896882494005,relaxed
e,1759570301.6661873,0.1120853424072265,0.208064317703247,32.45466700536996,162.2733350268498,180,2.6378896882494005,relaxed
n,1759570301.770012,0.1356124877929687,0.1273519992828369,32.45466700536996,162.2733350268498,180,2.6378896882494005,relaxed
t,1759570302.6980262,0.1515545845031738,0.9439561367034912,32.45466700536996,162.2733350268498,180,2.6378896882494005,relaxed
u,1759570302.8748667,0.1510281562805175,0.176314115524292,32.45466700536996,162.2733350268498,180,2.6378896882494005,relaxed
r,1759570303.0181854,0.1340546607971191,0.126345157623291,32.45466700536996,162.2733350268498,180,2.6378896882494005,relaxed
y,1759570303.291248,0.102989912033081,0.2419979572296142,32.45466700536996,162.2733350268498,180,2.6378896882494005,relaxed
Key.space,1759570303.57803,0.1198573112487793,0.3036494255065918,32.45466700536996,162.2733350268498,180,2.6378896882494005,relaxed
i,1759570303.9229455,0.1190545558929443,0.3441128730773926,32.45466700536996,162.2733350268498,180,2.6378896882494005,relaxed
n,1759570304.0819926,0.1840343475341797,0.2240266799926757,32.45466700536996,162.2733350268498,180,2.6378896882494005,relaxed
t,1759570304.2744217,0.1283388137817382,0.1367335319519043,32.45466700536996,162.2733350268498,180,2.6378896882494005,relaxed
o,1759570304.4423418,0.0883629322052002,0.1279442310333252,32.45466700536996,162.2733350268498,180,2.6378896882494005,relaxed
Key.space,1759570304.6742089,0.1436817646026611,0.2871859073638916,32.45466700536996,162.2733350268498,180,2.6378896882494005,relaxed
a,1759570304.8589642,0.159369945526123,0.2004435062408447,32.45466700536996,162.2733350268498,180,2.6378896882494005,relaxed
Key.space,1759570305.0097525,0.0960738658905029,0.0874922275543212,32.45466700536996,162.2733350268498,180,2.6378896882494005,relaxed
n,1759570305.2350578,0.1194775104522705,0.248708963394165,32.45466700536996,162.2733350268498,180,2.6378896882494005,relaxed
e,1759570305.410962,0.1432771682739257,0.1997039318084716,32.45466700536996,162.2733350268498,180,2.6378896882494005,relaxed
a,1759570305.562737,0.1765487194061279,0.1850464344024658,32.45466700536996,162.2733350268498,180,2.6378896882494005,relaxed
r,1759570305.8180535,0.0959763526916503,0.1747441291809082,32.45466700536996,162.2733350268498,180,2.6378896882494005,relaxed
Key.space,1759570305.9861984,0.1355848312377929,0.2077534198760986,32.45466700536996,162.2733350268498,180,2.6378896882494005,relaxed
f,1759570306.1938806,0.1684076786041259,0.2405049800872802,32.45466700536996,162.2733350268498,180,2.6378896882494005,relaxed
u,1759570306.43392,0.1046187877655029,0.1762506961822509,32.45466700536996,162.2733350268498,180,2.6378896882494005,relaxed
t,1759570306.5539658,0.1209549903869628,0.1363818645477295,32.45466700536996,162.2733350268498,180,2.6378896882494005,relaxed
u,1759570306.7538502,0.1287245750427246,0.2076539993286132,32.45466700536996,162.2733350268498,180,2.6378896882494005,relaxed
r,1759570306.9941754,0.1842954158782959,0.295896053314209,32.45466700536996,162.2733350268498,180,2.6378896882494005,relaxed
e,1759570307.1542478,0.1197116374969482,0.0954885482788086,32.45466700536996,162.2733350268498,180,2.6378896882494005,relaxed
Key.space,1759570308.4902947,0.1758055686950683,1.3921408653259275,32.45466700536996,162.2733350268498,180,2.6378896882494005,relaxed
w,1759570308.8022263,0.1683528423309326,0.3044791221618652,32.45466700536996,162.2733350268498,180,2.6378896882494005,relaxed
o,1759570309.002048,0.175851821899414,0.2073204517364502,32.45466700536996,162.2733350268498,180,2.6378896882494005,relaxed
r,1759570309.185799,0.1124305725097656,0.1203296184539794,32.45466700536996,162.2733350268498,180,2.6378896882494005,relaxed
l,1759570309.4822774,0.1276807785034179,0.3117287158966064,32.45466700536996,162.2733350268498,180,2.6378896882494005,relaxed
d,1759570309.6496978,0.1295428276062011,0.1692824363708496,32.45466700536996,162.2733350268498,180,2.6378896882494005,relaxed
Key.space,1759570309.8742003,0.1518282890319824,0.2467880249023437,32.45466700536996,162.2733350268498,180,2.6378896882494005,relaxed
r,1759570310.5300682,0.0878796577453613,0.5919191837310791,32.45466700536996,162.2733350268498,180,2.6378896882494005,relaxed
i,1759570310.7378783,0.1207790374755859,0.2407095432281494,32.45466700536996,162.2733350268498,180,2.6378896882494005,relaxed
f,1759570311.1460216,0.1360573768615722,0.4234216213226318,32.45466700536996,162.2733350268498,180,2.6378896882494005,relaxed
l,1759570311.321861,0.175816535949707,0.2155985832214355,32.45466700536996,162.2733350268498,180,2.6378896882494005,relaxed
r,1759570312.0665498,0.1440362930297851,0.7129085063934326,32.45466700536996,162.2733350268498,180,2.6378896882494005,relaxed
Key.backspace,1759570312.778118,0.1515572071075439,0.7190890312194824,32.45466700536996,162.2733350268498,180,2.6378896882494005,relaxed
e,1759570312.94619,0.1118330955505371,0.1283478736877441,32.45466700536996,162.2733350268498,180,2.6378896882494005,relaxed
Key.space,1759570313.154023,0.1440842151641845,0.240084171295166,32.45466700536996,162.2733350268498,180,2.6378896882494005,relaxed
w,1759570313.3702989,0.1283342838287353,0.2005259990692138,32.45466700536996,162.2733350268498,180,2.6378896882494005,relaxed
i,1759570313.7460256,0.1683170795440673,0.4157094955444336,32.45466700536996,162.2733350268498,180,2.6378896882494005,relaxed
t,1759570313.8979702,0.1281104087829589,0.1117379665374755,32.45466700536996,162.2733350268498,180,2.6378896882494005,relaxed
h,1759570314.0986252,0.1202759742736816,0.1928205490112304,32.45466700536996,162.2733350268498,180,2.6378896882494005,relaxed
Key.space,1759570314.3222034,0.1280257701873779,0.231328010559082,32.45466700536996,162.2733350268498,180,2.6378896882494005,relaxed
a,1759570314.786155,0.1683487892150879,0.5042746067047119,32.45466700536996,162.2733350268498,180,2.6378896882494005,relaxed
d,1759570314.962133,0.1357512474060058,0.1433804035186767,32.45466700536996,162.2733350268498,180,2.6378896882494005,relaxed
v,1759570315.882051,0.1041641235351562,0.8883309364318848,32.45466700536996,162.2733350268498,180,2.6378896882494005,relaxed
a,1759570316.426155,0.1280655860900879,0.5680058002471924,32.45466700536996,162.2733350268498,180,2.6378896882494005,relaxed
n,1759570316.6819084,0.1277821063995361,0.2554695606231689,32.45466700536996,162.2733350268498,180,2.6378896882494005,relaxed
c,1759570316.825797,0.1760561466217041,0.1921627521514892,32.45466700536996,162.2733350268498,180,2.6378896882494005,relaxed
e,1759570317.0425572,0.1678500175476074,0.2085540294647216,32.45466700536996,162.2733350268498,180,2.6378896882494005,relaxed
d,1759570317.2422695,0.1597785949707031,0.1916408538818359,32.45466700536996,162.2733350268498,180,2.6378896882494005,relaxed
Key.space,1759570318.4502614,0.2237539291381836,1.2719671726226809,32.45466700536996,162.2733350268498,180,2.6378896882494005,relaxed
t,1759570318.8826504,0.1275861263275146,0.3362212181091308,32.45466700536996,162.2733350268498,180,2.6378896882494005,relaxed
e,1759570319.1696064,0.1530368328094482,0.3124067783355713,32.45466700536996,162.2733350268498,180,2.6378896882494005,relaxed
c,1759570319.5014074,0.1648268699645996,0.3435909748077392,32.45466700536996,162.2733350268498,180,2.6378896882494005,relaxed
h,1759570319.961945,0.1200640201568603,0.4157748222351074,32.45466700536996,162.2733350268498,180,2.6378896882494005,relaxed
n,1759570320.2111936,0.1185126304626464,0.247697114944458,32.45466700536996,162.2733350268498,180,2.6378896882494005,relaxed
o,1759570320.4746692,0.0715677738189697,0.2165307998657226,32.45466700536996,162.2733350268498,180,2.6378896882494005,relaxed
l,1759570320.6741672,0.0962836742401123,0.2242138385772705,32.45466700536996,162.2733350268498,180,2.6378896882494005,relaxed
o,1759570320.8820548,0.1279752254486084,0.2395792007446289,32.45466700536996,162.2733350268498,180,2.6378896882494005,relaxed
g,1759570321.0192473,0.0790076255798339,0.0882248878479003,32.45466700536996,162.2733350268498,180,2.6378896882494005,relaxed
y,1759570321.2661495,0.1122975349426269,0.2801921367645263,32.45466700536996,162.2733350268498,180,2.6378896882494005,relaxed
Key.space,1759570321.5457368,0.1442866325378418,0.3115763664245605,32.45466700536996,162.2733350268498,180,2.6378896882494005,relaxed
a,1759570321.8511372,0.1828162670135498,0.3439300060272217,32.45466700536996,162.2733350268498,180,2.6378896882494005,relaxed
n,1759570322.0181751,0.1514747142791748,0.1356964111328125,32.45466700536996,162.2733350268498,180,2.6378896882494005,relaxed
d,1759570322.1628356,0.0956449508666992,0.0888307094573974,32.45466700536996,162.2733350268498,180,2.6378896882494005,relaxed
Key.space,1759570322.2900305,0.1199913024902343,0.1515412330627441,32.45466700536996,162.2733350268498,180,2.6378896882494005,relaxed
p,1759570323.0264475,0.087618350982666,0.7040441036224365,32.45466700536996,162.2733350268498,180,2.6378896882494005,relaxed
e,1759570323.1392431,0.1512119770050048,0.1763892173767089,32.45466700536996,162.2733350268498,180,2.6378896882494005,relaxed
r,1759570323.3376722,0.0885686874389648,0.1357858180999755,32.45466700536996,162.2733350268498,180,2.6378896882494005,relaxed
s,1759570323.8418489,0.104403018951416,0.5200109481811523,32.45466700536996,162.2733350268498,180,2.6378896882494005,relaxed
s,1759570324.1542072,0.0800244808197021,0.2879798412322998,32.45466700536996,162.2733350268498,180,2.6378896882494005,relaxed
Key.backspace,1759570324.8656583,0.1765210628509521,0.8079478740692139,32.45466700536996,162.2733350268498,180,2.6378896882494005,relaxed
i,1759570325.538875,0.1195006370544433,0.6161963939666748,32.45466700536996,162.2733350268498,180,2.6378896882494005,relaxed
s,1759570325.65053,0.1117084026336669,0.1038625240325927,32.45466700536996,162.2733350268498,180,2.6378896882494005,relaxed
t,1759570325.946533,0.087578535079956,0.2718729972839355,32.45466700536996,162.2733350268498,180,2.6378896882494005,relaxed
e,1759570326.0664563,0.1199483871459961,0.1522932052612304,32.45466700536996,162.2733350268498,180,2.6378896882494005,relaxed
n,1759570326.2662537,0.1357965469360351,0.2156455516815185,32.45466700536996,162.2733350268498,180,2.6378896882494005,relaxed
t,1759570326.4339488,0.1364374160766601,0.1683359146118164,32.45466700536996,162.2733350268498,180,2.6378896882494005,relaxed
Key.space,1759570326.6740067,0.1520650386810302,0.2556855678558349,32.45466700536996,162.2733350268498,180,2.6378896882494005,relaxed
g,1759570327.338236,0.1045076847076416,0.6166720390319824,32.45466700536996,162.2733350268498,180,2.6378896882494005,relaxed
e,1759570327.5458417,0.1127674579620361,0.2158653736114502,32.45466700536996,162.2733350268498,180,2.6378896882494005,relaxed
o,1759570327.7382233,0.0795803070068359,0.1591944694519043,32.45466700536996,162.2733350268498,180,2.6378896882494005,relaxed
p,1759570327.978255,0.0875985622406005,0.2480499744415283,32.45466700536996,162.2733350268498,180,2.6378896882494005,relaxed
o,1759570328.202813,0.0632596015930175,0.2002186775207519,32.45466700536996,162.2733350268498,180,2.6378896882494005,relaxed
l,1759570328.4186685,0.0802903175354003,0.2328865528106689,32.45466700536996,162.2733350268498,180,2.6378896882494005,relaxed
i,1759570328.625887,0.1365480422973632,0.2634758949279785,32.45466700536996,162.2733350268498,180,2.6378896882494005,relaxed
t,1759570328.7862277,0.1197884082794189,0.1435813903808593,32.45466700536996,162.2733350268498,180,2.6378896882494005,relaxed
i,1759570328.954209,0.1276581287384033,0.1758513450622558,32.45466700536996,162.2733350268498,180,2.6378896882494005,relaxed
c,1759570329.258438,0.2158117294311523,0.3923823833465576,32.45466700536996,162.2733350268498,180,2.6378896882494005,relaxed
a,1759570329.6267755,0.1277112960815429,0.2802369594573974,32.45466700536996,162.2733350268498,180,2.6378896882494005,relaxed
l,1759570329.7544868,0.1039879322052002,0.1039879322052002,32.45466700536996,162.2733350268498,180,2.6378896882494005,relaxed
Key.space,1759570330.058242,0.1437950134277343,0.343562364578247,32.45466700536996,162.2733350268498,180,2.6378896882494005,relaxed
s,1759570330.3700693,0.1522080898284912,0.3202402591705322,32.45466700536996,162.2733350268498,180,2.6378896882494005,relaxed
t,1759570330.8191483,0.1195862293243408,0.4164571762084961,32.45466700536996,162.2733350268498,180,2.6378896882494005,relaxed
r,1759570330.9540184,0.1200213432312011,0.1353051662445068,32.45466700536996,162.2733350268498,180,2.6378896882494005,relaxed
i,1759570331.2019308,0.1521925926208496,0.2800836563110351,32.45466700536996,162.2733350268498,180,2.6378896882494005,relaxed
f,1759570331.4820151,0.1839282512664795,0.3118200302124023,32.45466700536996,162.2733350268498,180,2.6378896882494005,relaxed
e,1759570331.699383,0.1266720294952392,0.160111665725708,32.45466700536996,162.2733350268498,180,2.6378896882494005,relaxed
.,1759570332.290075,0.1203157901763916,0.5843358039855957,32.45466700536996,162.2733350268498,180,2.6378896882494005,relaxed
Key.shift,1759570332.705753,0.2320778369903564,0.527440071105957,32.45466700536996,162.2733350268498,180,2.6378896882494005,relaxed
i,1759570331.2019308,1.8399512767791748,0.1040511131286621,32.45466700536996,162.2733350268498,180,2.6378896882494005,relaxed
t,1759570333.1942675,0.1288282871246338,0.2812139987945556,32.45466700536996,162.2733350268498,180,2.6378896882494005,relaxed
Key.space,1759570333.40193,0.1363916397094726,0.2152256965637207,32.45466700536996,162.2733350268498,180,2.6378896882494005,relaxed
b,1759570333.6338136,0.1357429027557373,0.2312347888946533,32.45466700536996,162.2733350268498,180,2.6378896882494005,relaxed
e,1759570333.7620904,0.1358804702758789,0.1284143924713134,32.45466700536996,162.2733350268498,180,2.6378896882494005,relaxed
g,1759570334.0184276,0.0803914070129394,0.20084810256958,32.45466700536996,162.2733350268498,180,2.6378896882494005,relaxed
i,1759570334.1463642,0.1598012447357177,0.2073464393615722,32.45466700536996,162.2733350268498,180,2.6378896882494005,relaxed
n,1759570334.354139,0.1357069015502929,0.183680772781372,32.45466700536996,162.2733350268498,180,2.6378896882494005,relaxed
Key.space,1759570334.634022,0.1602461338043213,0.3044219017028808,32.45466700536996,162.2733350268498,180,2.6378896882494005,relaxed
w,1759570335.946244,0.1199891567230224,1.2719650268554688,32.45466700536996,162.2733350268498,180,2.6378896882494005,relaxed
i,1759570336.1458058,0.1121306419372558,0.1917033195495605,32.45466700536996,162.2733350268498,180,2.6378896882494005,relaxed
t,1759570336.31413,0.07198166847229,0.1281752586364746,32.45466700536996,162.2733350268498,180,2.6378896882494005,relaxed
h,1759570336.4342308,0.0879333019256591,0.1360523700714111,32.45466700536996,162.2733350268498,180,2.6378896882494005,relaxed
Key.space,1759570336.626825,0.1268427371978759,0.2315039634704589,32.45466700536996,162.2733350268498,180,2.6378896882494005,relaxed
t,1759570336.7219052,0.1047446727752685,0.0729818344116211,32.45466700536996,162.2733350268498,180,2.6378896882494005,relaxed
h,1759570336.90641,0.1120808124542236,0.1918408870697021,32.45466700536996,162.2733350268498,180,2.6378896882494005,relaxed
e,1759570337.3547187,0.0952768325805664,0.4315047264099121,32.45466700536996,162.2733350268498,180,2.6378896882494005,relaxed
Key.space,1759570337.6578946,0.1599137783050537,0.3678128719329834,32.45466700536996,162.2733350268498,180,2.6378896882494005,relaxed
o,1759570338.233915,0.1440403461456298,0.5601472854614258,32.45466700536996,162.2733350268498,180,2.6378896882494005,relaxed
r,1759570338.4740057,0.1278786659240722,0.2239284515380859,32.45466700536996,162.2733350268498,180,2.6378896882494005,relaxed
i,1759570339.6588306,0.1508193016052246,1.207765817642212,32.45466700536996,162.2733350268498,180,2.6378896882494005,relaxed
g,1759570339.9296763,0.0892059803009033,0.2092323303222656,32.45466700536996,162.2733350268498,180,2.6378896882494005,relaxed
i,1759570340.4657693,0.1525766849517822,0.599463701248169,32.45466700536996,162.2733350268498,180,2.6378896882494005,relaxed
n,1759570340.6907384,0.1511683464050293,0.2235608100891113,32.45466700536996,162.2733350268498,180,2.6378896882494005,relaxed
s,1759570340.8912308,0.1513402462005615,0.2006642818450927,32.45466700536996,162.2733350268498,180,2.6378896882494005,relaxed
Key.space,1759570341.153937,0.1520948410034179,0.2634611129760742,32.45466700536996,162.2733350268498,180,2.6378896882494005,relaxed
o,1759570342.0420048,0.1520631313323974,0.888035774230957,32.45466700536996,162.2733350268498,180,2.6378896882494005,relaxed
f,1759570342.2260163,0.1293063163757324,0.1612546443939209,32.45466700536996,162.2733350268498,180,2.6378896882494005,relaxed
Key.space,1759570342.3783114,0.1276311874389648,0.1506199836730957,32.45466700536996,162.2733350268498,180,2.6378896882494005,relaxed
Key.shift,1759570342.5697052,0.1760661602020263,0.2398288249969482,32.45466700536996,162.2733350268498,180,2.6378896882494005,relaxed
i,1759570342.9298842,0.1043097972869873,0.2801365852355957,32.45466700536996,162.2733350268498,180,2.6378896882494005,relaxed
g,1759570343.081957,0.0957458019256591,0.1435089111328125,32.45466700536996,162.2733350268498,180,2.6378896882494005,relaxed
Key.space,1759570343.2264757,0.112147569656372,0.1609203815460205,32.45466700536996,162.2733350268498,180,2.6378896882494005,relaxed
Key.shift,1759570343.7540648,0.1689381599426269,0.5843796730041504,32.45466700536996,162.2733350268498,180,2.6378896882494005,relaxed
o,1759570344.1224265,0.0797021389007568,0.255847692489624,32.45466700536996,162.2733350268498,180,2.6378896882494005,relaxed
s,1759570344.257925,0.0964429378509521,0.1522395610809326,32.45466700536996,162.2733350268498,180,2.6378896882494005,relaxed
s,1759570344.474331,0.0640695095062255,0.1840322017669677,32.45466700536996,162.2733350268498,180,2.6378896882494005,relaxed
",",1759570345.1302428,0.0635199546813964,0.655362606048584,32.45466700536996,162.2733350268498,180,2.6378896882494005,relaxed
Key.space,1759570345.3222628,0.1039142608642578,0.2324142456054687,32.45466700536996,162.2733350268498,180,2.6378896882494005,relaxed
o,1759570345.5701208,0.1359515190124511,0.2798953056335449,32.45466700536996,162.2733350268498,180,2.6378896882494005,relaxed
r,1759570345.713776,0.0894684791564941,0.0971722602844238,32.45466700536996,162.2733350268498,180,2.6378896882494005,relaxed
i,1759570345.9218318,0.112424612045288,0.2310118675231933,32.45466700536996,162.2733350268498,180,2.6378896882494005,relaxed
g,1759570346.106404,0.0722954273223877,0.1444430351257324,32.45466700536996,162.2733350268498,180,2.6378896882494005,relaxed
i,1759570346.2662685,0.104459524154663,0.1920282840728759,32.45466700536996,162.2733350268498,180,2.6378896882494005,relaxed
n,1759570346.4182458,0.1362586021423339,0.1837766170501709,32.45466700536996,162.2733350268498,180,2.6378896882494005,relaxed
a,1759570346.5620005,0.1362998485565185,0.1437957286834716,32.45466700536996,162.2733350268498,180,2.6378896882494005,relaxed
l,1759570346.762004,0.072746992111206,0.1364507675170898,32.45466700536996,162.2733350268498,180,2.6378896882494005,relaxed
l,1759570346.9302406,0.0960543155670166,0.1915440559387207,32.45466700536996,162.2733350268498,180,2.6378896882494005,relaxed
y,1759570347.434654,0.1038260459899902,0.5121850967407227,32.45466700536996,162.2733350268498,180,2.6378896882494005,relaxed
Key.space,1759570347.6979127,0.1448206901550293,0.304253339767456,32.45466700536996,162.2733350268498,180,2.6378896882494005,relaxed
k,1759570348.3221986,0.1195628643035888,0.5990281105041504,32.45466700536996,162.2733350268498,180,2.6378896882494005,relaxed
n,1759570348.529592,0.1288950443267822,0.2167255878448486,32.45466700536996,162.2733350268498,180,2.6378896882494005,relaxed
o,1759570348.7703154,0.1277720928192138,0.2396004199981689,32.45466700536996,162.2733350268498,180,2.6378896882494005,relaxed
w,1759570348.9309034,0.0954866409301757,0.1283025741577148,32.45466700536996,162.2733350268498,180,2.6378896882494005,relaxed
n,1759570349.050375,0.1118416786193847,0.1358265876770019,32.45466700536996,162.2733350268498,180,2.6378896882494005,relaxed
Key.space,1759570349.2900543,0.1279911994934082,0.255828857421875,32.45466700536996,162.2733350268498,180,2.6378896882494005,relaxed
a,1759570349.426469,0.1595525741577148,0.1679763793945312,32.45466700536996,162.2733350268498,180,2.6378896882494005,relaxed
s,1759570349.5222237,0.1440486907958984,0.0802502632141113,32.45466700536996,162.2733350268498,180,2.6378896882494005,relaxed
Key.space,1759570349.81029,0.1359312534332275,0.2799491882324219,32.45466700536996,162.2733350268498,180,2.6378896882494005,relaxed
Key.shift,1759570349.986005,0.2158520221710205,0.2556357383728027,32.45466700536996,162.2733350268498,180,2.6378896882494005,relaxed
n,1759570349.050375,1.2477872371673584,0.0963051319122314,32.45466700536996,162.2733350268498,180,2.6378896882494005,relaxed
a,1759570350.4102938,0.1599364280700683,0.2720680236816406,32.45466700536996,162.2733350268498,180,2.6378896882494005,relaxed
k,1759570350.6260228,0.1435379981994629,0.1993305683135986,32.45466700536996,162.2733350268498,180,2.6378896882494005,relaxed
e,1759570350.7379832,0.1360201835632324,0.1044425964355468,32.45466700536996,162.2733350268498,180,2.6378896882494005,relaxed
d,1759570350.906059,0.1120171546936035,0.1440727710723877,32.45466700536996,162.2733350268498,180,2.6378896882494005,relaxed
Key.space,1759570351.042121,0.0961706638336181,0.1202154159545898,32.45466700536996,162.2733350268498,180,2.6378896882494005,relaxed
Key.shift,1759570351.217989,0.2082622051239013,0.2879595756530761,32.45466700536996,162.2733350268498,180,2.6378896882494005,relaxed
s,1759570349.5222237,1.9606750011444087,0.0566473007202148,32.45466700536996,162.2733350268498,180,2.6378896882494005,relaxed
n,1759570351.4758315,0.1581387519836425,0.1510717868804931,32.45466700536996,162.2733350268498,180,2.6378896882494005,relaxed
a,1759570351.681906,0.1282031536102295,0.1761388778686523,32.45466700536996,162.2733350268498,180,2.6378896882494005,relaxed
k,1759570351.818129,0.1359081268310547,0.143928050994873,32.45466700536996,162.2733350268498,180,2.6378896882494005,relaxed
e,1759570351.9464438,0.0635573863983154,0.0559639930725097,32.45466700536996,162.2733350268498,180,2.6378896882494005,relaxed
Key.space,1759570352.7058775,0.1202301979064941,0.8161065578460693,32.45466700536996,162.2733350268498,180,2.6378896882494005,relaxed
",",1759570353.442803,0.0707104206085205,0.6874055862426758,32.45466700536996,162.2733350268498,180,2.6378896882494005,relaxed
Key.space,1759570353.6342745,0.1049134731292724,0.2256746292114257,32.45466700536996,162.2733350268498,180,2.6378896882494005,relaxed
a,1759570353.7621963,0.1438143253326416,0.1668226718902588,32.45466700536996,162.2733350268498,180,2.6378896882494005,relaxed
Key.space,1759570353.9303122,0.1594393253326416,0.1837408542633056,32.45466700536996,162.2733350268498,180,2.6378896882494005,relaxed
Key.shift,1759570354.4735985,0.2649667263031006,0.6488137245178223,32.45466700536996,162.2733350268498,180,2.6378896882494005,relaxed
o,1759570354.7782228,0.0718915462493896,0.0791025161743164,32.45466700536996,162.2733350268498,180,2.6378896882494005,relaxed
l,1759570354.994243,0.1037766933441162,0.2479052543640136,32.45466700536996,162.2733350268498,180,2.6378896882494005,relaxed
d,1759570355.0822277,0.1120786666870117,0.0962865352630615,32.45466700536996,162.2733350268498,180,2.6378896882494005,relaxed
Key.space,1759570355.330433,0.1116316318511962,0.247758150100708,32.45466700536996,162.2733350268498,180,2.6378896882494005,relaxed
Key.shift,1759570355.529902,0.3123366832733154,0.4001743793487549,32.45466700536996,162.2733350268498,180,2.6378896882494005,relaxed
a,1759570356.018177,0.1605122089385986,0.3126759529113769,32.45466700536996,162.2733350268498,180,2.6378896882494005,relaxed
r,1759570356.346064,0.0878570079803466,0.2552316188812256,32.45466700536996,162.2733350268498,180,2.6378896882494005,relaxed
-,1759570356.5782337,0.0799965858459472,0.2243094444274902,32.45466700536996,162.2733350268498,180,2.6378896882494005,relaxed
e,1759570356.8096712,0.1366987228393554,0.2881395816802978,32.45466700536996,162.2733350268498,180,2.6378896882494005,relaxed
r,1759570356.9861343,0.1280701160430908,0.1678345203399658,32.45466700536996,162.2733350268498,180,2.6378896882494005,relaxed
a,1759570357.2670746,0.1435186862945556,0.2963888645172119,32.45466700536996,162.2733350268498,180,2.6378896882494005,relaxed
Key.space,1759570359.6576655,0.1842985153198242,2.431370973587036,32.45466700536996,162.2733350268498,180,2.6378896882494005,relaxed
s,1759570362.8982325,0.1598825454711914,3.2161507606506348,32.45466700536996,162.2733350268498,180,2.6378896882494005,relaxed
o,1759570363.1388628,0.0877218246459961,0.1684696674346923,32.45466700536996,162.2733350268498,180,2.6378896882494005,relaxed
l,1759570363.3620667,0.1679491996765136,0.3034312725067138,32.45466700536996,162.2733350268498,180,2.6378896882494005,relaxed
d,1759570363.5861642,0.1279666423797607,0.184114933013916,32.45466700536996,162.2733350268498,180,2.6378896882494005,relaxed
i,1759570363.7862165,0.1277849674224853,0.1998705863952636,32.45466700536996,162.2733350268498,180,2.6378896882494005,relaxed
e,1759570363.9296236,0.1524779796600341,0.1681001186370849,32.45466700536996,162.2733350268498,180,2.6378896882494005,relaxed
r,1759570364.122102,0.1276450157165527,0.1676454544067382,32.45466700536996,162.2733350268498,180,2.6378896882494005,relaxed
Key.space,1759570364.8422468,0.1758825778961181,0.7683823108673096,32.45466700536996,162.2733350268498,180,2.6378896882494005,relaxed
w,1759570365.7462256,0.1362679004669189,0.8643641471862793,32.45466700536996,162.2733350268498,180,2.6378896882494005,relaxed
h,1759570365.962073,0.1041741371154785,0.1837539672851562,32.45466700536996,162.2733350268498,180,2.6378896882494005,relaxed
o,1759570366.186325,0.0797348022460937,0.1998124122619629,32.45466700536996,162.2733350268498,180,2.6378896882494005,relaxed
Key.space,1759570366.3785582,0.1435134410858154,0.2560117244720459,32.45466700536996,162.2733350268498,180,2.6378896882494005,relaxed
u,1759570366.6340876,0.135749340057373,0.247765302658081,32.45466700536996,162.2733350268498,180,2.6378896882494005,relaxed
n,1759570366.7621362,0.151761770248413,0.1440610885620117,32.45466700536996,162.2733350268498,180,2.6378896882494005,relaxed
d,1759570366.8909948,0.1271483898162841,0.1042451858520507,32.45466700536996,162.2733350268498,180,2.6378896882494005,relaxed
e,1759570366.9783025,0.1362392902374267,0.0963985919952392,32.45466700536996,162.2733350268498,180,2.6378896882494005,relaxed
r,1759570367.2822435,0.1515665054321289,0.3192682266235351,32.45466700536996,162.2733350268498,180,2.6378896882494005,relaxed
t,1759570367.906224,0.1197156906127929,0.5921297073364258,32.45466700536996,162.2733350268498,180,2.6378896882494005,relaxed
a,1759570368.130995,0.1428589820861816,0.2479143142700195,32.45466700536996,162.2733350268498,180,2.6378896882494005,relaxed
k,1759570368.3061063,0.1682229042053222,0.2004752159118652,32.45466700536996,162.2733350268498,180,2.6378896882494005,relaxed
e,1759570368.4502385,0.1282744407653808,0.1041836738586425,32.45466700536996,162.2733350268498,180,2.6378896882494005,relaxed
s,1759570368.77801,0.1441528797149658,0.3436501026153564,32.45466700536996,162.2733350268498,180,2.6378896882494005,relaxed
Key.space,1759570369.0577204,0.1844775676727295,0.3200349807739258,32.45466700536996,162.2733350268498,180,2.6378896882494005,relaxed
m,1759570369.6910062,0.1362333297729492,0.5850415229797363,32.45466700536996,162.2733350268498,180,2.6378896882494005,relaxed
i,1759570369.9062386,0.0956959724426269,0.1746950149536132,32.45466700536996,162.2733350268498,180,2.6378896882494005,relaxed
s,1759570370.0583372,0.1043207645416259,0.1607234477996826,32.45466700536996,162.2733350268498,180,2.6378896882494005,relaxed
s,1759570370.241977,0.0889787673950195,0.1682977676391601,32.45466700536996,162.2733350268498,180,2.6378896882494005,relaxed
i,1759570370.3858538,0.0965795516967773,0.151477575302124,32.45466700536996,162.2733350268498,180,2.6378896882494005,relaxed
o,1759570370.5865326,0.0795085430145263,0.183607816696167,32.45466700536996,162.2733350268498,180,2.6378896882494005,relaxed
n,1759570370.8019123,0.120232343673706,0.256103515625,32.45466700536996,162.2733350268498,180,2.6378896882494005,relaxed
s,1759570370.986613,0.1037971973419189,0.1682655811309814,32.45466700536996,162.2733350268498,180,2.6378896882494005,relaxed
Key.space,1759570371.0822532,0.1359834671020507,0.127826452255249,32.45466700536996,162.2733350268498,180,2.6378896882494005,relaxed
l,1759570371.611152,0.0873415470123291,0.4802567958831787,32.45466700536996,162.2733350268498,180,2.6378896882494005,relaxed
i,1759570371.8265574,0.1117494106292724,0.2398133277893066,32.45466700536996,162.2733350268498,180,2.6378896882494005,relaxed
k,1759570372.5618842,0.1122777462005615,0.7358551025390625,32.45466700536996,162.2733350268498,180,2.6378896882494005,relaxed
e,1759570372.7142384,0.11265230178833,0.152728796005249,32.45466700536996,162.2733350268498,180,2.6378896882494005,relaxed
Key.space,1759570372.8825872,0.1996510028839111,0.2553474903106689,32.45466700536996,162.2733350268498,180,2.6378896882494005,relaxed
t,1759570373.1861088,0.0956513881683349,0.1995220184326172,32.45466700536996,162.2733350268498,180,2.6378896882494005,relaxed
h,1759570373.354011,0.12868332862854,0.2009341716766357,32.45466700536996,162.2733350268498,180,2.6378896882494005,relaxed
e,1759570373.4742534,0.1197004318237304,0.1112594604492187,32.45466700536996,162.2733350268498,180,2.6378896882494005,relaxed
Key.space,1759570373.6257334,0.1522140502929687,0.1839935779571533,32.45466700536996,162.2733350268498,180,2.6378896882494005,relaxed
Key.shift,1759570373.882091,0.2720756530761719,0.3762192726135254,32.45466700536996,162.2733350268498,180,2.6378896882494005,relaxed
i,1759570374.4584584,0.1272516250610351,0.3919765949249267,32.45466700536996,162.2733350268498,180,2.6378896882494005,relaxed
t,1759570374.8822205,0.1600165367126464,0.4565269947052002,32.45466700536996,162.2733350268498,180,2.6378896882494005,relaxed
Key.backspace,1759570375.9622357,0.1762266159057617,1.0962252616882324,32.45466700536996,162.2733350268498,180,2.6378896882494005,relaxed
r,1759570376.2023127,0.1516685485839843,0.2155189514160156,32.45466700536996,162.2733350268498,180,2.6378896882494005,relaxed
t,1759570376.5622594,0.0796389579772949,0.2879171371459961,32.45466700536996,162.2733350268498,180,2.6378896882494005,relaxed
u,1759570376.8265183,0.0719599723815918,0.256580114364624,32.45466700536996,162.2733350268498,180,2.6378896882494005,relaxed
o,1759570377.0666716,0.0795247554779052,0.2477178573608398,32.45466700536996,162.2733350268498,180,2.6378896882494005,relaxed
u,1759570377.3296742,0.1363725662231445,0.3198504447937011,32.45466700536996,162.2733350268498,180,2.6378896882494005,relaxed
s,1759570377.5382383,0.1115381717681884,0.183729887008667,32.45466700536996,162.2733350268498,180,2.6378896882494005,relaxed
Key.space,1759570377.5942516,0.1365249156951904,0.0809998512268066,32.45466700536996,162.2733350268498,180,2.6378896882494005,relaxed
Key.shift,1759570379.8583207,0.1838150024414062,2.311359167098999,32.45466700536996,162.2733350268498,180,2.6378896882494005,relaxed
i,1759570380.2020676,0.0807640552520752,0.2008688449859619,32.45466700536996,162.2733350268498,180,2.6378896882494005,relaxed
s,1759570380.306112,0.0959396362304687,0.1192200183868408,32.45466700536996,162.2733350268498,180,2.6378896882494005,relaxed
s,1759570380.481761,0.0885336399078369,0.1682429313659668,32.45466700536996,162.2733350268498,180,2.6378896882494005,relaxed
i,1759570380.762047,0.0959665775299072,0.2877190113067627,32.45466700536996,162.2733350268498,180,2.6378896882494005,relaxed
o,1759570381.1542902,0.1203048229217529,0.416581392288208,32.45466700536996,162.2733350268498,180,2.6378896882494005,relaxed
n,1759570381.721774,0.087909460067749,0.5350885391235352,32.45466700536996,162.2733350268498,180,2.6378896882494005,relaxed
Key.space,1759570381.9388723,0.135134220123291,0.2643229961395263,32.45466700536996,162.2733350268498,180,2.6378896882494005,relaxed
a,1759570382.0418346,0.1600890159606933,0.1279170513153076,32.45466700536996,162.2733350268498,180,2.6378896882494005,relaxed
n,1759570382.2662811,0.1196601390838623,0.1840176582336425,32.45466700536996,162.2733350268498,180,2.6378896882494005,relaxed
d,1759570382.7702649,0.1357431411743164,0.5200667381286621,32.45466700536996,162.2733350268498,180,2.6378896882494005,relaxed
Key.space,1759570382.9619052,0.1520490646362304,0.2079463005065918,32.45466700536996,162.2733350268498,180,2.6378896882494005,relaxed
t,1759570383.610249,0.0797407627105712,0.5760354995727539,32.45466700536996,162.2733350268498,180,2.6378896882494005,relaxed
h,1759570383.7302222,0.1356511116027832,0.1758835315704345,32.45466700536996,162.2733350268498,180,2.6378896882494005,relaxed
e,1759570383.858155,0.1043784618377685,0.0966601371765136,32.45466700536996,162.2733350268498,180,2.6378896882494005,relaxed
Key.space,1759570384.001946,0.1368556022644043,0.1762681007385254,32.45466700536996,162.2733350268498,180,2.6378896882494005,relaxed
s,1759570384.4499636,0.0803079605102539,0.3914699554443359,32.45466700536996,162.2733350268498,180,2.6378896882494005,relaxed
u,1759570384.6741586,0.1117928028106689,0.2556798458099365,32.45466700536996,162.2733350268498,180,2.6378896882494005,relaxed
b,1759570385.282473,0.1515357494354248,0.6480576992034912,32.45466700536996,162.2733350268498,180,2.6378896882494005,relaxed
s,1759570385.7703116,0.1678574085235595,0.5041599273681641,32.45466700536996,162.2733350268498,180,2.6378896882494005,relaxed
e,1759570386.017791,0.1288979053497314,0.2085199356079101,32.45466700536996,162.2733350268498,180,2.6378896882494005,relaxed
q,1759570386.3380728,0.1442923545837402,0.3356761932373047,32.45466700536996,162.2733350268498,180,2.6378896882494005,relaxed
u,1759570388.3700132,0.1443691253662109,2.032017230987549,32.45466700536996,162.2733350268498,180,2.6378896882494005,relaxed
e,1759570388.561943,0.135979413986206,0.1835401058197021,32.45466700536996,162.2733350268498,180,2.6378896882494005,relaxed
n,1759570388.6902213,0.1520109176635742,0.1443097591400146,32.45466700536996,162.2733350268498,180,2.6378896882494005,relaxed
t,1759570388.9219182,0.1605675220489502,0.2402534484863281,32.45466700536996,162.2733350268498,180,2.6378896882494005,relaxed
Key.space,1759570389.7862756,0.1914761066436767,0.895266056060791,32.45466700536996,162.2733350268498,180,2.6378896882494005,relaxed
d,1759570390.0662682,0.1517467498779297,0.2402632236480713,32.45466700536996,162.2733350268498,180,2.6378896882494005,relaxed
e,1759570390.1780293,0.1360845565795898,0.0960988998413086,32.45466700536996,162.2733350268498,180,2.6378896882494005,relaxed
f,1759570390.3940055,0.1522467136383056,0.2321383953094482,32.45466700536996,162.2733350268498,180,2.6378896882494005,relaxed
e,1759570390.649886,0.1677494049072265,0.2713830471038818,32.45466700536996,162.2733350268498,180,2.6378896882494005,relaxed
a,1759570390.8821564,0.1280426979064941,0.192563772201538,32.45466700536996,162.2733350268498,180,2.6378896882494005,relaxed
t,1759570391.2264342,0.0397002696990966,0.2559354305267334,32.45466700536996,162.2733350268498,180,2.6378896882494005,relaxed
Key.space,1759570391.626372,0.1757075786590576,0.535944938659668,32.45466700536996,162.2733350268498,180,2.6378896882494005,relaxed
o,1759570392.2819042,0.1524786949157714,0.6323034763336182,32.45466700536996,162.2733350268498,180,2.6378896882494005,relaxed
f,1759570392.4581428,0.1278252601623535,0.1515851020812988,32.45466700536996,162.2733350268498,180,2.6378896882494005,relaxed
Key.space,1759570392.6186788,0.2076654434204101,0.2403762340545654,32.45466700536996,162.2733350268498,180,2.6378896882494005,relaxed
h,1759570392.9545918,0.1117820739746093,0.2400295734405517,32.45466700536996,162.2733350268498,180,2.6378896882494005,relaxed
i,1759570393.217986,0.1360857486724853,0.2876977920532226,32.45466700536996,162.2733350268498,180,2.6378896882494005,relaxed
s,1759570393.6978185,0.1205697059631347,0.4643166065216064,32.45466700536996,162.2733350268498,180,2.6378896882494005,relaxed
Key.space,1759570394.025916,0.1680796146392822,0.3756072521209717,32.45466700536996,162.2733350268498,180,2.6378896882494005,relaxed
m,1759570394.4828355,0.159006118774414,0.4478461742401123,32.45466700536996,162.2733350268498,180,2.6378896882494005,relaxed
e,1759570394.5945368,0.1437165737152099,0.0964117050170898,32.45466700536996,162.2733350268498,180,2.6378896882494005,relaxed
n,1759570394.7780566,0.1514532566070556,0.1912565231323242,32.45466700536996,162.2733350268498,180,2.6378896882494005,relaxed
t,1759570394.986377,0.0719897747039794,0.1288568973541259,32.45466700536996,162.2733350268498,180,2.6378896882494005,relaxed
o,1759570395.138004,0.1364822387695312,0.2161195278167724,32.45466700536996,162.2733350268498,180,2.6378896882494005,relaxed
r,1759570395.2820196,0.0800645351409912,0.0875978469848632,32.45466700536996,162.2733350268498,180,2.6378896882494005,relaxed
Key.space,1759570395.4736557,0.1123132705688476,0.2238845825195312,32.45466700536996,162.2733350268498,180,2.6378896882494005,relaxed
a,1759570397.4186163,0.1353261470794677,1.9679739475250244,32.45466700536996,162.2733350268498,180,2.6378896882494005,relaxed
n,1759570397.63391,0.1450870037078857,0.2250542640686035,32.45466700536996,162.2733350268498,180,2.6378896882494005,relaxed
d,1759570398.3219745,0.1122174263000488,0.6551947593688965,32.45466700536996,162.2733350268498,180,2.6378896882494005,relaxed
Key.space,1759570398.490031,0.1441531181335449,0.1999924182891845,32.45466700536996,162.2733350268498,180,2.6378896882494005,relaxed
m,1759570398.8264594,0.0955727100372314,0.2878479957580566,32.45466700536996,162.2733350268498,180,2.6378896882494005,relaxed
o,1759570399.073993,0.1600129604339599,0.3119738101959228,32.45466700536996,162.2733350268498,180,2.6378896882494005,relaxed
t,1759570399.2588513,0.087033987045288,0.1118793487548828,32.45466700536996,162.2733350268498,180,2.6378896882494005,relaxed
h,1759570399.5063634,0.1676416397094726,0.3281197547912597,32.45466700536996,162.2733350268498,180,2.6378896882494005,relaxed
e,1759570399.6495323,0.1447973251342773,0.1203246116638183,32.45466700536996,162.2733350268498,180,2.6378896882494005,relaxed
r,1759570399.8430614,0.1111602783203125,0.1598920822143554,32.45466700536996,162.2733350268498,180,2.6378896882494005,relaxed
Key.space,1759570400.010245,0.1751976013183593,0.2312211990356445,32.45466700536996,162.2733350268498,180,2.6378896882494005,relaxed
f,1759570400.4181814,0.0875122547149658,0.3202507495880127,32.45466700536996,162.2733350268498,180,2.6378896882494005,relaxed
i,1759570400.626008,0.1283838748931884,0.2486982345581054,32.45466700536996,162.2733350268498,180,2.6378896882494005,relaxed
g,1759570400.8178349,0.135728120803833,0.1991710662841797,32.45466700536996,162.2733350268498,180,2.6378896882494005,relaxed
u,1759570401.2744048,0.1516511440277099,0.4724929332733154,32.45466700536996,162.2733350268498,180,2.6378896882494005,relaxed
r,1759570401.386493,0.1598739624023437,0.1203110218048095,32.45466700536996,162.2733350268498,180,2.6378896882494005,relaxed
e,1759570401.5386164,0.1366214752197265,0.1288709640502929,32.45466700536996,162.2733350268498,180,2.6378896882494005,relaxed
",",1759570403.410361,0.08795166015625,1.8230748176574707,32.45466700536996,162.2733350268498,180,2.6378896882494005,relaxed
Key.space,1759570403.6178882,0.1284079551696777,0.2479834556579589,32.45466700536996,162.2733350268498,180,2.6378896882494005,relaxed
Key.shift,1759570403.8659492,0.2002871036529541,0.3199400901794433,32.45466700536996,162.2733350268498,180,2.6378896882494005,relaxed
h,1759570404.2666526,0.0952799320220947,0.2474219799041748,32.45466700536996,162.2733350268498,180,2.6378896882494005,relaxed
e,1759570404.394508,0.0877244472503662,0.1202998161315918,32.45466700536996,162.2733350268498,180,2.6378896882494005,relaxed
Key.space,1759570404.5140042,0.1681811809539795,0.1999530792236328,32.45466700536996,162.2733350268498,180,2.6378896882494005,relaxed
Key.shift,1759570404.9380286,0.4640543460845947,0.7198975086212158,32.45466700536996,162.2733350268498,180,2.6378896882494005,relaxed
o,1759570405.6263578,0.0717959403991699,0.2713568210601806,32.45466700536996,162.2733350268498,180,2.6378896882494005,relaxed
s,1759570405.745661,0.0810787677764892,0.1285860538482666,32.45466700536996,162.2733350268498,180,2.6378896882494005,relaxed
s,1759570405.9382854,0.0801160335540771,0.1916615962982177,32.45466700536996,162.2733350268498,180,2.6378896882494005,relaxed
Key.space,1759570406.1542022,0.1199057102203369,0.2557065486907959,32.45466700536996,162.2733350268498,180,2.6378896882494005,relaxed
i,1759570407.2112126,0.1027638912200927,1.0398685932159424,32.45466700536996,162.2733350268498,180,2.6378896882494005,relaxed
n,1759570407.3702984,0.1039602756500244,0.1602821350097656,32.45466700536996,162.2733350268498,180,2.6378896882494005,relaxed
Key.space,1759570407.5541406,0.1440112590789795,0.2238931655883789,32.45466700536996,162.2733350268498,180,2.6378896882494005,relaxed
1,1759570407.7226052,0.1680083274841308,0.1924617290496826,32.45466700536996,162.2733350268498,180,2.6378896882494005,relaxed
9,1759570408.226456,0.1115481853485107,0.4473905563354492,32.45466700536996,162.2733350268498,180,2.6378896882494005,relaxed
6,1759570409.5463648,0.0956614017486572,1.3040220737457275,32.45466700536996,162.2733350268498,180,2.6378896882494005,relaxed
3,1759570409.730032,0.0795583724975586,0.1675641536712646,32.45466700536996,162.2733350268498,180,2.6378896882494005,relaxed
",",1759570410.4345267,0.1116600036621093,0.7365963459014893,32.45466700536996,162.2733350268498,180,2.6378896882494005,relaxed
Key.backspace,1759570411.0178778,0.103874921798706,0.5755660533905029,32.45466700536996,162.2733350268498,180,2.6378896882494005,relaxed
.,1759570411.2980037,0.0962998867034912,0.2725508213043213,32.45466700536996,162.2733350268498,180,2.6378896882494005,relaxed
Key.shift,1759570411.4743583,0.3121483325958252,0.3922030925750732,32.45466700536996,162.2733350268498,180,2.6378896882494005,relaxed
i,1759570411.9938862,0.0801746845245361,0.2397570610046386,32.45466700536996,162.2733350268498,180,2.6378896882494005,relaxed
s,1759570412.1789434,0.1353907585144043,0.2402732372283935,32.45466700536996,162.2733350268498,180,2.6378896882494005,relaxed
Key.space,1759570412.3540485,0.1360087394714355,0.1757228374481201,32.45466700536996,162.2733350268498,180,2.6378896882494005,relaxed
h,1759570413.225876,0.0727930068969726,0.8086118698120117,32.45466700536996,162.2733350268498,180,2.6378896882494005,relaxed
Key.backspace,1759570413.68185,0.096524953842163,0.4797060489654541,32.45466700536996,162.2733350268498,180,2.6378896882494005,relaxed
j,1759570413.970387,0.0957188606262207,0.2877309322357178,32.45466700536996,162.2733350268498,180,2.6378896882494005,relaxed
o,1759570414.177845,0.0964393615722656,0.2081785202026367,32.45466700536996,162.2733350268498,180,2.6378896882494005,relaxed
u,1759570414.4421473,0.1196715831756591,0.2875344753265381,32.45466700536996,162.2733350268498,180,2.6378896882494005,relaxed
r,1759570414.7139966,0.1361341476440429,0.2883119583129883,32.45466700536996,162.2733350268498,180,2.6378896882494005,relaxed
n,1759570414.891049,0.1748683452606201,0.2157864570617675,32.45466700536996,162.2733350268498,180,2.6378896882494005,relaxed
e,1759570415.034667,0.1114594936370849,0.0802092552185058,32.45466700536996,162.2733350268498,180,2.6378896882494005,relaxed
y,1759570415.3063383,0.0876150131225586,0.2478268146514892,32.45466700536996,162.2733350268498,180,2.6378896882494005,relaxed
Key.space,1759570415.530152,0.0956883430480957,0.2318871021270752,32.45466700536996,162.2733350268498,180,2.6378896882494005,relaxed
l,1759570417.658543,0.1276211738586425,2.1603240966796875,32.45466700536996,162.2733350268498,180,2.6378896882494005,relaxed
a,1759570417.7701156,0.1678996086120605,0.1518507003784179,32.45466700536996,162.2733350268498,180,2.6378896882494005,relaxed
y,1759570418.009845,0.1127350330352783,0.1845648288726806,32.45466700536996,162.2733350268498,180,2.6378896882494005,relaxed
s,1759570418.16222,0.1275091171264648,0.1671490669250488,32.45466700536996,162.2733350268498,180,2.6378896882494005,relaxed
Key.space,1759570418.3295107,0.1438000202178955,0.1835815906524658,32.45466700536996,162.2733350268498,180,2.6378896882494005,relaxed
t,1759570418.9217446,0.0722458362579345,0.5206797122955322,32.45466700536996,162.2733350268498,180,2.6378896882494005,relaxed
h,1759570419.02622,0.1438624858856201,0.1760921478271484,32.45466700536996,162.2733350268498,180,2.6378896882494005,relaxed
e,1759570419.177563,0.1362855434417724,0.1437659263610839,32.45466700536996,162.2733350268498,180,2.6378896882494005,relaxed
Key.space,1759570419.354056,0.1598200798034668,0.2000274658203125,32.45466700536996,162.2733350268498,180,2.6378896882494005,relaxed
g,1759570419.6420252,0.1443574428558349,0.2725067138671875,32.45466700536996,162.2733350268498,180,2.6378896882494005,relaxed
r,1759570419.7943733,0.1115086078643798,0.1194992065429687,32.45466700536996,162.2733350268498,180,2.6378896882494005,relaxed
o,1759570419.9551997,0.1378242969512939,0.1871421337127685,32.45466700536996,162.2733350268498,180,2.6378896882494005,relaxed
u,1759570420.2420287,0.1363253593444824,0.285330057144165,32.45466700536996,162.2733350268498,180,2.6378896882494005,relaxed
n,1759570420.426267,0.1279637813568115,0.1758766174316406,32.45466700536996,162.2733350268498,180,2.6378896882494005,relaxed
d,1759570420.4498875,0.1201131343841552,0.0157699584960937,32.45466700536996,162.2733350268498,180,2.6378896882494005,relaxed
w,1759570421.1462114,0.1440639495849609,0.7202746868133545,32.45466700536996,162.2733350268498,180,2.6378896882494005,relaxed
o,1759570421.3222258,0.1196069717407226,0.151557445526123,32.45466700536996,162.2733350268498,180,2.6378896882494005,relaxed
r,1759570421.4342756,0.0885722637176513,0.0810151100158691,32.45466700536996,162.2733350268498,180,2.6378896882494005,relaxed
k,1759570421.681964,0.1284525394439697,0.2875685691833496,32.45466700536996,162.2733350268498,180,2.6378896882494005,relaxed
Key.space,1759570422.0983543,0.1518170833587646,0.4397549629211426,32.45466700536996,162.2733350268498,180,2.6378896882494005,relaxed
f,1759570422.4498286,0.1839919090270996,0.3836491107940674,32.45466700536996,162.2733350268498,180,2.6378896882494005,relaxed
o,1759570422.60953,0.1608729362487793,0.1365823745727539,32.45466700536996,162.2733350268498,180,2.6378896882494005,relaxed
r,1759570422.7623982,0.1039466857910156,0.0959420204162597,32.45466700536996,162.2733350268498,180,2.6378896882494005,relaxed
Key.space,1759570422.9619713,0.1601250171661377,0.255751371383667,32.45466700536996,162.2733350268498,180,2.6378896882494005,relaxed
t,1759570423.0981426,0.127800703048706,0.1038470268249511,32.45466700536996,162.2733350268498,180,2.6378896882494005,relaxed
h,1759570423.3782372,0.1923904418945312,0.344684362411499,32.45466700536996,162.2733350268498,180,2.6378896882494005,relaxed
e,1759570423.5731685,0.1250669956207275,0.1276075839996338,32.45466700536996,162.2733350268498,180,2.6378896882494005,relaxed
Key.space,1759570424.2424517,0.1917073726654052,0.7359237670898438,32.45466700536996,162.2733350268498,180,2.6378896882494005,relaxed
e,1759570424.5543945,0.1208941936492919,0.2411296367645263,32.45466700536996,162.2733350268498,180,2.6378896882494005,relaxed
s,1759570424.8022182,0.1196804046630859,0.2466099262237548,32.45466700536996,162.2733350268498,180,2.6378896882494005,relaxed
t,1759570425.0738022,0.0883562564849853,0.2402598857879638,32.45466700536996,162.2733350268498,180,2.6378896882494005,relaxed
a,1759570425.2825868,0.1199932098388671,0.2404215335845947,32.45466700536996,162.2733350268498,180,2.6378896882494005,relaxed
b,1759570425.426148,0.0957725048065185,0.1193404197692871,32.45466700536996,162.2733350268498,180,2.6378896882494005,relaxed
l,1759570425.698729,0.0959579944610595,0.2727665901184082,32.45466700536996,162.2733350268498,180,2.6378896882494005,relaxed
i,1759570425.930588,0.1199281215667724,0.2558290958404541,32.45466700536996,162.2733350268498,180,2.6378896882494005,relaxed
s,1759570426.1218102,0.1527063846588134,0.2240004539489746,32.45466700536996,162.2733350268498,180,2.6378896882494005,relaxed
h,1759570426.2820666,0.0639376640319824,0.0714876651763916,32.45466700536996,162.2733350268498,180,2.6378896882494005,relaxed
m,1759570426.5063903,0.1433916091918945,0.3037776947021484,32.45466700536996,162.2733350268498,180,2.6378896882494005,relaxed
e,1759570426.634607,0.1677608489990234,0.1525859832763672,32.45466700536996,162.2733350268498,180,2.6378896882494005,relaxed
n,1759570426.8103426,0.1840541362762451,0.1920287609100341,32.45466700536996,162.2733350268498,180,2.6378896882494005,relaxed
t,1759570427.106012,0.1133251190185546,0.2249402999877929,32.45466700536996,162.2733350268498,180,2.6378896882494005,relaxed
Key.space,1759570427.4186528,0.175882339477539,0.3751981258392334,32.45466700536996,162.2733350268498,180,2.6378896882494005,relaxed
o,1759570428.018545,0.1279430389404297,0.551952600479126,32.45466700536996,162.2733350268498,180,2.6378896882494005,relaxed
f,1759570428.274094,0.1038906574249267,0.2314968109130859,32.45466700536996,162.2733350268498,180,2.6378896882494005,relaxed
Key.space,1759570428.4021928,0.1759896278381347,0.2001979351043701,32.45466700536996,162.2733350268498,180,2.6378896882494005,relaxed
m,1759570428.665892,0.1524834632873535,0.2401931285858154,32.45466700536996,162.2733350268498,180,2.6378896882494005,relaxed
e,1759570428.7777753,0.1685018539428711,0.127901554107666,32.45466700536996,162.2733350268498,180,2.6378896882494005,relaxed
r,1759570428.9541085,0.0958485603332519,0.1036798954010009,32.45466700536996,162.2733350268498,180,2.6378896882494005,relaxed
c,1759570429.2182014,0.1605684757232666,0.328812837600708,32.45466700536996,162.2733350268498,180,2.6378896882494005,relaxed
e,1759570429.410214,0.104999303817749,0.1364433765411377,32.45466700536996,162.2733350268498,180,2.6378896882494005,relaxed
n,1759570429.666094,0.176156997680664,0.3270378112792969,32.45466700536996,162.2733350268498,180,2.6378896882494005,relaxed
a,1759570429.8337426,0.1681857109069824,0.1596772670745849,32.45466700536996,162.2733350268498,180,2.6378896882494005,relaxed
r,1759570430.8266745,0.103564977645874,0.9283111095428468,32.45466700536996,162.2733350268498,180,2.6378896882494005,relaxed
y,1759570431.2022395,0.1276192665100097,0.3996193408966064,32.45466700536996,162.2733350268498,180,2.6378896882494005,relaxed
Key.space,1759570431.7779834,0.1916835308074951,0.639808177947998,32.45466700536996,162.2733350268498,180,2.6378896882494005,relaxed
g,1759570432.2271152,0.1107347011566162,0.368182897567749,32.45466700536996,162.2733350268498,180,2.6378896882494005,relaxed
r,1759570432.5629146,0.1032075881958007,0.3282723426818847,32.45466700536996,162.2733350268498,180,2.6378896882494005,relaxed
o,1759570433.2345011,0.0873913764953613,0.6557703018188477,32.45466700536996,162.2733350268498,180,2.6378896882494005,relaxed
u,1759570433.8747184,0.0875289440155029,0.6403548717498779,32.45466700536996,162.2733350268498,180,2.6378896882494005,relaxed
p,1759570434.90599,0.0958664417266845,1.0396089553833008,32.45466700536996,162.2733350268498,180,2.6378896882494005,relaxed
s,1759570435.2339983,0.128206729888916,0.3603489398956299,32.45466700536996,162.2733350268498,180,2.6378896882494005,relaxed
Key.space,1759570435.498213,0.1999995708465576,0.3360073566436767,32.45466700536996,162.2733350268498,180,2.6378896882494005,relaxed
a,1759570435.7466035,0.1671981811523437,0.2155890464782714,32.45466700536996,162.2733350268498,180,2.6378896882494005,relaxed
d,1759570435.9465146,0.1283669471740722,0.1610798835754394,32.45466700536996,162.2733350268498,180,2.6378896882494005,relaxed
n,1759570435.9781485,0.1599421501159668,0.063209056854248,32.45466700536996,162.2733350268498,180,2.6378896882494005,relaxed
Key.space,1759570436.234212,0.1677753925323486,0.2638967037200928,32.45466700536996,162.2733350268498,180,2.6378896882494005,relaxed
t,1759570436.922169,0.13641357421875,0.6565952301025391,32.45466700536996,162.2733350268498,180,2.6378896882494005,relaxed
h,1759570437.1139898,0.1760830879211425,0.2314903736114502,32.45466700536996,162.2733350268498,180,2.6378896882494005,relaxed
e,1759570437.2981625,0.1440396308898925,0.1521291732788086,32.45466700536996,162.2733350268498,180,2.6378896882494005,relaxed
Key.space,1759570437.4665573,0.1436593532562255,0.1680145263671875,32.45466700536996,162.2733350268498,180,2.6378896882494005,relaxed
i,1759570438.7785227,0.1516153812408447,1.3199214935302734,32.45466700536996,162.2733350268498,180,2.6378896882494005,relaxed
d,1759570438.9227571,0.095240831375122,0.0878598690032959,32.45466700536996,162.2733350268498,180,2.6378896882494005,relaxed
e,1759570438.9860492,0.1279635429382324,0.0960147380828857,32.45466700536996,162.2733350268498,180,2.6378896882494005,relaxed
o,1759570439.8182504,0.0717618465423584,0.7759995460510254,32.45466700536996,162.2733350268498,180,2.6378896882494005,relaxed
l,1759570440.6101508,0.0810694694519043,0.8012080192565918,32.45466700536996,162.2733350268498,180,2.6378896882494005,relaxed
o,1759570441.7783642,0.1196968555450439,1.206840753555298,32.45466700536996,162.2733350268498,180,2.6378896882494005,relaxed
g,1759570442.106377,0.0878472328186035,0.2961630821228027,32.45466700536996,162.2733350268498,180,2.6378896882494005,relaxed
i,1759570442.2898967,0.0958094596862793,0.1914820671081543,32.45466700536996,162.2733350268498,180,2.6378896882494005,relaxed
e,1759570442.4022417,0.1442632675170898,0.1607987880706787,32.45466700536996,162.2733350268498,180,2.6378896882494005,relaxed
s,1759570442.698106,0.1278944015502929,0.2794954776763916,32.45466700536996,162.2733350268498,180,2.6378896882494005,relaxed
Key.space,1759570442.9703565,0.1360340118408203,0.2803900241851806,32.45466700536996,162.2733350268498,180,2.6378896882494005,relaxed
t,1759570444.4263833,0.1114988327026367,1.4314916133880615,32.45466700536996,162.2733350268498,180,2.6378896882494005,relaxed
h,1759570444.642714,0.120455265045166,0.2252871990203857,32.45466700536996,162.2733350268498,180,2.6378896882494005,relaxed
a,1759570444.721912,0.1522986888885498,0.1110415458679199,32.45466700536996,162.2733350268498,180,2.6378896882494005,relaxed
t,1759570445.0022235,0.1044638156890869,0.2324767112731933,32.45466700536996,162.2733350268498,180,2.6378896882494005,relaxed
Key.space,1759570445.1939504,0.1517174243927002,0.2389802932739257,32.45466700536996,162.2733350268498,180,2.6378896882494005,relaxed
f,1759570445.4739869,0.1682567596435547,0.2965757846832275,32.45466700536996,162.2733350268498,180,2.6378896882494005,relaxed
u,1759570445.6663735,0.1278812885284423,0.1520113945007324,32.45466700536996,162.2733350268498,180,2.6378896882494005,relaxed
e,1759570445.7862349,0.1276216506958007,0.1196014881134033,32.45466700536996,162.2733350268498,180,2.6378896882494005,relaxed
l,1759570445.9867887,0.1361417770385742,0.2090740203857422,32.45466700536996,162.2733350268498,180,2.6378896882494005,relaxed
Key.space,1759570446.3142023,0.1204833984375,0.3117554187774658,32.45466700536996,162.2733350268498,180,2.6378896882494005,relaxed
f,1759570447.4901235,0.1836464405059814,1.239084243774414,32.45466700536996,162.2733350268498,180,2.6378896882494005,relaxed
u,1759570447.9626646,0.0871872901916503,0.3760817050933838,32.45466700536996,162.2733350268498,180,2.6378896882494005,relaxed
t,1759570448.2592156,0.1272401809692382,0.3366038799285888,32.45466700536996,162.2733350268498,180,2.6378896882494005,relaxed
u,1759570448.4427707,0.1437134742736816,0.2000284194946289,32.45466700536996,162.2733350268498,180,2.6378896882494005,relaxed
r,1759570448.6344976,0.1758785247802734,0.2238919734954834,32.45466700536996,162.2733350268498,180,2.6378896882494005,relaxed
e,1759570448.7947943,0.1113824844360351,0.0958006381988525,32.45466700536996,162.2733350268498,180,2.6378896882494005,relaxed
Key.space,1759570448.9139493,0.1359930038452148,0.1437654495239257,32.45466700536996,162.2733350268498,180,2.6378896882494005,relaxed
c,1759570449.0902436,0.1609294414520263,0.201230764389038,32.45466700536996,162.2733350268498,180,2.6378896882494005,relaxed
o,1759570449.282173,0.1442189216613769,0.1752185821533203,32.45466700536996,162.2733350268498,180,2.6378896882494005,relaxed
n,1759570449.5699756,0.1277611255645752,0.2713451385498047,32.45466700536996,162.2733350268498,180,2.6378896882494005,relaxed
f,1759570450.2182295,0.0880537033081054,0.6085464954376221,32.45466700536996,162.2733350268498,180,2.6378896882494005,relaxed
l,1759570450.37018,0.1198909282684326,0.1837878227233886,32.45466700536996,162.2733350268498,180,2.6378896882494005,relaxed
i,1759570450.617841,0.1365048885345459,0.2642748355865478,32.45466700536996,162.2733350268498,180,2.6378896882494005,relaxed
c,1759570450.7385674,0.1596198081970214,0.14384126663208,32.45466700536996,162.2733350268498,180,2.6378896882494005,relaxed
t,1759570451.0819693,0.1362538337707519,0.3200359344482422,32.45466700536996,162.2733350268498,180,2.6378896882494005,relaxed
s,1759570451.4819849,0.104365587234497,0.3681273460388183,32.45466700536996,162.2733350268498,180,2.6378896882494005,relaxed
Key.space,1759570451.7062006,0.1918113231658935,0.3116614818572998,32.45466700536996,162.2733350268498,180,2.6378896882494005,relaxed
Key.backspace,1759570454.074042,0.095407485961914,2.271437644958496,32.45466700536996,162.2733350268498,180,2.6378896882494005,relaxed
Key.right,1759570454.5462203,0.0879766941070556,0.464747667312622,32.45466700536996,162.2733350268498,180,2.6378896882494005,relaxed
Key.shift,1759570454.7873354,0.1828579902648925,0.335996150970459,32.45466700536996,162.2733350268498,180,2.6378896882494005,relaxed
n,1759570455.1227703,0.111440896987915,0.20003342628479,32.45466700536996,162.2733350268498,180,2.6378896882494005,relaxed
t,1759570455.3464954,0.1194269657135009,0.2317109107971191,32.45466700536996,162.2733350268498,180,2.6378896882494005,relaxed
Key.space,1759570455.4734883,0.1367535591125488,0.1443195343017578,32.45466700536996,162.2733350268498,180,2.6378896882494005,relaxed
h,1759570455.7136967,0.1526494026184082,0.2561042308807373,32.45466700536996,162.2733350268498,180,2.6378896882494005,relaxed
e,1759570455.8901734,0.088716983795166,0.112544298171997,32.45466700536996,162.2733350268498,180,2.6378896882494005,relaxed
Key.space,1759570456.0824642,0.1199309825897216,0.2235047817230224,32.45466700536996,162.2733350268498,180,2.6378896882494005,relaxed
1,1759570457.1950357,0.1590921878814697,1.1517324447631836,32.45466700536996,162.2733350268498,180,2.6378896882494005,relaxed
9,1759570457.4979942,0.136115550994873,0.2799820899963379,32.45466700536996,162.2733350268498,180,2.6378896882494005,relaxed
7,1759570458.5703907,0.1116969585418701,1.0479779243469238,32.45466700536996,162.2733350268498,180,2.6378896882494005,relaxed
-,1759570458.9381874,0.1198062896728515,0.3759059906005859,32.45466700536996,162.2733350268498,180,2.6378896882494005,relaxed
s,1759570459.1542425,0.152444839477539,0.2486934661865234,32.45466700536996,162.2733350268498,180,2.6378896882494005,relaxed
Key.space,1759570459.594225,0.1194186210632324,0.4069564342498779,32.45466700536996,162.2733350268498,180,2.6378896882494005,relaxed
Key.backspace,1759570460.4587617,0.11944580078125,0.8645639419555664,32.45466700536996,162.2733350268498,180,2.6378896882494005,relaxed
Key.backspace,1759570460.6982174,0.0796191692352294,0.1996290683746338,32.45466700536996,162.2733350268498,180,2.6378896882494005,relaxed
Key.backspace,1759570460.866224,0.1279804706573486,0.2163679599761963,32.45466700536996,162.2733350268498,180,2.6378896882494005,relaxed
0,1759570461.393791,0.0967497825622558,0.4963362216949463,32.45466700536996,162.2733350268498,180,2.6378896882494005,relaxed
s,1759570461.5460424,0.1281394958496093,0.1836411952972412,32.45466700536996,162.2733350268498,180,2.6378896882494005,relaxed
Key.space,1759570461.778936,0.1352882385253906,0.2400422096252441,32.45466700536996,162.2733350268498,180,2.6378896882494005,relaxed
a,1759570461.9543164,0.1443290710449218,0.1844213008880615,32.45466700536996,162.2733350268498,180,2.6378896882494005,relaxed
b,1759570462.4659977,0.1674599647521972,0.5348119735717773,32.45466700536996,162.2733350268498,180,2.6378896882494005,relaxed
d,1759570462.6267035,0.1200761795043945,0.1133222579956054,32.45466700536996,162.2733350268498,180,2.6378896882494005,relaxed
Key.space,1759570462.731047,0.1752059459686279,0.159473180770874,32.45466700536996,162.2733350268498,180,2.6378896882494005,relaxed
1,1759570463.2662537,0.1273267269134521,0.4873273372650146,32.45466700536996,162.2733350268498,180,2.6378896882494005,relaxed
9,1759570463.626531,0.1203117370605468,0.3532624244689941,32.45466700536996,162.2733350268498,180,2.6378896882494005,relaxed
8,1759570464.1858745,0.0800495147705078,0.5190813541412354,32.45466700536996,162.2733350268498,180,2.6378896882494005,relaxed
0,1759570464.4265409,0.1041285991668701,0.2647454738616943,32.45466700536996,162.2733350268498,180,2.6378896882494005,relaxed
s,1759570464.5942264,0.1516590118408203,0.2152159214019775,32.45466700536996,162.2733350268498,180,2.6378896882494005,relaxed
Key.space,1759570464.8977878,0.1443431377410888,0.2962455749511719,32.45466700536996,162.2733350268498,180,2.6378896882494005,relaxed
",",1759570465.810014,0.0965278148651123,0.8644108772277832,32.45466700536996,162.2733350268498,180,2.6378896882494005,relaxed
Key.space,1759570466.8421605,0.1602416038513183,1.095860242843628,32.45466700536996,162.2733350268498,180,2.6378896882494005,relaxed
Key.shift,1759570466.8397555,0.1783292293548584,0.0156826972961425,32.45466700536996,162.2733350268498,180,2.6378896882494005,relaxed
b,1759570467.225858,0.0973947048187255,0.3051679134368896,32.45466700536996,162.2733350268498,180,2.6378896882494005,relaxed
i,1759570467.4903913,0.1115579605102539,0.2786965370178222,32.45466700536996,162.2733350268498,180,2.6378896882494005,relaxed
g,1759570467.7302196,0.0726675987243652,0.2009379863739013,32.45466700536996,162.2733350268498,180,2.6378896882494005,relaxed
Key.space,1759570467.8900836,0.1279072761535644,0.2151036262512207,32.45466700536996,162.2733350268498,180,2.6378896882494005,relaxed
Key.shift,1759570468.778275,0.255958080291748,1.016242265701294,32.45466700536996,162.2733350268498,180,2.6378896882494005,relaxed
b,1759570467.225858,1.823951244354248,0.0155761241912841,32.45466700536996,162.2733350268498,180,2.6378896882494005,relaxed
o,1759570469.257837,0.07236909866333,0.2803969383239746,32.45466700536996,162.2733350268498,180,2.6378896882494005,relaxed
s,1759570469.361999,0.0874640941619873,0.1192569732666015,32.45466700536996,162.2733350268498,180,2.6378896882494005,relaxed
s,1759570469.5617938,0.0802862644195556,0.1926169395446777,32.45466700536996,162.2733350268498,180,2.6378896882494005,relaxed
',1759570470.4902053,0.1116087436676025,0.9597339630126952,32.45466700536996,162.2733350268498,180,2.6378896882494005,relaxed
a,1759570470.954279,0.1120440959930419,0.4645090103149414,32.45466700536996,162.2733350268498,180,2.6378896882494005,relaxed
Key.space,1759570471.2181427,0.104069709777832,0.2558894157409668,32.45466700536996,162.2733350268498,180,2.6378896882494005,relaxed
Key.backspace,1759570471.7299192,0.0798819065093994,0.4875886440277099,32.45466700536996,162.2733350268498,180,2.6378896882494005,relaxed
Key.backspace,1759570471.915224,0.0706174373626709,0.1760404109954834,32.45466700536996,162.2733350268498,180,2.6378896882494005,relaxed
a,1759570472.009534,0.1286814212799072,0.1523740291595459,32.45466700536996,162.2733350268498,180,2.6378896882494005,relaxed
Key.space,1759570472.3392024,0.1111738681793212,0.3121607303619385,32.45466700536996,162.2733350268498,180,2.6378896882494005,relaxed
l,1759570473.090211,0.1442306041717529,0.7840652465820312,32.45466700536996,162.2733350268498,180,2.6378896882494005,relaxed
e,1759570473.186142,0.1282129287719726,0.0799133777618408,32.45466700536996,162.2733350268498,180,2.6378896882494005,relaxed
g,1759570473.4510145,0.0956437587738037,0.2323033809661865,32.45466700536996,162.2733350268498,180,2.6378896882494005,relaxed
a,1759570473.6590345,0.1676867008209228,0.2800626754760742,32.45466700536996,162.2733350268498,180,2.6378896882494005,relaxed
c,1759570473.841895,0.1276423931121826,0.1428167819976806,32.45466700536996,162.2733350268498,180,2.6378896882494005,relaxed
y,1759570474.049793,0.1043593883514404,0.1846146583557129,32.45466700536996,162.2733350268498,180,2.6378896882494005,relaxed
Key.space,1759570474.2978778,0.1129431724548339,0.2566685676574707,32.45466700536996,162.2733350268498,180,2.6378896882494005,relaxed
g,1759570475.7859316,0.1281750202178955,1.5032856464385986,32.45466700536996,162.2733350268498,180,2.6378896882494005,relaxed
r,1759570475.9298365,0.1362478733062744,0.1519775390625,32.45466700536996,162.2733350268498,180,2.6378896882494005,relaxed
o,1759570476.138598,0.1198198795318603,0.192333698272705,32.45466700536996,162.2733350268498,180,2.6378896882494005,relaxed
w,1759570476.6103678,0.1195309162139892,0.4714808464050293,32.45466700536996,162.2733350268498,180,2.6378896882494005,relaxed
s,1759570477.1456542,0.104058027267456,0.5198135375976562,32.45466700536996,162.2733350268498,180,2.6378896882494005,relaxed
Key.space,1759570477.434574,0.1368570327758789,0.321718692779541,32.45466700536996,162.2733350268498,180,2.6378896882494005,relaxed
a,1759570477.5629184,0.1838490962982177,0.1753365993499755,32.45466700536996,162.2733350268498,180,2.6378896882494005,relaxed
s,1759570477.6822436,0.128206729888916,0.0636827945709228,32.45466700536996,162.2733350268498,180,2.6378896882494005,relaxed
Key.space,1759570477.8984058,0.1276729106903076,0.2156283855438232,32.45466700536996,162.2733350268498,180,2.6378896882494005,relaxed
e,1759570478.241953,0.1050093173980712,0.3208832740783691,32.45466700536996,162.2733350268498,180,2.6378896882494005,relaxed
h,1759570478.2026074,0.1515212059020996,0.0071666240692138,32.45466700536996,162.2733350268498,180,2.6378896882494005,relaxed
Key.space,1759570478.8819027,0.2000067234039306,0.727780818939209,32.45466700536996,162.2733350268498,180,2.6378896882494005,relaxed
f,1759570479.0982995,0.1039011478424072,0.1202914714813232,32.45466700536996,162.2733350268498,180,2.6378896882494005,relaxed
o,1759570479.2659743,0.1362233161926269,0.1999967098236084,32.45466700536996,162.2733350268498,180,2.6378896882494005,relaxed
u,1759570479.658313,0.1997661590576172,0.4558815956115722,32.45466700536996,162.2733350268498,180,2.6378896882494005,relaxed
n,1759570479.9461982,0.1040165424346923,0.1921355724334716,32.45466700536996,162.2733350268498,180,2.6378896882494005,relaxed
d,1759570480.0905166,0.1113677024841308,0.1516695022583007,32.45466700536996,162.2733350268498,180,2.6378896882494005,relaxed
Key.space,1759570480.498131,0.1444191932678222,0.4406659603118896,32.45466700536996,162.2733350268498,180,2.6378896882494005,relaxed
m,1759570481.3467069,0.1035895347595214,0.807746171951294,32.45466700536996,162.2733350268498,180,2.6378896882494005,relaxed
i,1759570481.5060186,0.0881681442260742,0.143890380859375,32.45466700536996,162.2733350268498,180,2.6378896882494005,relaxed
l,1759570481.746671,0.0873217582702636,0.2398059368133545,32.45466700536996,162.2733350268498,180,2.6378896882494005,relaxed
i,1759570481.947168,0.1026628017425537,0.2158381938934326,32.45466700536996,162.2733350268498,180,2.6378896882494005,relaxed
t,1759570482.442323,0.168445348739624,0.5609374046325684,32.45466700536996,162.2733350268498,180,2.6378896882494005,relaxed
a,1759570482.9701865,0.1361727714538574,0.4955909252166748,32.45466700536996,162.2733350268498,180,2.6378896882494005,relaxed
r,1759570483.1706734,0.0956096649169921,0.1599237918853759,32.45466700536996,162.2733350268498,180,2.6378896882494005,relaxed
y,1759570483.354158,0.1281366348266601,0.2160115242004394,32.45466700536996,162.2733350268498,180,2.6378896882494005,relaxed
Key.space,1759570483.6259515,0.1360630989074707,0.2797200679779053,32.45466700536996,162.2733350268498,180,2.6378896882494005,relaxed
n,1759570487.5623367,0.1356890201568603,3.936011075973511,32.45466700536996,162.2733350268498,180,2.6378896882494005,relaxed
a,1759570487.6899877,0.1127665042877197,0.1047284603118896,32.45466700536996,162.2733350268498,180,2.6378896882494005,relaxed
t,1759570487.978102,0.1041111946105957,0.279458999633789,32.45466700536996,162.2733350268498,180,2.6378896882494005,relaxed
i,1759570488.6656482,0.120208740234375,0.703643798828125,32.45466700536996,162.2733350268498,180,2.6378896882494005,relaxed
o,1759570488.8984723,0.1114189624786377,0.224034309387207,32.45466700536996,162.2733350268498,180,2.6378896882494005,relaxed
n,1759570489.1622093,0.1279470920562744,0.2802650928497314,32.45466700536996,162.2733350268498,180,2.6378896882494005,relaxed
s,1759570489.5860796,0.1438426971435547,0.4397659301757812,32.45466700536996,162.2733350268498,180,2.6378896882494005,relaxed
Key.space,1759570489.8102272,0.1433467864990234,0.223651647567749,32.45466700536996,162.2733350268498,180,2.6378896882494005,relaxed
s,1759570490.1304066,0.1360371112823486,0.3128697872161865,32.45466700536996,162.2733350268498,180,2.6378896882494005,relaxed
u,1759570490.3222013,0.1043622493743896,0.1601197719573974,32.45466700536996,162.2733350268498,180,2.6378896882494005,relaxed
c,1759570490.4667978,0.1592035293579101,0.1994378566741943,32.45466700536996,162.2733350268498,180,2.6378896882494005,relaxed
h,1759570490.8982182,0.120396614074707,0.392613410949707,32.45466700536996,162.2733350268498,180,2.6378896882494005,relaxed
Key.space,1759570491.1059768,0.1357862949371338,0.2231483459472656,32.45466700536996,162.2733350268498,180,2.6378896882494005,relaxed
a,1759570491.2830386,0.2548596858978271,0.2961351871490478,32.45466700536996,162.2733350268498,180,2.6378896882494005,relaxed
s,1759570491.4978828,0.1440515518188476,0.1040360927581787,32.45466700536996,162.2733350268498,180,2.6378896882494005,relaxed
Key.space,1759570491.8582284,0.2157034873962402,0.431997537612915,32.45466700536996,162.2733350268498,180,2.6378896882494005,relaxed
O,1759570492.490354,0.0878422260284423,0.5042643547058105,32.45466700536996,162.2733350268498,180,2.6378896882494005,relaxed
Key.shift,1759570492.353944,0.2328195571899414,0.0085673332214355,32.45466700536996,162.2733350268498,180,2.6378896882494005,relaxed
u,1759570492.906229,0.1278965473175048,0.447361946105957,32.45466700536996,162.2733350268498,180,2.6378896882494005,relaxed
t,1759570493.3229558,0.1749775409698486,0.4638078212738037,32.45466700536996,162.2733350268498,180,2.6378896882494005,relaxed
e,1759570493.698205,0.1276559829711914,0.3279275894165039,32.45466700536996,162.2733350268498,180,2.6378896882494005,relaxed
r,1759570493.8822122,0.1039209365844726,0.1602721214294433,32.45466700536996,162.2733350268498,180,2.6378896882494005,relaxed
Key.space,1759570494.0980809,0.1594934463500976,0.2714412212371826,32.45466700536996,162.2733350268498,180,2.6378896882494005,relaxed
h,1759570497.603228,0.1271934509277343,3.472846984863281,32.45466700536996,162.2733350268498,180,2.6378896882494005,relaxed
e,1759570498.1383324,0.1521174907684326,0.5600285530090332,32.45466700536996,162.2733350268498,180,2.6378896882494005,relaxed
a,1759570498.3296435,0.1526277065277099,0.1918215751647949,32.45466700536996,162.2733350268498,180,2.6378896882494005,relaxed
v,1759570498.5462017,0.1277272701263427,0.191657543182373,32.45466700536996,162.2733350268498,180,2.6378896882494005,relaxed
e,1759570498.7059867,0.1200630664825439,0.15212082862854,32.45466700536996,162.2733350268498,180,2.6378896882494005,relaxed
n,1759570499.8980749,0.0961875915527343,1.168212652206421,32.45466700536996,162.2733350268498,180,2.6378896882494005,relaxed
Key.space,1759570500.07399,0.1841466426849365,0.2638740539550781,32.45466700536996,162.2733350268498,180,2.6378896882494005,relaxed
a,1759570500.1859758,0.1680853366851806,0.0959246158599853,32.45466700536996,162.2733350268498,180,2.6378896882494005,relaxed
d,1759570500.3548956,0.1428120136260986,0.1436464786529541,32.45466700536996,162.2733350268498,180,2.6378896882494005,relaxed
n,1759570500.4817932,0.0959997177124023,0.080085277557373,32.45466700536996,162.2733350268498,180,2.6378896882494005,relaxed
Key.space,1759570500.713519,0.1444721221923828,0.280198335647583,32.45466700536996,162.2733350268498,180,2.6378896882494005,relaxed
Key.backspace,1759570501.5296752,0.096116304397583,0.7678003311157227,32.45466700536996,162.2733350268498,180,2.6378896882494005,relaxed
Key.backspace,1759570501.7302558,0.0717332363128662,0.1761975288391113,32.45466700536996,162.2733350268498,180,2.6378896882494005,relaxed
Key.backspace,1759570501.8909702,0.0785844326019287,0.1675655841827392,32.45466700536996,162.2733350268498,180,2.6378896882494005,relaxed
n,1759570502.3383222,0.1034431457519531,0.4722106456756592,32.45466700536996,162.2733350268498,180,2.6378896882494005,relaxed
d,1759570502.4744763,0.0954072475433349,0.1281182765960693,32.45466700536996,162.2733350268498,180,2.6378896882494005,relaxed
Key.space,1759570502.6184163,0.1040947437286377,0.1526274681091308,32.45466700536996,162.2733350268498,180,2.6378896882494005,relaxed
z,1759570503.514152,0.2245011329650879,1.0161421298980713,32.45466700536996,162.2733350268498,180,2.6378896882494005,relaxed
z,1759570503.8179052,0.0242598056793212,0.1035118103027343,32.45466700536996,162.2733350268498,180,2.6378896882494005,relaxed
Key.backspace,1759570504.4981976,0.1364176273345947,0.7924501895904541,32.45466700536996,162.2733350268498,180,2.6378896882494005,relaxed
a,1759570504.7218337,0.1365559101104736,0.2237744331359863,32.45466700536996,162.2733350268498,180,2.6378896882494005,relaxed
z,1759570504.6346152,0.2549138069152832,0.0311393737792968,32.45466700536996,162.2733350268498,180,2.6378896882494005,relaxed
Key.backspace,1759570505.3061676,0.10408616065979,0.5207247734069824,32.45466700536996,162.2733350268498,180,2.6378896882494005,relaxed
Key.backspace,1759570505.499214,0.0875515937805175,0.1765117645263672,32.45466700536996,162.2733350268498,180,2.6378896882494005,relaxed
a,1759570505.6822274,0.1520440578460693,0.2475059032440185,32.45466700536996,162.2733350268498,180,2.6378896882494005,relaxed
z,1759570505.9219909,0.1282620429992675,0.2159814834594726,32.45466700536996,162.2733350268498,180,2.6378896882494005,relaxed
Key.backspace,1759570506.7472024,0.1426279544830322,0.8395774364471436,32.45466700536996,162.2733350268498,180,2.6378896882494005,relaxed
n,1759570507.1863403,0.0958435535430908,0.3923535346984863,32.45466700536996,162.2733350268498,180,2.6378896882494005,relaxed
z,1759570507.9781444,0.1677751541137695,0.8637356758117676,32.45466700536996,162.2733350268498,180,2.6378896882494005,relaxed
i,1759570508.2740436,0.1204822063446044,0.2486062049865722,32.45466700536996,162.2733350268498,180,2.6378896882494005,relaxed
b,1759570508.5700908,0.1125743389129638,0.2881393432617187,32.45466700536996,162.2733350268498,180,2.6378896882494005,relaxed
a,1759570508.6659822,0.1275417804718017,0.1108589172363281,32.45466700536996,162.2733350268498,180,2.6378896882494005,relaxed
r,1759570508.9299312,0.0883624553680419,0.2247695922851562,32.45466700536996,162.2733350268498,180,2.6378896882494005,relaxed
Key.space,1759570509.0992198,0.1039772033691406,0.1849033832550048,32.45466700536996,162.2733350268498,180,2.6378896882494005,relaxed
l,1759570509.7220316,0.14400315284729,0.6628377437591553,32.45466700536996,162.2733350268498,180,2.6378896882494005,relaxed
a,1759570509.8819456,0.1275792121887207,0.1434900760650634,32.45466700536996,162.2733350268498,180,2.6378896882494005,relaxed
n,1759570510.0910437,0.1351592540740966,0.2166779041290283,32.45466700536996,162.2733350268498,180,2.6378896882494005,relaxed
d,1759570510.23392,0.1201405525207519,0.1278579235076904,32.45466700536996,162.2733350268498,180,2.6378896882494005,relaxed
Key.space,1759570510.8497338,0.2083480358123779,0.7040212154388428,32.45466700536996,162.2733350268498,180,2.6378896882494005,relaxed
b,1759570511.266215,0.1119978427886962,0.3201313018798828,32.45466700536996,162.2733350268498,180,2.6378896882494005,relaxed
a,1759570511.353959,0.128652811050415,0.1043989658355712,32.45466700536996,162.2733350268498,180,2.6378896882494005,relaxed
t,1759570511.6341908,0.0954806804656982,0.2470593452453613,32.45466700536996,162.2733350268498,180,2.6378896882494005,relaxed
t,1759570511.8262246,0.079761266708374,0.1763143539428711,32.45466700536996,162.2733350268498,180,2.6378896882494005,relaxed
l,1759570512.138235,0.1205925941467285,0.352841854095459,32.45466700536996,162.2733350268498,180,2.6378896882494005,relaxed
i,1759570512.377915,0.1760675907135009,0.2951545715332031,32.45466700536996,162.2733350268498,180,2.6378896882494005,relaxed
n,1759570512.5778856,0.1283268928527832,0.1522302627563476,32.45466700536996,162.2733350268498,180,2.6378896882494005,relaxed
g,1759570512.6981952,0.1120049953460693,0.1039876937866211,32.45466700536996,162.2733350268498,180,2.6378896882494005,relaxed
Key.space,1759570512.9140751,0.1277322769165039,0.2316071987152099,32.45466700536996,162.2733350268498,180,2.6378896882494005,relaxed
a,1759570513.4345927,0.1279470920562744,0.5207324028015137,32.45466700536996,162.2733350268498,180,2.6378896882494005,relaxed
g,1759570513.6344566,0.1037309169769287,0.1756477355957031,32.45466700536996,162.2733350268498,180,2.6378896882494005,relaxed
a,1759570513.810192,0.0960848331451416,0.1680893898010254,32.45466700536996,162.2733350268498,180,2.6378896882494005,relaxed
n,1759570513.9461815,0.1530244350433349,0.1929290294647216,32.45466700536996,162.2733350268498,180,2.6378896882494005,relaxed
i,1759570514.34614,0.1368570327758789,0.3837909698486328,32.45466700536996,162.2733350268498,180,2.6378896882494005,relaxed
n,1759570514.5295303,0.1281812191009521,0.1747145652770996,32.45466700536996,162.2733350268498,180,2.6378896882494005,relaxed
s,1759570514.6898978,0.1605329513549804,0.1927192211151123,32.45466700536996,162.2733350268498,180,2.6378896882494005,relaxed
t,1759570514.9460382,0.1051692962646484,0.2007768154144287,32.45466700536996,162.2733350268498,180,2.6378896882494005,relaxed
Key.space,1759570515.2261975,0.1115710735321044,0.2865612506866455,32.45466700536996,162.2733350268498,180,2.6378896882494005,relaxed
g,1759570516.1379974,0.0880584716796875,0.8882870674133301,32.45466700536996,162.2733350268498,180,2.6378896882494005,relaxed
l,1759570516.2818904,0.1123275756835937,0.1681621074676513,32.45466700536996,162.2733350268498,180,2.6378896882494005,relaxed
o,1759570516.5150478,0.1270954608917236,0.2479252815246582,32.45466700536996,162.2733350268498,180,2.6378896882494005,relaxed
b,1759570516.7942774,0.0799131393432617,0.2320473194122314,32.45466700536996,162.2733350268498,180,2.6378896882494005,relaxed
a,1759570517.009989,0.0883209705352783,0.2241194248199463,32.45466700536996,162.2733350268498,180,2.6378896882494005,relaxed
l,1759570517.145697,0.1045465469360351,0.1519336700439453,32.45466700536996,162.2733350268498,180,2.6378896882494005,relaxed
Key.space,1759570517.4096112,0.128934621810913,0.2883021831512451,32.45466700536996,162.2733350268498,180,2.6378896882494005,relaxed
s,1759570517.729927,0.1518447399139404,0.3432259559631347,32.45466700536996,162.2733350268498,180,2.6378896882494005,relaxed
u,1759570517.9540472,0.0960469245910644,0.1683223247528076,32.45466700536996,162.2733350268498,180,2.6378896882494005,relaxed
p,1759570518.266206,0.1439321041107177,0.360044002532959,32.45466700536996,162.2733350268498,180,2.6378896882494005,relaxed
e,1759570518.4817655,0.1123378276824951,0.1839654445648193,32.45466700536996,162.2733350268498,180,2.6378896882494005,relaxed
r,1759570518.674307,0.1116130352020263,0.1918165683746338,32.45466700536996,162.2733350268498,180,2.6378896882494005,relaxed
p,1759570520.2825534,0.1116414070129394,1.6082746982574463,32.45466700536996,162.2733350268498,180,2.6378896882494005,relaxed
o,1759570520.5462005,0.1036641597747802,0.2556695938110351,32.45466700536996,162.2733350268498,180,2.6378896882494005,relaxed
w,1759570520.698043,0.1597602367401123,0.2079391479492187,32.45466700536996,162.2733350268498,180,2.6378896882494005,relaxed
e,1759570520.85023,0.1117088794708252,0.1041352748870849,32.45466700536996,162.2733350268498,180,2.6378896882494005,relaxed
r,1759570521.0741663,0.1045672893524169,0.2167949676513672,32.45466700536996,162.2733350268498,180,2.6378896882494005,relaxed
s,1759570521.3138363,0.143984317779541,0.2790868282318115,32.45466700536996,162.2733350268498,180,2.6378896882494005,relaxed
Key.space,1759570523.0420833,0.1598470211029052,1.7441096305847168,32.45466700536996,162.2733350268498,180,2.6378896882494005,relaxed
a,1759570523.21831,0.1844680309295654,0.2008476257324218,32.45466700536996,162.2733350268498,180,2.6378896882494005,relaxed
n,1759570523.890195,0.1678850650787353,0.6553020477294922,32.45466700536996,162.2733350268498,180,2.6378896882494005,relaxed
d,1759570524.034042,0.111875295639038,0.0878372192382812,32.45466700536996,162.2733350268498,180,2.6378896882494005,relaxed
Key.space,1759570524.218164,0.1679372787475586,0.2401840686798095,32.45466700536996,162.2733350268498,180,2.6378896882494005,relaxed
h,1759570524.625955,0.0963828563690185,0.3362369537353515,32.45466700536996,162.2733350268498,180,2.6378896882494005,relaxed
i,1759570524.858079,0.0964274406433105,0.2321681976318359,32.45466700536996,162.2733350268498,180,2.6378896882494005,relaxed
s,1759570525.1135,0.0884630680084228,0.2474565505981445,32.45466700536996,162.2733350268498,180,2.6378896882494005,relaxed
Key.space,1759570525.1386414,0.1359500885009765,0.0726284980773925,32.45466700536996,162.2733350268498,180,2.6378896882494005,relaxed
o,1759570525.4426994,0.1277313232421875,0.2958393096923828,32.45466700536996,162.2733350268498,180,2.6378896882494005,relaxed
w,1759570525.5386338,0.1354315280914306,0.1036345958709716,32.45466700536996,162.2733350268498,180,2.6378896882494005,relaxed
n,1759570525.73867,0.0799198150634765,0.144524335861206,32.45466700536996,162.2733350268498,180,2.6378896882494005,relaxed
Key.space,1759570525.9219496,0.1122026443481445,0.2155625820159912,32.45466700536996,162.2733350268498,180,2.6378896882494005,relaxed
g,1759570526.4499876,0.1279661655426025,0.5438015460968018,32.45466700536996,162.2733350268498,180,2.6378896882494005,relaxed
e,1759570526.578784,0.1277358531951904,0.128566026687622,32.45466700536996,162.2733350268498,180,2.6378896882494005,relaxed
n,1759570526.8830843,0.0469880104064941,0.2235527038574218,32.45466700536996,162.2733350268498,180,2.6378896882494005,relaxed
e,1759570527.3861983,0.1201879978179931,0.5763139724731445,32.45466700536996,162.2733350268498,180,2.6378896882494005,relaxed
t,1759570527.698577,0.079801321029663,0.2719917297363281,32.45466700536996,162.2733350268498,180,2.6378896882494005,relaxed
i,1759570527.9221838,0.1519827842712402,0.2957882881164551,32.45466700536996,162.2733350268498,180,2.6378896882494005,relaxed
c,1759570528.0981295,0.1515319347381591,0.175494909286499,32.45466700536996,162.2733350268498,180,2.6378896882494005,relaxed
Key.space,1759570528.2982175,0.1278440952301025,0.1764001846313476,32.45466700536996,162.2733350268498,180,2.6378896882494005,relaxed
r,1759570529.258175,0.1041004657745361,0.9362137317657472,32.45466700536996,162.2733350268498,180,2.6378896882494005,relaxed
e,1759570529.3706737,0.087984561920166,0.0963828563690185,32.45466700536996,162.2733350268498,180,2.6378896882494005,relaxed
p,1759570529.5461967,0.1438870429992675,0.2314255237579345,32.45466700536996,162.2733350268498,180,2.6378896882494005,relaxed
l,1759570529.81821,0.0881493091583252,0.2162756919860839,32.45466700536996,162.2733350268498,180,2.6378896882494005,relaxed
i,1759570530.0337896,0.1521837711334228,0.2796139717102051,32.45466700536996,162.2733350268498,180,2.6378896882494005,relaxed
c,1759570530.1780517,0.1196002960205078,0.1116783618927002,32.45466700536996,162.2733350268498,180,2.6378896882494005,relaxed
a,1759570530.3857515,0.1284513473510742,0.2165510654449463,32.45466700536996,162.2733350268498,180,2.6378896882494005,relaxed
Key.space,1759570530.5538733,0.152573823928833,0.192244291305542,32.45466700536996,162.2733350268498,180,2.6378896882494005,relaxed
k,1759570531.7463384,0.1121058464050293,1.1519970893859863,32.45466700536996,162.2733350268498,180,2.6378896882494005,relaxed
n,1759570531.9231982,0.150937795639038,0.2156918048858642,32.45466700536996,162.2733350268498,180,2.6378896882494005,relaxed
o,1759570532.322693,0.1440536975860595,0.392611026763916,32.45466700536996,162.2733350268498,180,2.6378896882494005,relaxed
w,1759570532.4985142,0.1275250911712646,0.1592922210693359,32.45466700536996,162.2733350268498,180,2.6378896882494005,relaxed
Key.space,1759570532.8186789,0.1192941665649414,0.3119337558746338,32.45466700536996,162.2733350268498,180,2.6378896882494005,relaxed
Key.backspace,1759570533.4026723,0.0968782901763916,0.561577558517456,32.45466700536996,162.2733350268498,180,2.6378896882494005,relaxed
s,1759570533.738197,0.0799930095672607,0.3186395168304443,32.45466700536996,162.2733350268498,180,2.6378896882494005,relaxed
Key.backspace,1759570534.1789875,0.1349923610687255,0.4957900047302246,32.45466700536996,162.2733350268498,180,2.6378896882494005,relaxed
n,1759570534.5543208,0.0953884124755859,0.3357291221618652,32.45466700536996,162.2733350268498,180,2.6378896882494005,relaxed
Key.space,1759570535.257979,0.1756689548492431,0.7839386463165283,32.45466700536996,162.2733350268498,180,2.6378896882494005,relaxed
a,1759570535.426652,0.1514363288879394,0.1444404125213623,32.45466700536996,162.2733350268498,180,2.6378896882494005,relaxed
s,1759570535.522564,0.1516833305358886,0.0961589813232421,32.45466700536996,162.2733350268498,180,2.6378896882494005,relaxed
Key.space,1759570535.7859564,0.1605184078216552,0.2722275257110595,32.45466700536996,162.2733350268498,180,2.6378896882494005,relaxed
t,1759570536.0340006,0.079714298248291,0.1672401428222656,32.45466700536996,162.2733350268498,180,2.6378896882494005,relaxed
h,1759570536.2020776,0.1123723983764648,0.2007350921630859,32.45466700536996,162.2733350268498,180,2.6378896882494005,relaxed
e,1759570536.2832053,0.1189823150634765,0.0877375602722168,32.45466700536996,162.2733350268498,180,2.6378896882494005,relaxed
Key.space,1759570536.45824,0.160196304321289,0.2162487506866455,32.45466700536996,162.2733350268498,180,2.6378896882494005,relaxed
s,1759570536.8502676,0.1200642585754394,0.3518955707550049,32.45466700536996,162.2733350268498,180,2.6378896882494005,relaxed
o,1759570536.978403,0.1279819011688232,0.1360533237457275,32.45466700536996,162.2733350268498,180,2.6378896882494005,relaxed
s,1759570537.369883,0.1121354103088378,0.3756332397460937,32.45466700536996,162.2733350268498,180,2.6378896882494005,relaxed
Key.backspace,1759570538.9864802,0.0717332363128662,1.5761950016021729,32.45466700536996,162.2733350268498,180,2.6378896882494005,relaxed
n,1759570539.289651,0.1121127605438232,0.3435502052307129,32.45466700536996,162.2733350268498,180,2.6378896882494005,relaxed
s,1759570539.4830482,0.1112716197967529,0.1925561428070068,32.45466700536996,162.2733350268498,180,2.6378896882494005,relaxed
Key.space,1759570539.5142608,0.103947639465332,0.0238885879516601,32.45466700536996,162.2733350268498,180,2.6378896882494005,relaxed
o,1759570539.778233,0.1199598312377929,0.2799844741821289,32.45466700536996,162.2733350268498,180,2.6378896882494005,relaxed
f,1759570541.8504338,0.095841646194458,2.0480825901031494,32.45466700536996,162.2733350268498,180,2.6378896882494005,relaxed
Key.space,1759570541.9859772,0.0961737632751464,0.1358754634857177,32.45466700536996,162.2733350268498,180,2.6378896882494005,relaxed
b,1759570542.202173,0.1040949821472168,0.2241170406341552,32.45466700536996,162.2733350268498,180,2.6378896882494005,relaxed
i,1759570542.482536,0.1293365955352783,0.3056046962738037,32.45466700536996,162.2733350268498,180,2.6378896882494005,relaxed
g,1759570542.7146215,0.0957355499267578,0.1984844207763672,32.45466700536996,162.2733350268498,180,2.6378896882494005,relaxed
Key.space,1759570542.873351,0.1368415355682373,0.1998357772827148,32.45466700536996,162.2733350268498,180,2.6378896882494005,relaxed
Key.shift,1759570543.0987034,0.1757566928863525,0.2642672061920166,32.45466700536996,162.2733350268498,180,2.6378896882494005,relaxed
b,1759570542.202173,1.1762607097625732,0.1039736270904541,32.45466700536996,162.2733350268498,180,2.6378896882494005,relaxed
o,1759570544.38613,0.080057144165039,1.0877532958984375,32.45466700536996,162.2733350268498,180,2.6378896882494005,relaxed
s,1759570545.3859208,0.1197757720947265,1.0395095348358154,32.45466700536996,162.2733350268498,180,2.6378896882494005,relaxed
s,1759570545.5620122,0.0881693363189697,0.1444849967956543,32.45466700536996,162.2733350268498,180,2.6378896882494005,relaxed
",",1759570545.8341606,0.10443115234375,0.2884101867675781,32.45466700536996,162.2733350268498,180,2.6378896882494005,relaxed
i,1759570546.7858698,0.1359801292419433,0.9832582473754884,32.45466700536996,162.2733350268498,180,2.6378896882494005,relaxed
n,1759570547.0270848,0.1190485954284668,0.2242834568023681,32.45466700536996,162.2733350268498,180,2.6378896882494005,relaxed
c,1759570547.1941855,0.1278080940246582,0.1758601665496826,32.45466700536996,162.2733350268498,180,2.6378896882494005,relaxed
l,1759570547.3318324,0.0947210788726806,0.1045598983764648,32.45466700536996,162.2733350268498,180,2.6378896882494005,relaxed
u,1759570547.617577,0.1208462715148925,0.3118698596954345,32.45466700536996,162.2733350268498,180,2.6378896882494005,relaxed
d,1759570547.778215,0.1445484161376953,0.1843400001525879,32.45466700536996,162.2733350268498,180,2.6378896882494005,relaxed
i,1759570547.9302812,0.1438310146331787,0.1513488292694091,32.45466700536996,162.2733350268498,180,2.6378896882494005,relaxed
n,1759570548.12175,0.1204328536987304,0.1680705547332763,32.45466700536996,162.2733350268498,180,2.6378896882494005,relaxed
g,1759570548.249616,0.0885889530181884,0.0960221290588378,32.45466700536996,162.2733350268498,180,2.6378896882494005,relaxed
Key.space,1759570548.4501257,0.1525373458862304,0.2644579410552978,32.45466700536996,162.2733350268498,180,2.6378896882494005,relaxed
Key.shift,1759570549.202391,0.2484009265899658,0.8481287956237793,32.45466700536996,162.2733350268498,180,2.6378896882494005,relaxed
o,1759570549.5221963,0.0718903541564941,0.1198866367340087,32.45466700536996,162.2733350268498,180,2.6378896882494005,relaxed
l,1759570549.731203,0.0792429447174072,0.2163591384887695,32.45466700536996,162.2733350268498,180,2.6378896882494005,relaxed
i,1759570549.9306097,0.1273732185363769,0.2475366592407226,32.45466700536996,162.2733350268498,180,2.6378896882494005,relaxed
d,1759570550.0496323,0.1206765174865722,0.1123263835906982,32.45466700536996,162.2733350268498,180,2.6378896882494005,relaxed
Key.space,1759570550.2501967,0.1364572048187255,0.2163448333740234,32.45466700536996,162.2733350268498,180,2.6378896882494005,relaxed
Key.shift,1759570550.506192,0.1922714710235595,0.3118095397949219,32.45466700536996,162.2733350268498,180,2.6378896882494005,relaxed
n,1759570550.8176482,0.1280550956726074,0.1757204532623291,32.45466700536996,162.2733350268498,180,2.6378896882494005,relaxed
a,1759570551.0184023,0.1433725357055664,0.216071605682373,32.45466700536996,162.2733350268498,180,2.6378896882494005,relaxed
k,1759570551.1863256,0.1354913711547851,0.1600420475006103,32.45466700536996,162.2733350268498,180,2.6378896882494005,relaxed
e,1759570551.329913,0.1043221950531005,0.1124179363250732,32.45466700536996,162.2733350268498,180,2.6378896882494005,relaxed
",",1759570552.2101362,0.1202147006988525,0.8961160182952881,32.45466700536996,162.2733350268498,180,2.6378896882494005,relaxed
Key.shift,1759570552.4744525,0.1595237255096435,0.3036253452301025,32.45466700536996,162.2733350268498,180,2.6378896882494005,relaxed
i,1759570552.8422306,0.0799696445465087,0.2554209232330322,32.45466700536996,162.2733350268498,180,2.6378896882494005,relaxed
q,1759570553.45019,0.1439332962036132,0.6719231605529785,32.45466700536996,162.2733350268498,180,2.6378896882494005,relaxed
u,1759570554.2822402,0.1038358211517334,0.7919526100158691,32.45466700536996,162.2733350268498,180,2.6378896882494005,relaxed
i,1759570554.5224369,0.1274635791778564,0.263824462890625,32.45466700536996,162.2733350268498,180,2.6378896882494005,relaxed
d,1759570554.63388,0.1130366325378418,0.0970163345336914,32.45466700536996,162.2733350268498,180,2.6378896882494005,relaxed
Key.space,1759570555.002177,0.0960090160369873,0.3512692451477051,32.45466700536996,162.2733350268498,180,2.6378896882494005,relaxed
Key.shift,1759570555.186494,0.4480037689208984,0.5363118648529053,32.45466700536996,162.2733350268498,180,2.6378896882494005,relaxed
n,1759570555.8021855,0.1120843887329101,0.2639241218566894,32.45466700536996,162.2733350268498,180,2.6378896882494005,relaxed
a,1759570556.0019522,0.1203629970550537,0.2080452442169189,32.45466700536996,162.2733350268498,180,2.6378896882494005,relaxed
k,1759570556.4822252,0.1281206607818603,0.4880306720733642,32.45466700536996,162.2733350268498,180,2.6378896882494005,relaxed
e,1759570556.6180158,0.0958583354949951,0.1035282611846923,32.45466700536996,162.2733350268498,180,2.6378896882494005,relaxed
Key.space,1759570557.9058585,0.1686034202575683,1.3605875968933103,32.45466700536996,162.2733350268498,180,2.6378896882494005,relaxed
a,1759570558.1619172,0.1439597606658935,0.2314152717590332,32.45466700536996,162.2733350268498,180,2.6378896882494005,relaxed
n,1759570558.3625882,0.1038362979888916,0.1605474948883056,32.45466700536996,162.2733350268498,180,2.6378896882494005,relaxed
d,1759570558.4820504,0.1120955944061279,0.1277215480804443,32.45466700536996,162.2733350268498,180,2.6378896882494005,relaxed
Key.space,1759570558.6421933,0.1045265197753906,0.152573823928833,32.45466700536996,162.2733350268498,180,2.6378896882494005,relaxed
S,1759570559.233983,0.1442060470581054,0.6314692497253418,32.45466700536996,162.2733350268498,180,2.6378896882494005,relaxed
Key.shift,1759570559.114352,0.2795913219451904,0.015754222869873,32.45466700536996,162.2733350268498,180,2.6378896882494005,relaxed
o,1759570559.6504476,0.055286169052124,0.3117904663085937,32.45466700536996,162.2733350268498,180,2.6378896882494005,relaxed
l,1759570559.882259,0.0641601085662841,0.2406849861145019,32.45466700536996,162.2733350268498,180,2.6378896882494005,relaxed
i,1759570560.6422777,0.1118388175964355,0.8076977729797363,32.45466700536996,162.2733350268498,180,2.6378896882494005,relaxed
d,1759570560.7861254,0.1202013492584228,0.1522102355957031,32.45466700536996,162.2733350268498,180,2.6378896882494005,relaxed
u,1759570561.0660784,0.1038055419921875,0.2635571956634521,32.45466700536996,162.2733350268498,180,2.6378896882494005,relaxed
s,1759570561.1782794,0.1447231769561767,0.15311861038208,32.45466700536996,162.2733350268498,180,2.6378896882494005,relaxed
Key.space,1759570561.3942018,0.0795903205871582,0.1507894992828369,32.45466700536996,162.2733350268498,180,2.6378896882494005,relaxed
Key.shift,1759570562.9353015,0.1547136306762695,1.6162230968475342,32.45466700536996,162.2733350268498,180,2.6378896882494005,relaxed
s,1759570561.1782794,1.9197402000427248,0.0080044269561767,32.45466700536996,162.2733350268498,180,2.6378896882494005,relaxed
n,1759570563.2185774,0.1512229442596435,0.2717807292938232,32.45466700536996,162.2733350268498,180,2.6378896882494005,relaxed
a,1759570563.3465908,0.1433508396148681,0.1201412677764892,32.45466700536996,162.2733350268498,180,2.6378896882494005,relaxed
k,1759570563.5460644,0.112154483795166,0.1682772636413574,32.45466700536996,162.2733350268498,180,2.6378896882494005,relaxed
e,1759570563.6502728,0.0877001285552978,0.0797541141510009,32.45466700536996,162.2733350268498,180,2.6378896882494005,relaxed
.,1759570564.322214,0.0806999206542968,0.6649410724639893,32.45466700536996,162.2733350268498,180,2.6378896882494005,relaxed
Key.backspace,1759570568.1780276,0.0960876941680908,3.871201276779175,32.45466700536996,162.2733350268498,180,2.6378896882494005,relaxed
",",1759570568.5303092,0.0802850723266601,0.3364789485931396,32.45466700536996,162.2733350268498,180,2.6378896882494005,relaxed
Key.alt_l,1759570570.7942982,0.1996333599090576,2.3833372592926025,32.45466700536996,162.2733350268498,180,2.6378896882494005,relaxed
Key.tab,1759570570.9136105,0.1599571704864502,0.0796360969543457,32.45466700536996,162.2733350268498,180,2.6378896882494005,relaxed
Key.tab,1759570571.5143542,0.192087173461914,0.6328737735748291,32.45466700536996,162.2733350268498,180,2.6378896882494005,relaxed
Key.alt_l,1759570571.4096975,1.1201660633087158,0.8234221935272217,32.45466700536996,162.2733350268498,180,2.6378896882494005,relaxed
Key.tab,1759570572.378564,0.1646225452423095,0.0133230686187744,32.45466700536996,162.2733350268498,180,2.6378896882494005,relaxed
Key.esc,1759570576.0667057,0.1353325843811035,3.658851623535156,32.45466700536996,162.2733350268498,180,2.6378896882494005,relaxed
,1759737116.0379794,0.256664514541626,0.5601630210876465,36.55551661146337,182.77758305731683,83,2.619047619047619,relaxed
,1759737116.3982296,0.1679239273071289,0.2715096473693847,36.55551661146337,182.77758305731683,83,2.619047619047619,relaxed
,1759737116.6940513,0.1999180316925048,0.3278157711029053,36.55551661146337,182.77758305731683,83,2.619047619047619,relaxed
,1759737117.158044,0.199852705001831,0.4639272689819336,36.55551661146337,182.77758305731683,83,2.619047619047619,relaxed
,1759737117.694709,0.2159862518310547,0.5527987480163574,36.55551661146337,182.77758305731683,83,2.619047619047619,relaxed
,1759737118.085888,0.2326624393463134,0.4078552722930908,36.55551661146337,182.77758305731683,83,2.619047619047619,relaxed
,1759737118.4784987,0.1841719150543213,0.3441200256347656,36.55551661146337,182.77758305731683,83,2.619047619047619,relaxed
,1759737119.5262563,0.2714507579803467,0.991941213607788,36.55551661146337,182.77758305731683,83,2.619047619047619,relaxed
,1759737120.3346152,0.2148194313049316,0.7517275810241699,36.55551661146337,182.77758305731683,83,2.619047619047619,relaxed
Key.ctrl_l,1759737119.2072694,1.7187817096710205,0.3766164779663086,36.55551661146337,182.77758305731683,83,2.619047619047619,relaxed
Key.ctrl_l,1759737122.1185844,0.6316773891448975,1.8163459300994875,36.55551661146337,182.77758305731683,83,2.619047619047619,relaxed
Key.alt_l,1759737128.8056717,0.1688246726989746,6.2001025676727295,36.55551661146337,182.77758305731683,83,2.619047619047619,relaxed
Key.tab,1759737128.902849,0.2070727348327636,0.135425329208374,36.55551661146337,182.77758305731683,83,2.619047619047619,relaxed
Key.shift,1759737133.7978978,0.4800329208374023,5.168009042739868,36.55551661146337,182.77758305731683,83,2.619047619047619,relaxed
e,1759737134.7899678,0.0961771011352539,0.5438549518585205,36.55551661146337,182.77758305731683,83,2.619047619047619,relaxed
m,1759737135.094344,0.1116561889648437,0.3198554515838623,36.55551661146337,182.77758305731683,83,2.619047619047619,relaxed
o,1759737135.3422372,0.0805308818817138,0.2167677879333496,36.55551661146337,182.77758305731683,83,2.619047619047619,relaxed
n,1759737135.5260575,0.0723271369934082,0.1756167411804199,36.55551661146337,182.77758305731683,83,2.619047619047619,relaxed
',1759737136.0461202,0.1045506000518798,0.55228590965271,36.55551661146337,182.77758305731683,83,2.619047619047619,relaxed
s,1759737136.2703345,0.0562608242034912,0.17592453956604,36.55551661146337,182.77758305731683,83,2.619047619047619,relaxed
Key.space,1759737136.413978,0.1124749183654785,0.1998577117919922,36.55551661146337,182.77758305731683,83,2.619047619047619,relaxed
Key.shift,1759737136.557909,0.2561438083648681,0.2875998020172119,36.55551661146337,182.77758305731683,83,2.619047619047619,relaxed
s,1759737136.2703345,0.5837562084197998,0.0400378704071044,36.55551661146337,182.77758305731683,83,2.619047619047619,relaxed
o,1759737136.89429,0.0958998203277587,0.136099100112915,36.55551661146337,182.77758305731683,83,2.619047619047619,relaxed
u,1759737137.158604,0.0553693771362304,0.2237837314605713,36.55551661146337,182.77758305731683,83,2.619047619047619,relaxed
l,1759737137.4143968,0.1195781230926513,0.3200013637542724,36.55551661146337,182.77758305731683,83,2.619047619047619,relaxed
s,1759737137.662087,0.1367409229278564,0.2648530006408691,36.55551661146337,182.77758305731683,83,2.619047619047619,relaxed
Key.space,1759737137.933547,0.120335578918457,0.2550547122955322,36.55551661146337,182.77758305731683,83,2.619047619047619,relaxed
i,1759737138.2780664,0.1118764877319336,0.3360602855682373,36.55551661146337,182.77758305731683,83,2.619047619047619,relaxed
s,1759737138.398176,0.1282322406768798,0.136465311050415,36.55551661146337,182.77758305731683,83,2.619047619047619,relaxed
Key.space,1759737138.5409114,0.121065616607666,0.1355688571929931,36.55551661146337,182.77758305731683,83,2.619047619047619,relaxed
s,1759737139.0298474,0.1122777462005615,0.4801480770111084,36.55551661146337,182.77758305731683,83,2.619047619047619,relaxed
e,1759737139.302277,0.0797786712646484,0.2399308681488037,36.55551661146337,182.77758305731683,83,2.619047619047619,relaxed
t,1759737139.5743487,0.1200954914093017,0.3123881816864013,36.55551661146337,182.77758305731683,83,2.619047619047619,relaxed
Key.space,1759737139.741447,0.0970687866210937,0.1440715789794922,36.55551661146337,182.77758305731683,83,2.619047619047619,relaxed
i,1759737140.0783043,0.1432380676269531,0.3830268383026123,36.55551661146337,182.77758305731683,83,2.619047619047619,relaxed
n,1759737140.286589,0.11118745803833,0.1762337684631347,36.55551661146337,182.77758305731683,83,2.619047619047619,relaxed
Key.space,1759737140.486361,0.1436593532562255,0.2322440147399902,36.55551661146337,182.77758305731683,83,2.619047619047619,relaxed
t,1759737140.6779125,0.1203584671020507,0.168250560760498,36.55551661146337,182.77758305731683,83,2.619047619047619,relaxed
h,1759737140.862134,0.1281025409698486,0.1919655799865722,36.55551661146337,182.77758305731683,83,2.619047619047619,relaxed
e,1759737141.0299747,0.088533878326416,0.1282720565795898,36.55551661146337,182.77758305731683,83,2.619047619047619,relaxed
Key.space,1759737141.0777264,0.079946756362915,0.0391645431518554,36.55551661146337,182.77758305731683,83,2.619047619047619,relaxed
k,1759737141.3270674,0.0949912071228027,0.264385461807251,36.55551661146337,182.77758305731683,83,2.619047619047619,relaxed
i,1759737141.5742369,0.1119618415832519,0.2641401290893554,36.55551661146337,182.77758305731683,83,2.619047619047619,relaxed
n,1759737141.773562,0.1369545459747314,0.2243177890777588,36.55551661146337,182.77758305731683,83,2.619047619047619,relaxed
g,1759737141.990034,0.0875520706176757,0.1670694351196289,36.55551661146337,182.77758305731683,83,2.619047619047619,relaxed
d,1759737142.2703612,0.0955419540405273,0.2883172035217285,36.55551661146337,182.77758305731683,83,2.619047619047619,relaxed
o,1759737142.438585,0.1116936206817627,0.184375524520874,36.55551661146337,182.77758305731683,83,2.619047619047619,relaxed
m,1759737142.6544085,0.111297607421875,0.2154273986816406,36.55551661146337,182.77758305731683,83,2.619047619047619,relaxed
Key.space,1759737143.0220437,0.0483081340789794,0.3046455383300781,36.55551661146337,182.77758305731683,83,2.619047619047619,relaxed
o,1759737143.334535,0.1038658618927002,0.368049144744873,36.55551661146337,182.77758305731683,83,2.619047619047619,relaxed
f,1759737143.5585003,0.0887115001678466,0.2088112831115722,36.55551661146337,182.77758305731683,83,2.619047619047619,relaxed
Key.space,1759737143.7497315,0.0962626934051513,0.198782205581665,36.55551661146337,182.77758305731683,83,2.619047619047619,relaxed
Key.shift,1759737143.9174216,0.2085752487182617,0.2800025939941406,36.55551661146337,182.77758305731683,83,2.619047619047619,relaxed
o,1759737144.8861935,0.0724596977233886,0.8168327808380127,36.55551661146337,182.77758305731683,83,2.619047619047619,relaxed
l,1759737145.1109018,0.1190974712371826,0.2713460922241211,36.55551661146337,182.77758305731683,83,2.619047619047619,relaxed
e,1759737145.2536883,0.1126728057861328,0.1363618373870849,36.55551661146337,182.77758305731683,83,2.619047619047619,relaxed
t,1759737145.7018678,0.1446902751922607,0.4801969528198242,36.55551661146337,182.77758305731683,83,2.619047619047619,relaxed
r,1759737145.9503677,0.1041312217712402,0.2079408168792724,36.55551661146337,182.77758305731683,83,2.619047619047619,relaxed
i,1759737146.1497045,0.1282718181610107,0.2234773635864257,36.55551661146337,182.77758305731683,83,2.619047619047619,relaxed
a,1759737146.317587,0.1846797466278076,0.2242903709411621,36.55551661146337,182.77758305731683,83,2.619047619047619,relaxed
Key.space,1759737146.8379934,0.1679959297180175,0.5037226676940918,36.55551661146337,182.77758305731683,83,2.619047619047619,relaxed
w,1759737147.1578684,0.1195387840270996,0.2714178562164306,36.55551661146337,182.77758305731683,83,2.619047619047619,relaxed
h,1759737147.32627,0.0885698795318603,0.1374328136444091,36.55551661146337,182.77758305731683,83,2.619047619047619,relaxed
i,1759737147.5338907,0.0958528518676757,0.2149035930633545,36.55551661146337,182.77758305731683,83,2.619047619047619,relaxed
c,1759737147.638414,0.0875055789947509,0.0961761474609375,36.55551661146337,182.77758305731683,83,2.619047619047619,relaxed
h,1759737147.7909858,0.0627615451812744,0.1278276443481445,36.55551661146337,182.77758305731683,83,2.619047619047619,relaxed
Key.space,1759737147.9579751,0.1286721229553222,0.2328999042510986,36.55551661146337,182.77758305731683,83,2.619047619047619,relaxed
g,1759737148.0943034,0.0876722335815429,0.0953283309936523,36.55551661146337,182.77758305731683,83,2.619047619047619,relaxed
Key.backspace,1759737148.5664885,0.1435208320617675,0.5280334949493408,36.55551661146337,182.77758305731683,83,2.619047619047619,relaxed
f,1759737148.7342792,0.0957002639770507,0.1199703216552734,36.55551661146337,182.77758305731683,83,2.619047619047619,relaxed
a,1759737148.9182897,0.135585069656372,0.2238953113555908,36.55551661146337,182.77758305731683,83,2.619047619047619,relaxed
l,1759737149.1341689,0.0802681446075439,0.1605622768402099,36.55551661146337,182.77758305731683,83,2.619047619047619,relaxed
l,1759737149.2942505,0.0721230506896972,0.1519365310668945,36.55551661146337,182.77758305731683,83,2.619047619047619,relaxed
s,1759737149.7823398,0.143827199935913,0.5597934722900391,36.55551661146337,182.77758305731683,83,2.619047619047619,relaxed
Key.space,1759737149.9583468,0.0956854820251464,0.1278653144836425,36.55551661146337,182.77758305731683,83,2.619047619047619,relaxed
i,1759737150.2135458,0.1125745773315429,0.2720880508422851,36.55551661146337,182.77758305731683,83,2.619047619047619,relaxed
n,1759737150.3661792,0.1440517902374267,0.1841106414794922,36.55551661146337,182.77758305731683,83,2.619047619047619,relaxed
t,1759737150.4872165,0.1032750606536865,0.0802605152130127,36.55551661146337,182.77758305731683,83,2.619047619047619,relaxed
o,1759737150.662616,0.1118507385253906,0.1839752197265625,36.55551661146337,182.77758305731683,83,2.619047619047619,relaxed
Key.space,1759737150.9492478,0.1453802585601806,0.3201613426208496,36.55551661146337,182.77758305731683,83,2.619047619047619,relaxed
r,1759737151.2382934,0.0878498554229736,0.2315151691436767,36.55551661146337,182.77758305731683,83,2.619047619047619,relaxed
u,1759737151.5658374,0.0794613361358642,0.3191554546356201,36.55551661146337,182.77758305731683,83,2.619047619047619,relaxed
i,1759737151.7743492,0.1202950477600097,0.2493455410003662,36.55551661146337,182.77758305731683,83,2.619047619047619,relaxed
n,1759737152.0617523,0.0803139209747314,0.2474219799041748,36.55551661146337,182.77758305731683,83,2.619047619047619,relaxed
Key.space,1759737152.4698005,0.1442689895629882,0.4720032215118408,36.55551661146337,182.77758305731683,83,2.619047619047619,relaxed
a,1759737152.734104,0.2081260681152343,0.3281605243682861,36.55551661146337,182.77758305731683,83,2.619047619047619,relaxed
f,1759737152.9978976,0.0961649417877197,0.1518325805664062,36.55551661146337,182.77758305731683,83,2.619047619047619,relaxed
t,1759737153.2305012,0.0962326526641845,0.2326712608337402,36.55551661146337,182.77758305731683,83,2.619047619047619,relaxed
e,1759737153.334358,0.1276142597198486,0.1352384090423584,36.55551661146337,182.77758305731683,83,2.619047619047619,relaxed
r,1759737153.5184116,0.0713396072387695,0.1277790069580078,36.55551661146337,182.77758305731683,83,2.619047619047619,relaxed
Key.space,1759737153.5822282,0.1352667808532714,0.1277437210083007,36.55551661146337,182.77758305731683,83,2.619047619047619,relaxed
K,1759737154.1744509,0.071587324142456,0.52854323387146,36.55551661146337,182.77758305731683,83,2.619047619047619,relaxed
Key.shift,1759737154.054372,0.2078509330749511,0.0161848068237304,36.55551661146337,182.77758305731683,83,2.619047619047619,relaxed
i,1759737154.366082,0.0962703227996826,0.2001292705535888,36.55551661146337,182.77758305731683,83,2.619047619047619,relaxed
n,1759737154.542208,0.1040496826171875,0.1839053630828857,36.55551661146337,182.77758305731683,83,2.619047619047619,relaxed
g,1759737154.661971,0.1128661632537841,0.1285796165466308,36.55551661146337,182.77758305731683,83,2.619047619047619,relaxed
Key.space,1759737154.8377306,0.1040022373199462,0.1668956279754638,36.55551661146337,182.77758305731683,83,2.619047619047619,relaxed
a,1759737155.2940023,0.1442468166351318,0.4965162277221679,36.55551661146337,182.77758305731683,83,2.619047619047619,relaxed
l,1759737155.5584762,0.0477216243743896,0.1679487228393554,36.55551661146337,182.77758305731683,83,2.619047619047619,relaxed
l,1759737155.6941886,0.0878844261169433,0.175875186920166,36.55551661146337,182.77758305731683,83,2.619047619047619,relaxed
a,1759737155.9021282,0.1041090488433837,0.2241642475128173,36.55551661146337,182.77758305731683,83,2.619047619047619,relaxed
n,1759737156.0223536,0.1031792163848877,0.119295597076416,36.55551661146337,182.77758305731683,83,2.619047619047619,relaxed
t,1759737156.286218,0.1364026069641113,0.2970876693725586,36.55551661146337,182.77758305731683,83,2.619047619047619,relaxed
Key.space,1759737156.5421827,0.1677978038787841,0.2873599529266357,36.55551661146337,182.77758305731683,83,2.619047619047619,relaxed
w,1759737157.0464122,0.1516351699829101,0.4880669116973877,36.55551661146337,182.77758305731683,83,2.619047619047619,relaxed
a,1759737157.558215,0.1760327816009521,0.5362002849578857,36.55551661146337,182.77758305731683,83,2.619047619047619,relaxed
k,1759737157.8305562,0.1518025398254394,0.2481110095977783,36.55551661146337,182.77758305731683,83,2.619047619047619,relaxed
e,1759737157.9738338,0.2009634971618652,0.1924386024475097,36.55551661146337,182.77758305731683,83,2.619047619047619,relaxed
n,1759737158.454613,0.1188724040985107,0.3986880779266357,36.55551661146337,182.77758305731683,83,2.619047619047619,relaxed
d,1759737158.5977857,0.168198823928833,0.1924991607666015,36.55551661146337,182.77758305731683,83,2.619047619047619,relaxed
s,1759737158.7582364,0.1037666797637939,0.0960185527801513,36.55551661146337,182.77758305731683,83,2.619047619047619,relaxed
Key.space,1759737159.3584409,0.1679208278656005,0.6643586158752441,36.55551661146337,182.77758305731683,83,2.619047619047619,relaxed
Key.backspace,1759737160.8858016,0.104250431060791,1.4636902809143066,36.55551661146337,182.77758305731683,83,2.619047619047619,relaxed
Key.backspace,1759737161.0864215,0.1200447082519531,0.216414213180542,36.55551661146337,182.77758305731683,83,2.619047619047619,relaxed
Key.backspace,1759737161.4937644,0.1199133396148681,0.4072115421295166,36.55551661146337,182.77758305731683,83,2.619047619047619,relaxed
s,1759737162.1349614,0.10422945022583,0.6255130767822266,36.55551661146337,182.77758305731683,83,2.619047619047619,relaxed
Key.space,1759737162.4776464,0.143991470336914,0.3824470043182373,36.55551661146337,182.77758305731683,83,2.619047619047619,relaxed
t,1759737162.7183478,0.1036114692687988,0.2003214359283447,36.55551661146337,182.77758305731683,83,2.619047619047619,relaxed
h,1759737162.902741,0.0952897071838378,0.1760714054107666,36.55551661146337,182.77758305731683,83,2.619047619047619,relaxed
e,1759737163.0539446,0.080049991607666,0.1359639167785644,36.55551661146337,182.77758305731683,83,2.619047619047619,relaxed
Key.space,1759737163.286129,0.1199476718902587,0.2720820903778076,36.55551661146337,182.77758305731683,83,2.619047619047619,relaxed
Key.shift,1759737163.398154,0.2959096431732178,0.2879869937896728,36.55551661146337,182.77758305731683,83,2.619047619047619,relaxed
O,1759737164.2385252,0.0953848361968994,0.6398463249206543,36.55551661146337,182.77758305731683,83,2.619047619047619,relaxed
Key.shift,1759737163.9581723,0.3833107948303222,0.007573127746582,36.55551661146337,182.77758305731683,83,2.619047619047619,relaxed
l,1759737164.4786277,0.127760648727417,0.2649052143096924,36.55551661146337,182.77758305731683,83,2.619047619047619,relaxed
d,1759737164.6541374,0.0799965858459472,0.1277456283569336,36.55551661146337,182.77758305731683,83,2.619047619047619,relaxed
Key.space,1759737164.7821982,0.112703800201416,0.1607680320739746,36.55551661146337,182.77758305731683,83,2.619047619047619,relaxed
Key.shift,1759737165.0301006,0.1603040695190429,0.2955026626586914,36.55551661146337,182.77758305731683,83,2.619047619047619,relaxed
n,1759737165.3975809,0.1214158535003662,0.2650606632232666,36.55551661146337,182.77758305731683,83,2.619047619047619,relaxed
e,1759737165.5500493,0.0719091892242431,0.102961778640747,36.55551661146337,182.77758305731683,83,2.619047619047619,relaxed
",",1759737166.7267177,0.0874521732330322,1.1922111511230469,36.55551661146337,182.77758305731683,83,2.619047619047619,relaxed
Key.space,1759737166.934187,0.1033961772918701,0.2234134674072265,36.55551661146337,182.77758305731683,83,2.619047619047619,relaxed
a,1759737167.054312,0.1119372844696044,0.1286661624908447,36.55551661146337,182.77758305731683,83,2.619047619047619,relaxed
Key.space,1759737167.190076,0.1123511791229248,0.1361777782440185,36.55551661146337,182.77758305731683,83,2.619047619047619,relaxed
p,1759737168.1265502,0.1116716861724853,0.9357948303222656,36.55551661146337,182.77758305731683,83,2.619047619047619,relaxed
r,1759737168.2700615,0.0878040790557861,0.1196439266204834,36.55551661146337,182.77758305731683,83,2.619047619047619,relaxed
i,1759737168.5581396,0.0957896709442138,0.2960634231567383,36.55551661146337,182.77758305731683,83,2.619047619047619,relaxed
m,1759737168.749957,0.1203837394714355,0.2164115905761718,36.55551661146337,182.77758305731683,83,2.619047619047619,relaxed
o,1759737169.0216374,0.1124267578125,0.2637233734130859,36.55551661146337,182.77758305731683,83,2.619047619047619,relaxed
r,1759737169.1822126,0.087982177734375,0.1361305713653564,36.55551661146337,182.77758305731683,83,2.619047619047619,relaxed
d,1759737169.437822,0.1206085681915283,0.2882359027862549,36.55551661146337,182.77758305731683,83,2.619047619047619,relaxed
i,1759737169.6309278,0.0711305141448974,0.143627643585205,36.55551661146337,182.77758305731683,83,2.619047619047619,relaxed
a,1759737169.6299417,0.1439566612243652,0.0718398094177246,36.55551661146337,182.77758305731683,83,2.619047619047619,relaxed
l,1759737169.8784146,0.0955095291137695,0.2000260353088379,36.55551661146337,182.77758305731683,83,2.619047619047619,relaxed
Key.space,1759737170.2858677,0.1363887786865234,0.4483320713043213,36.55551661146337,182.77758305731683,83,2.619047619047619,relaxed
b,1759737170.8699942,0.1279332637786865,0.5756711959838867,36.55551661146337,182.77758305731683,83,2.619047619047619,relaxed
e,1759737171.0543256,0.0720388889312744,0.1284370422363281,36.55551661146337,182.77758305731683,83,2.619047619047619,relaxed
i,1759737171.176905,0.1810650825500488,0.2316055297851562,36.55551661146337,182.77758305731683,83,2.619047619047619,relaxed
n,1759737171.4217613,0.119873046875,0.183664321899414,36.55551661146337,182.77758305731683,83,2.619047619047619,relaxed
g,1759737171.5337012,0.1120095252990722,0.1040763854980468,36.55551661146337,182.77758305731683,83,2.619047619047619,relaxed
Key.space,1759737171.7735898,0.1207420825958252,0.2486212253570556,36.55551661146337,182.77758305731683,83,2.619047619047619,relaxed
o,1759737172.678002,0.1356654167175293,0.9193356037139891,36.55551661146337,182.77758305731683,83,2.619047619047619,relaxed
f,1759737173.15835,0.0876135826110839,0.4322960376739502,36.55551661146337,182.77758305731683,83,2.619047619047619,relaxed
Key.space,1759737173.3338685,0.1441535949707031,0.2320582866668701,36.55551661146337,182.77758305731683,83,2.619047619047619,relaxed
i,1759737174.1660187,0.0803213119506836,0.7683181762695312,36.55551661146337,182.77758305731683,83,2.619047619047619,relaxed
m,1759737174.3660612,0.0802721977233886,0.1999933719635009,36.55551661146337,182.77758305731683,83,2.619047619047619,relaxed
m,1759737174.5343666,0.0638103485107421,0.1518435478210449,36.55551661146337,182.77758305731683,83,2.619047619047619,relaxed
e,1759737174.742046,0.0800249576568603,0.2238938808441162,36.55551661146337,182.77758305731683,83,2.619047619047619,relaxed
n,1759737174.845966,0.0716669559478759,0.0955619812011718,36.55551661146337,182.77758305731683,83,2.619047619047619,relaxed
s,1759737175.0457852,0.1044714450836181,0.232623815536499,36.55551661146337,182.77758305731683,83,2.619047619047619,relaxed
e,1759737175.2623122,0.0881571769714355,0.2002127170562744,36.55551661146337,182.77758305731683,83,2.619047619047619,relaxed
Key.space,1759737175.333362,0.1286487579345703,0.1115412712097168,36.55551661146337,182.77758305731683,83,2.619047619047619,relaxed
p,1759737175.6702137,0.0956411361694336,0.3038442134857178,36.55551661146337,182.77758305731683,83,2.619047619047619,relaxed
o,1759737175.878059,0.0960097312927246,0.2082138061523437,36.55551661146337,182.77758305731683,83,2.619047619047619,relaxed
w,1759737175.9905343,0.1755170822143554,0.1919829845428466,36.55551661146337,182.77758305731683,83,2.619047619047619,relaxed
e,1759737176.5510848,0.0881271362304687,0.4731602668762207,36.55551661146337,182.77758305731683,83,2.619047619047619,relaxed
r,1759737177.4945292,0.1031248569488525,0.958442211151123,36.55551661146337,182.77758305731683,83,2.619047619047619,relaxed
Key.space,1759737177.606186,0.160158634185791,0.1686904430389404,36.55551661146337,182.77758305731683,83,2.619047619047619,relaxed
t,1759737177.8625083,0.0956277847290039,0.1917915344238281,36.55551661146337,182.77758305731683,83,2.619047619047619,relaxed
h,1759737178.0463054,0.1273918151855468,0.2155611515045166,36.55551661146337,182.77758305731683,83,2.619047619047619,relaxed
a,1759737178.1661468,0.1758267879486084,0.168276309967041,36.55551661146337,182.77758305731683,83,2.619047619047619,relaxed
t,1759737178.53395,0.0884156227111816,0.2803921699523926,36.55551661146337,182.77758305731683,83,2.619047619047619,relaxed
Key.space,1759737178.7821634,0.159942626953125,0.3197402954101562,36.55551661146337,182.77758305731683,83,2.619047619047619,relaxed
h,1759737179.1498954,0.0964307785034179,0.3042201995849609,36.55551661146337,182.77758305731683,83,2.619047619047619,relaxed
a,1759737179.2625086,0.1596736907958984,0.1758561134338379,36.55551661146337,182.77758305731683,83,2.619047619047619,relaxed
d,1759737179.429333,0.1044652462005615,0.1116158962249755,36.55551661146337,182.77758305731683,83,2.619047619047619,relaxed
Key.space,1759737179.5740669,0.1681089401245117,0.2083775997161865,36.55551661146337,182.77758305731683,83,2.619047619047619,relaxed
b,1759737180.2619188,0.1126842498779296,0.6324272155761719,36.55551661146337,182.77758305731683,83,2.619047619047619,relaxed
e,1759737180.4062347,0.1117255687713623,0.1433572769165039,36.55551661146337,182.77758305731683,83,2.619047619047619,relaxed
e,1759737180.6059444,0.096027135848999,0.1840112209320068,36.55551661146337,182.77758305731683,83,2.619047619047619,relaxed
n,1759737180.9101856,0.0798540115356445,0.2880680561065674,36.55551661146337,182.77758305731683,83,2.619047619047619,relaxed
Key.space,1759737181.1256237,0.063936710357666,0.1995208263397216,36.55551661146337,182.77758305731683,83,2.619047619047619,relaxed
k,1759737181.4465303,0.1189208030700683,0.3758907318115234,36.55551661146337,182.77758305731683,83,2.619047619047619,relaxed
e,1759737181.5900664,0.1276941299438476,0.1523094177246093,36.55551661146337,182.77758305731683,83,2.619047619047619,relaxed
p,1759737181.7738795,0.1285302639007568,0.1846492290496826,36.55551661146337,182.77758305731683,83,2.619047619047619,relaxed
t,1759737181.9743829,0.0877134799957275,0.1596865653991699,36.55551661146337,182.77758305731683,83,2.619047619047619,relaxed
Key.space,1759737182.246347,0.1109957695007324,0.2952463626861572,36.55551661146337,182.77758305731683,83,2.619047619047619,relaxed
i,1759737182.6867363,0.1031341552734375,0.4325277805328369,36.55551661146337,182.77758305731683,83,2.619047619047619,relaxed
n,1759737183.2700715,0.0964770317077636,0.5766782760620117,36.55551661146337,182.77758305731683,83,2.619047619047619,relaxed
Key.space,1759737183.485772,0.1205697059631347,0.239793062210083,36.55551661146337,182.77758305731683,83,2.619047619047619,relaxed
s,1759737183.8380327,0.1125845909118652,0.3442754745483398,36.55551661146337,182.77758305731683,83,2.619047619047619,relaxed
l,1759737183.957966,0.0800263881683349,0.0873749256134033,36.55551661146337,182.77758305731683,83,2.619047619047619,relaxed
u,1759737184.2064755,0.0795595645904541,0.2480430603027343,36.55551661146337,182.77758305731683,83,2.619047619047619,relaxed
m,1759737184.4063523,0.0879113674163818,0.2082283496856689,36.55551661146337,182.77758305731683,83,2.619047619047619,relaxed
b,1759737184.670184,0.0962686538696289,0.2721889019012451,36.55551661146337,182.77758305731683,83,2.619047619047619,relaxed
e,1759737184.806281,0.1195228099822998,0.1593515872955322,36.55551661146337,182.77758305731683,83,2.619047619047619,relaxed
r,1759737185.0379276,0.1279754638671875,0.2400989532470703,36.55551661146337,182.77758305731683,83,2.619047619047619,relaxed
Key.space,1759737185.4708157,0.1434388160705566,0.4483513832092285,36.55551661146337,182.77758305731683,83,2.619047619047619,relaxed
b,1759737185.9741006,0.1120786666870117,0.4719247817993164,36.55551661146337,182.77758305731683,83,2.619047619047619,relaxed
e,1759737186.101966,0.1123697757720947,0.1281564235687255,36.55551661146337,182.77758305731683,83,2.619047619047619,relaxed
n,1759737186.2536178,0.0964400768280029,0.1357221603393554,36.55551661146337,182.77758305731683,83,2.619047619047619,relaxed
e,1759737186.3819916,0.1124858856201171,0.1444196701049804,36.55551661146337,182.77758305731683,83,2.619047619047619,relaxed
a,1759737186.629531,0.1370975971221923,0.2721507549285888,36.55551661146337,182.77758305731683,83,2.619047619047619,relaxed
t,1759737186.8061943,0.0726418495178222,0.1122081279754638,36.55551661146337,182.77758305731683,83,2.619047619047619,relaxed
h,1759737187.0470026,0.1270697116851806,0.2952358722686767,36.55551661146337,182.77758305731683,83,2.619047619047619,relaxed
Key.space,1759737187.3419757,0.1521966457366943,0.3201000690460205,36.55551661146337,182.77758305731683,83,2.619047619047619,relaxed
t,1759737188.270181,0.072242259979248,0.8482508659362793,36.55551661146337,182.77758305731683,83,2.619047619047619,relaxed
h,1759737188.4220662,0.1205265522003173,0.200169563293457,36.55551661146337,182.77758305731683,83,2.619047619047619,relaxed
e,1759737188.550231,0.1124546527862548,0.1200928688049316,36.55551661146337,182.77758305731683,83,2.619047619047619,relaxed
Key.space,1759737188.710277,0.0959699153900146,0.1435613632202148,36.55551661146337,182.77758305731683,83,2.619047619047619,relaxed
l,1759737189.3744743,0.1522488594055175,0.7204763889312744,36.55551661146337,182.77758305731683,83,2.619047619047619,relaxed
a,1759737189.4944887,0.1513068675994873,0.1190721988677978,36.55551661146337,182.77758305731683,83,2.619047619047619,relaxed
n,1759737189.6859646,0.1444337368011474,0.1846027374267578,36.55551661146337,182.77758305731683,83,2.619047619047619,relaxed
d,1759737189.8541994,0.1043436527252197,0.1281447410583496,36.55551661146337,182.77758305731683,83,2.619047619047619,relaxed
",",1759737190.5343816,0.1280491352081298,0.7038877010345459,36.55551661146337,182.77758305731683,83,2.619047619047619,relaxed
Key.backspace,1759737190.9264214,0.1281056404113769,0.3920962810516357,36.55551661146337,182.77758305731683,83,2.619047619047619,relaxed
.,1759737191.278046,0.0473129749298095,0.2708320617675781,36.55551661146337,182.77758305731683,83,2.619047619047619,relaxed
T,1759737191.734695,0.0954508781433105,0.5047867298126221,36.55551661146337,182.77758305731683,83,2.619047619047619,relaxed
Key.shift,1759737191.582065,0.2641699314117431,0.0160892009735107,36.55551661146337,182.77758305731683,83,2.619047619047619,relaxed
h,1759737191.9742775,0.0954213142395019,0.2234640121459961,36.55551661146337,182.77758305731683,83,2.619047619047619,relaxed
e,1759737192.4223988,0.0960505008697509,0.4487502574920654,36.55551661146337,182.77758305731683,83,2.619047619047619,relaxed
Key.space,1759737192.6378598,0.1124517917633056,0.2318623065948486,36.55551661146337,182.77758305731683,83,2.619047619047619,relaxed
Key.shift,1759737192.97413,0.1518163681030273,0.3756346702575683,36.55551661146337,182.77758305731683,83,2.619047619047619,relaxed
l,1759737193.3181205,0.1118152141571044,0.2477381229400634,36.55551661146337,182.77758305731683,83,2.619047619047619,relaxed
d,1759737193.478144,0.1044073104858398,0.1526155471801757,36.55551661146337,182.77758305731683,83,2.619047619047619,relaxed
Key.space,1759737193.598587,0.1194746494293212,0.1355104446411132,36.55551661146337,182.77758305731683,83,2.619047619047619,relaxed
o,1759737194.0137177,0.1285138130187988,0.4241697788238525,36.55551661146337,182.77758305731683,83,2.619047619047619,relaxed
n,1759737194.278268,0.0797090530395507,0.2157456874847412,36.55551661146337,182.77758305731683,83,2.619047619047619,relaxed
e,1759737194.3984575,0.1127932071685791,0.1532735824584961,36.55551661146337,182.77758305731683,83,2.619047619047619,relaxed
Key.space,1759737195.630079,0.0959863662719726,1.2148146629333496,36.55551661146337,182.77758305731683,83,2.619047619047619,relaxed
a,1759737195.9663143,0.2156043052673339,0.4558532238006592,36.55551661146337,182.77758305731683,83,2.619047619047619,relaxed
w,1759737196.20633,0.0793936252593994,0.1038050651550293,36.55551661146337,182.77758305731683,83,2.619047619047619,relaxed
k,1759737196.982253,0.1038360595703125,0.8003654479980469,36.55551661146337,182.77758305731683,83,2.619047619047619,relaxed
e,1759737197.1104276,0.1121664047241211,0.1365048885345459,36.55551661146337,182.77758305731683,83,2.619047619047619,relaxed
n,1759737197.3025055,0.11973237991333,0.199643850326538,36.55551661146337,182.77758305731683,83,2.619047619047619,relaxed
i,1759737197.5183089,0.135047435760498,0.2311184406280517,36.55551661146337,182.77758305731683,83,2.619047619047619,relaxed
n,1759737197.7100377,0.1277556419372558,0.1844367980957031,36.55551661146337,182.77758305731683,83,2.619047619047619,relaxed
g,1759737197.853964,0.087766408920288,0.1039373874664306,36.55551661146337,182.77758305731683,83,2.619047619047619,relaxed
Key.space,1759737198.1345332,0.159646987915039,0.3524496555328369,36.55551661146337,182.77758305731683,83,2.619047619047619,relaxed
b,1759737198.9820893,0.1284832954406738,0.8163924217224121,36.55551661146337,182.77758305731683,83,2.619047619047619,relaxed
r,1759737199.1499605,0.0878064632415771,0.1271944046020507,36.55551661146337,182.77758305731683,83,2.619047619047619,relaxed
i,1759737199.325865,0.1040868759155273,0.1921849250793457,36.55551661146337,182.77758305731683,83,2.619047619047619,relaxed
n,1759737199.5422113,0.1117558479309082,0.2240152359008789,36.55551661146337,182.77758305731683,83,2.619047619047619,relaxed
g,1759737199.7816525,0.1041433811187744,0.2318286895751953,36.55551661146337,182.77758305731683,83,2.619047619047619,relaxed
s,1759737199.9183197,0.1199676990509033,0.1524915695190429,36.55551661146337,182.77758305731683,83,2.619047619047619,relaxed
Key.space,1759737200.094058,0.1199121475219726,0.175682783126831,36.55551661146337,182.77758305731683,83,2.619047619047619,relaxed
a,1759737200.4304268,0.1356332302093505,0.3520898818969726,36.55551661146337,182.77758305731683,83,2.619047619047619,relaxed
Key.space,1759737200.5733862,0.1283087730407714,0.1356348991394043,36.55551661146337,182.77758305731683,83,2.619047619047619,relaxed
m,1759737200.9035296,0.0946185588836669,0.2964532375335693,36.55551661146337,182.77758305731683,83,2.619047619047619,relaxed
a,1759737201.2624416,0.0954558849334716,0.3597493171691894,36.55551661146337,182.77758305731683,83,2.619047619047619,relaxed
g,1759737201.3982408,0.1034631729125976,0.1438064575195312,36.55551661146337,182.77758305731683,83,2.619047619047619,relaxed
i,1759737201.6542635,0.0882372856140136,0.2407970428466797,36.55551661146337,182.77758305731683,83,2.619047619047619,relaxed
c,1759737201.7579703,0.1126635074615478,0.1281328201293945,36.55551661146337,182.77758305731683,83,2.619047619047619,relaxed
a,1759737201.9896796,0.0882108211517334,0.2072565555572509,36.55551661146337,182.77758305731683,83,2.619047619047619,relaxed
l,1759737202.0699637,0.1120750904083252,0.1041483879089355,36.55551661146337,182.77758305731683,83,2.619047619047619,relaxed
Key.space,1759737202.382064,0.1200706958770752,0.3200960159301758,36.55551661146337,182.77758305731683,83,2.619047619047619,relaxed
D,1759737203.2544982,0.1117825508117675,0.8641459941864014,36.55551661146337,182.77758305731683,83,2.619047619047619,relaxed
Key.shift,1759737202.7901778,0.5917830467224121,0.0156800746917724,36.55551661146337,182.77758305731683,83,2.619047619047619,relaxed
e,1759737203.5500646,0.0639276504516601,0.2320313453674316,36.55551661146337,182.77758305731683,83,2.619047619047619,relaxed
e,1759737203.7186017,0.0717589855194091,0.1763684749603271,36.55551661146337,182.77758305731683,83,2.619047619047619,relaxed
p,1759737204.0862572,0.0955183506011962,0.3914148807525635,36.55551661146337,182.77758305731683,83,2.619047619047619,relaxed
Key.space,1759737204.3413873,0.1287908554077148,0.2884025573730469,36.55551661146337,182.77758305731683,83,2.619047619047619,relaxed
Key.shift,1759737204.5659952,0.3597767353057861,0.4555938243865967,36.55551661146337,182.77758305731683,83,2.619047619047619,relaxed
o,1759737205.0462532,0.1043717861175537,0.2005703449249267,36.55551661146337,182.77758305731683,83,2.619047619047619,relaxed
g,1759737205.285942,0.0724692344665527,0.2077863216400146,36.55551661146337,182.77758305731683,83,2.619047619047619,relaxed
Key.space,1759737205.5419507,0.1119263172149658,0.2954657077789306,36.55551661146337,182.77758305731683,83,2.619047619047619,relaxed
r,1759737206.4619355,0.0321340560913085,0.8401925563812256,36.55551661146337,182.77758305731683,83,2.619047619047619,relaxed
t,1759737206.4539266,0.0637946128845214,0.0236515998840332,36.55551661146337,182.77758305731683,83,2.619047619047619,relaxed
h,1759737206.638111,0.1120126247406005,0.2324025630950927,36.55551661146337,182.77758305731683,83,2.619047619047619,relaxed
a,1759737206.9016008,0.0890016555786132,0.2404787540435791,36.55551661146337,182.77758305731683,83,2.619047619047619,relaxed
Key.backspace,1759737207.7100072,0.0874824523925781,0.806887149810791,36.55551661146337,182.77758305731683,83,2.619047619047619,relaxed
Key.backspace,1759737207.8862982,0.0875711441040039,0.1763796806335449,36.55551661146337,182.77758305731683,83,2.619047619047619,relaxed
Key.backspace,1759737208.062319,0.0796313285827636,0.1680810451507568,36.55551661146337,182.77758305731683,83,2.619047619047619,relaxed
h,1759737208.5662594,0.0962555408477783,0.5205645561218262,36.55551661146337,182.77758305731683,83,2.619047619047619,relaxed
a,1759737208.7023325,0.1036820411682128,0.1434996128082275,36.55551661146337,182.77758305731683,83,2.619047619047619,relaxed
t,1759737208.862262,0.0876986980438232,0.1439461708068847,36.55551661146337,182.77758305731683,83,2.619047619047619,relaxed
Key.space,1759737209.0864918,0.1109192371368408,0.2474503517150879,36.55551661146337,182.77758305731683,83,2.619047619047619,relaxed
e,1759737209.1667037,0.0632839202880859,0.0325763225555419,36.55551661146337,182.77758305731683,83,2.619047619047619,relaxed
n,1759737210.2459812,0.104062795639038,1.1200566291809082,36.55551661146337,182.77758305731683,83,2.619047619047619,relaxed
v,1759737210.5981965,0.1128091812133789,0.3609616756439209,36.55551661146337,182.77758305731683,83,2.619047619047619,relaxed
e,1759737210.7903063,0.0956213474273681,0.1749219894409179,36.55551661146337,182.77758305731683,83,2.619047619047619,relaxed
l,1759737210.9980946,0.096473217010498,0.2086400985717773,36.55551661146337,182.77758305731683,83,2.619047619047619,relaxed
o,1759737211.2144542,0.0718142986297607,0.1917006969451904,36.55551661146337,182.77758305731683,83,2.619047619047619,relaxed
p,1759737211.4383583,0.079930305480957,0.2320203781127929,36.55551661146337,182.77758305731683,83,2.619047619047619,relaxed
s,1759737211.573924,0.1283771991729736,0.1840124130249023,36.55551661146337,182.77758305731683,83,2.619047619047619,relaxed
Key.space,1759737212.534029,0.1204380989074707,0.9521658420562744,36.55551661146337,182.77758305731683,83,2.619047619047619,relaxed
t,1759737213.3337028,0.1045536994934082,0.7837893962860107,36.55551661146337,182.77758305731683,83,2.619047619047619,relaxed
h,1759737213.5583544,0.0883412361145019,0.2084391117095947,36.55551661146337,182.77758305731683,83,2.619047619047619,relaxed
e,1759737213.653711,0.1047515869140625,0.1117670536041259,36.55551661146337,182.77758305731683,83,2.619047619047619,relaxed
Key.space,1759737213.8220694,0.1119506359100341,0.1755573749542236,36.55551661146337,182.77758305731683,83,2.619047619047619,relaxed
k,1759737214.1741824,0.0557098388671875,0.2958722114562988,36.55551661146337,182.77758305731683,83,2.619047619047619,relaxed
i,1759737214.3743367,0.0953245162963867,0.2397689819335937,36.55551661146337,182.77758305731683,83,2.619047619047619,relaxed
n,1759737214.590265,0.1041598320007324,0.2247636318206787,36.55551661146337,182.77758305731683,83,2.619047619047619,relaxed
g,1759737214.8857183,0.0807735919952392,0.2720670700073242,36.55551661146337,182.77758305731683,83,2.619047619047619,relaxed
d,1759737215.181708,0.0965697765350341,0.3117856979370117,36.55551661146337,182.77758305731683,83,2.619047619047619,relaxed
o,1759737215.334176,0.0802197456359863,0.1361181735992431,36.55551661146337,182.77758305731683,83,2.619047619047619,relaxed
m,1759737215.6062872,0.1044225692749023,0.296314001083374,36.55551661146337,182.77758305731683,83,2.619047619047619,relaxed
Key.space,1759737216.1822977,0.0721089839935302,0.5436968803405762,36.55551661146337,182.77758305731683,83,2.619047619047619,relaxed
c,1759737216.366176,0.1319344043731689,0.2437036037445068,36.55551661146337,182.77758305731683,83,2.619047619047619,relaxed
u,1759737216.7581158,0.064382791519165,0.3243882656097412,36.55551661146337,182.77758305731683,83,2.619047619047619,relaxed
Key.backspace,1759737217.5659535,0.0867993831634521,0.830254316329956,36.55551661146337,182.77758305731683,83,2.619047619047619,relaxed
a,1759737217.7585883,0.1195919513702392,0.2254273891448974,36.55551661146337,182.77758305731683,83,2.619047619047619,relaxed
u,1759737218.966059,0.1196770668029785,1.2075557708740234,36.55551661146337,182.77758305731683,83,2.619047619047619,relaxed
s,1759737219.0778143,0.1208205223083496,0.1128988265991211,36.55551661146337,182.77758305731683,83,2.619047619047619,relaxed
i,1759737219.2382064,0.1352317333221435,0.1748032569885254,36.55551661146337,182.77758305731683,83,2.619047619047619,relaxed
n,1759737219.4552588,0.1352472305297851,0.2170679569244384,36.55551661146337,182.77758305731683,83,2.619047619047619,relaxed
g,1759737219.5975096,0.112821340560913,0.1198248863220214,36.55551661146337,182.77758305731683,83,2.619047619047619,relaxed
Key.space,1759737219.7978806,0.144289493560791,0.2318391799926757,36.55551661146337,182.77758305731683,83,2.619047619047619,relaxed
t,1759737220.8059592,0.104363203048706,0.9681522846221924,36.55551661146337,182.77758305731683,83,2.619047619047619,relaxed
h,1759737220.99045,0.1120436191558837,0.1921713352203369,36.55551661146337,182.77758305731683,83,2.619047619047619,relaxed
e,1759737221.1264615,0.0874490737915039,0.1114170551300048,36.55551661146337,182.77758305731683,83,2.619047619047619,relaxed
Key.space,1759737221.25443,0.1042597293853759,0.1447789669036865,36.55551661146337,182.77758305731683,83,2.619047619047619,relaxed
s,1759737221.886323,0.0956189632415771,0.6232521533966064,36.55551661146337,182.77758305731683,83,2.619047619047619,relaxed
o,1759737221.9983003,0.1119346618652343,0.1282930374145507,36.55551661146337,182.77758305731683,83,2.619047619047619,relaxed
u,1759737222.246205,0.0799410343170166,0.2159111499786377,36.55551661146337,182.77758305731683,83,2.619047619047619,relaxed
l,1759737222.518361,0.1435484886169433,0.3357634544372558,36.55551661146337,182.77758305731683,83,2.619047619047619,relaxed
s,1759737222.646284,0.1197540760040283,0.104128360748291,36.55551661146337,182.77758305731683,83,2.619047619047619,relaxed
Key.space,1759737222.8543012,0.0800168514251709,0.1682801246643066,36.55551661146337,182.77758305731683,83,2.619047619047619,relaxed
s,1759737223.1266444,0.0716729164123535,0.2639992237091064,36.55551661146337,182.77758305731683,83,2.619047619047619,relaxed
Key.backspace,1759737224.1821449,0.1119723320007324,1.0957999229431152,36.55551661146337,182.77758305731683,83,2.619047619047619,relaxed
o,1759737224.5981214,0.1123945713043212,0.4163987636566162,36.55551661146337,182.77758305731683,83,2.619047619047619,relaxed
f,1759737225.0144138,0.1036205291748046,0.4075183868408203,36.55551661146337,182.77758305731683,83,2.619047619047619,relaxed
Key.space,1759737225.1336966,0.1200835704803466,0.1357457637786865,36.55551661146337,182.77758305731683,83,2.619047619047619,relaxed
i,1759737225.390615,0.1041791439056396,0.2410140037536621,36.55551661146337,182.77758305731683,83,2.619047619047619,relaxed
t,1759737225.5421891,0.07175874710083,0.1191537380218505,36.55551661146337,182.77758305731683,83,2.619047619047619,relaxed
s,1759737225.846492,0.1193997859954834,0.3519439697265625,36.55551661146337,182.77758305731683,83,2.619047619047619,relaxed
Key.space,1759737226.2294858,0.1453015804290771,0.4088954925537109,36.55551661146337,182.77758305731683,83,2.619047619047619,relaxed
i,1759737226.8783665,0.1116199493408203,0.615199089050293,36.55551661146337,182.77758305731683,83,2.619047619047619,relaxed
n,1759737227.062234,0.0955772399902343,0.1678247451782226,36.55551661146337,182.77758305731683,83,2.619047619047619,relaxed
g,1759737227.3102996,0.1040892601013183,0.256577730178833,36.55551661146337,182.77758305731683,83,2.619047619047619,relaxed
Key.backspace,1759737227.8224435,0.0872609615325927,0.4953155517578125,36.55551661146337,182.77758305731683,83,2.619047619047619,relaxed
h,1759737228.470079,0.0957405567169189,0.6561150550842285,36.55551661146337,182.77758305731683,83,2.619047619047619,relaxed
a,1759737228.5901685,0.1199312210083007,0.144280195236206,36.55551661146337,182.77758305731683,83,2.619047619047619,relaxed
b,1759737228.7422664,0.0876641273498535,0.119830846786499,36.55551661146337,182.77758305731683,83,2.619047619047619,relaxed
i,1759737229.0539572,0.0879697799682617,0.3119964599609375,36.55551661146337,182.77758305731683,83,2.619047619047619,relaxed
t,1759737229.374176,0.0722808837890625,0.3045299053192138,36.55551661146337,182.77758305731683,83,2.619047619047619,relaxed
a,1759737229.5025537,0.1354024410247802,0.1914992332458496,36.55551661146337,182.77758305731683,83,2.619047619047619,relaxed
n,1759737229.645922,0.0882620811462402,0.0962278842926025,36.55551661146337,182.77758305731683,83,2.619047619047619,relaxed
t,1759737231.742561,0.1117253303527832,2.120102405548096,36.55551661146337,182.77758305731683,83,2.619047619047619,relaxed
s,1759737231.8940158,0.0962092876434326,0.1359386444091797,36.55551661146337,182.77758305731683,83,2.619047619047619,relaxed
Key.space,1759737232.1421254,0.1042594909667968,0.2561597824096679,36.55551661146337,182.77758305731683,83,2.619047619047619,relaxed
t,1759737232.6626265,0.1117265224456787,0.5279679298400879,36.55551661146337,182.77758305731683,83,2.619047619047619,relaxed
o,1759737232.8218088,0.0960044860839843,0.1434605121612548,36.55551661146337,182.77758305731683,83,2.619047619047619,relaxed
Key.space,1759737233.0141895,0.111304759979248,0.2076811790466308,36.55551661146337,182.77758305731683,83,2.619047619047619,relaxed
b,1759737233.237702,0.0967910289764404,0.208998441696167,36.55551661146337,182.77758305731683,83,2.619047619047619,relaxed
e,1759737233.3749156,0.0634450912475586,0.103867769241333,36.55551661146337,182.77758305731683,83,2.619047619047619,relaxed
Key.space,1759737233.4857152,0.1130275726318359,0.1603820323944091,36.55551661146337,182.77758305731683,83,2.619047619047619,relaxed
d,1759737234.325837,0.1201188564300537,0.8472127914428711,36.55551661146337,182.77758305731683,83,2.619047619047619,relaxed
e,1759737234.4222355,0.1121048927307128,0.0883848667144775,36.55551661146337,182.77758305731683,83,2.619047619047619,relaxed
v,1759737235.2938795,0.1125876903533935,0.8721270561218262,36.55551661146337,182.77758305731683,83,2.619047619047619,relaxed
o,1759737235.4946392,0.071723461151123,0.1598951816558838,36.55551661146337,182.77758305731683,83,2.619047619047619,relaxed
u,1759737235.7673965,0.054772138595581,0.2558059692382812,36.55551661146337,182.77758305731683,83,2.619047619047619,relaxed
r,1759737235.9183362,0.1277940273284912,0.223961591720581,36.55551661146337,182.77758305731683,83,2.619047619047619,relaxed
e,1759737236.1097715,0.1040561199188232,0.1676976680755615,36.55551661146337,182.77758305731683,83,2.619047619047619,relaxed
d,1759737236.3101747,0.1038343906402587,0.200181245803833,36.55551661146337,182.77758305731683,83,2.619047619047619,relaxed
Key.space,1759737237.4938731,0.1438651084899902,1.223729133605957,36.55551661146337,182.77758305731683,83,2.619047619047619,relaxed
b,1759737237.709612,0.0887532234191894,0.1606268882751464,36.55551661146337,182.77758305731683,83,2.619047619047619,relaxed
y,1759737237.966497,0.063866376876831,0.2319982051849365,36.55551661146337,182.77758305731683,83,2.619047619047619,relaxed
Key.space,1759737238.118096,0.1600492000579834,0.2477819919586181,36.55551661146337,182.77758305731683,83,2.619047619047619,relaxed
d,1759737238.2224443,0.1676008701324463,0.1119000911712646,36.55551661146337,182.77758305731683,83,2.619047619047619,relaxed
e,1759737238.3507955,0.1036474704742431,0.0643975734710693,36.55551661146337,182.77758305731683,83,2.619047619047619,relaxed
m,1759737238.5022857,0.1046814918518066,0.1525242328643798,36.55551661146337,182.77758305731683,83,2.619047619047619,relaxed
o,1759737238.7668686,0.0950698852539062,0.2549712657928467,36.55551661146337,182.77758305731683,83,2.619047619047619,relaxed
n,1759737239.0057824,0.1201364994049072,0.2639803886413574,36.55551661146337,182.77758305731683,83,2.619047619047619,relaxed
s,1759737239.2136848,0.1045131683349609,0.1922791004180908,36.55551661146337,182.77758305731683,83,2.619047619047619,relaxed
Key.space,1759737239.366451,0.1278278827667236,0.1760809421539306,36.55551661146337,182.77758305731683,83,2.619047619047619,relaxed
a,1759737239.5817916,0.1678259372711181,0.2553386688232422,36.55551661146337,182.77758305731683,83,2.619047619047619,relaxed
d,1759737240.0703816,0.1118891239166259,0.4326531887054443,36.55551661146337,182.77758305731683,83,2.619047619047619,relaxed
n,1759737240.2454934,0.1125693321228027,0.1757919788360595,36.55551661146337,182.77758305731683,83,2.619047619047619,relaxed
Key.space,1759737240.4618163,0.1841399669647216,0.287893533706665,36.55551661146337,182.77758305731683,83,2.619047619047619,relaxed
t,1759737240.7978926,0.1125848293304443,0.2645211219787597,36.55551661146337,182.77758305731683,83,2.619047619047619,relaxed
u,1759737241.0304408,0.103588581085205,0.2235519886016845,36.55551661146337,182.77758305731683,83,2.619047619047619,relaxed
r,1759737241.1421692,0.0803756713867187,0.0885155200958252,36.55551661146337,182.77758305731683,83,2.619047619047619,relaxed
n,1759737241.2781737,0.1118125915527343,0.1674413681030273,36.55551661146337,182.77758305731683,83,2.619047619047619,relaxed
i,1759737241.5180347,0.1597347259521484,0.287783145904541,36.55551661146337,182.77758305731683,83,2.619047619047619,relaxed
n,1759737241.670262,0.1274502277374267,0.1199429035186767,36.55551661146337,182.77758305731683,83,2.619047619047619,relaxed
g,1759737241.7734394,0.1046693325042724,0.0803964138031005,36.55551661146337,182.77758305731683,83,2.619047619047619,relaxed
Key.space,1759737241.9337854,0.120387315750122,0.1760640144348144,36.55551661146337,182.77758305731683,83,2.619047619047619,relaxed
m,1759737242.1260276,0.1205074787139892,0.1923623085021972,36.55551661146337,182.77758305731683,83,2.619047619047619,relaxed
a,1759737242.2301786,0.1594381332397461,0.1430816650390625,36.55551661146337,182.77758305731683,83,2.619047619047619,relaxed
n,1759737242.3825705,0.0791785717010498,0.0721321105957031,36.55551661146337,182.77758305731683,83,2.619047619047619,relaxed
y,1759737242.6062906,0.0799648761749267,0.2245066165924072,36.55551661146337,182.77758305731683,83,2.619047619047619,relaxed
Key.space,1759737242.798337,0.1596603393554687,0.2717418670654297,36.55551661146337,182.77758305731683,83,2.619047619047619,relaxed
h,1759737242.9740105,0.0882611274719238,0.1042742729187011,36.55551661146337,182.77758305731683,83,2.619047619047619,relaxed
u,1759737243.1988103,0.0873405933380127,0.223879337310791,36.55551661146337,182.77758305731683,83,2.619047619047619,relaxed
m,1759737243.406122,0.1275653839111328,0.2475364208221435,36.55551661146337,182.77758305731683,83,2.619047619047619,relaxed
a,1759737243.5896,0.2000432014465332,0.2559559345245361,36.55551661146337,182.77758305731683,83,2.619047619047619,relaxed
n,1759737244.1586037,0.1119699478149414,0.4809303283691406,36.55551661146337,182.77758305731683,83,2.619047619047619,relaxed
Key.space,1759737245.1500444,0.1198897361755371,0.9993605613708496,36.55551661146337,182.77758305731683,83,2.619047619047619,relaxed
i,1759737245.4535644,0.0964612960815429,0.2800915241241455,36.55551661146337,182.77758305731683,83,2.619047619047619,relaxed
n,1759737245.6303952,0.1119463443756103,0.1923158168792724,36.55551661146337,182.77758305731683,83,2.619047619047619,relaxed
t,1759737245.7339523,0.1121480464935302,0.1037590503692627,36.55551661146337,182.77758305731683,83,2.619047619047619,relaxed
o,1759737245.9102333,0.0961267948150634,0.1602594852447509,36.55551661146337,182.77758305731683,83,2.619047619047619,relaxed
Key.space,1759737246.1424203,0.1276869773864746,0.2637474536895752,36.55551661146337,182.77758305731683,83,2.619047619047619,relaxed
m,1759737246.3740313,0.1038424968719482,0.2077662944793701,36.55551661146337,182.77758305731683,83,2.619047619047619,relaxed
i,1759737246.6699574,0.1361958980560302,0.3282794952392578,36.55551661146337,182.77758305731683,83,2.619047619047619,relaxed
n,1759737246.8467145,0.1434240341186523,0.1839849948883056,36.55551661146337,182.77758305731683,83,2.619047619047619,relaxed
d,1759737247.0142884,0.1441295146942138,0.1682796478271484,36.55551661146337,182.77758305731683,83,2.619047619047619,relaxed
l,1759737247.3187394,0.0715305805206298,0.2318520545959472,36.55551661146337,182.77758305731683,83,2.619047619047619,relaxed
e,1759737247.6698024,0.1040236949920654,0.3835561275482178,36.55551661146337,182.77758305731683,83,2.619047619047619,relaxed
s,1759737247.965771,0.0961842536926269,0.2881290912628174,36.55551661146337,182.77758305731683,83,2.619047619047619,relaxed
s,1759737248.165999,0.0720314979553222,0.1760752201080322,36.55551661146337,182.77758305731683,83,2.619047619047619,relaxed
Key.space,1759737248.7658634,0.1285557746887207,0.6563887596130371,36.55551661146337,182.77758305731683,83,2.619047619047619,relaxed
m,1759737249.0146766,0.0800924301147461,0.2003498077392578,36.55551661146337,182.77758305731683,83,2.619047619047619,relaxed
o,1759737249.254611,0.0804584026336669,0.2403004169464111,36.55551661146337,182.77758305731683,83,2.619047619047619,relaxed
n,1759737249.4462388,0.1042923927307128,0.2154617309570312,36.55551661146337,182.77758305731683,83,2.619047619047619,relaxed
s,1759737249.6219032,0.1045203208923339,0.1758923530578613,36.55551661146337,182.77758305731683,83,2.619047619047619,relaxed
t,1759737249.7825463,0.0954823493957519,0.1516051292419433,36.55551661146337,182.77758305731683,83,2.619047619047619,relaxed
e,1759737249.9339795,0.0958294868469238,0.1517806053161621,36.55551661146337,182.77758305731683,83,2.619047619047619,relaxed
r,1759737250.1422973,0.0634446144104003,0.1759326457977295,36.55551661146337,182.77758305731683,83,2.619047619047619,relaxed
s,1759737250.41405,0.1279079914093017,0.3362162113189697,36.55551661146337,182.77758305731683,83,2.619047619047619,relaxed
.,1759737250.7107012,0.0719718933105468,0.2407150268554687,36.55551661146337,182.77758305731683,83,2.619047619047619,relaxed
Key.alt_l,1759737251.1819637,0.1198418140411377,0.5191323757171631,36.55551661146337,182.77758305731683,83,2.619047619047619,relaxed
Key.tab,1759737251.245745,0.1445605754852295,0.0885000228881836,36.55551661146337,182.77758305731683,83,2.619047619047619,relaxed
Key.tab,1759737251.861503,0.184399127960205,0.6555964946746826,36.55551661146337,182.77758305731683,83,2.619047619047619,relaxed
Key.alt_l,1759737251.781432,0.5608820915222168,0.2964119911193847,36.55551661146337,182.77758305731683,83,2.619047619047619,relaxed
Key.tab,1759737252.2537622,0.1533725261688232,0.0648207664489746,36.55551661146337,182.77758305731683,83,2.619047619047619,relaxed
Key.esc,1759737253.30241,0.1122243404388427,1.0074994564056396,36.55551661146337,182.77758305731683,83,2.619047619047619,relaxed
Key.tab,1759729005.9126563,0.2152800559997558,0.1037695407867431,28.067456731107125,140.33728365553563,101,2.2535211267605635,relaxed
Key.shift,1759729014.0344703,0.0862584114074707,7.992792367935181,28.067456731107125,140.33728365553563,101,2.2535211267605635,relaxed
o,1759729014.425187,0.1272730827331543,0.3921568393707275,28.067456731107125,140.33728365553563,101,2.2535211267605635,relaxed
w,1759729014.8481803,0.2246077060699463,0.5203280448913574,28.067456731107125,140.33728365553563,101,2.2535211267605635,relaxed
e,1759729015.0810416,0.1277351379394531,0.1359884738922119,28.067456731107125,140.33728365553563,101,2.2535211267605635,relaxed
v,1759729015.3694074,0.1273307800292968,0.287961483001709,28.067456731107125,140.33728365553563,101,2.2535211267605635,relaxed
e,1759729015.4564464,0.168041706085205,0.1277499198913574,28.067456731107125,140.33728365553563,101,2.2535211267605635,relaxed
r,1759729016.0811994,0.1756131649017334,0.6323244571685791,28.067456731107125,140.33728365553563,101,2.2535211267605635,relaxed
Key.space,1759729016.4643462,0.1279826164245605,0.3355162143707275,28.067456731107125,140.33728365553563,101,2.2535211267605635,relaxed
a,1759729017.5130155,0.2233543395996093,1.1440410614013672,28.067456731107125,140.33728365553563,101,2.2535211267605635,relaxed
s,1759729017.7046764,0.1439521312713623,0.1122586727142334,28.067456731107125,140.33728365553563,101,2.2535211267605635,relaxed
Key.space,1759729017.9443722,0.1444859504699707,0.2402296066284179,28.067456731107125,140.33728365553563,101,2.2535211267605635,relaxed
c,1759729018.224263,0.1522603034973144,0.2876651287078857,28.067456731107125,140.33728365553563,101,2.2535211267605635,relaxed
e,1759729018.384524,0.1522157192230224,0.1602163314819336,28.067456731107125,140.33728365553563,101,2.2535211267605635,relaxed
n,1759729018.616864,0.1357998847961425,0.2159242630004882,28.067456731107125,140.33728365553563,101,2.2535211267605635,relaxed
t,1759729018.9362998,0.1198768615722656,0.3035128116607666,28.067456731107125,140.33728365553563,101,2.2535211267605635,relaxed
u,1759729019.864247,0.1922791004180908,1.000349760055542,28.067456731107125,140.33728365553563,101,2.2535211267605635,relaxed
r,1759729020.096948,0.136174201965332,0.1765956878662109,28.067456731107125,140.33728365553563,101,2.2535211267605635,relaxed
i,1759729020.2963617,0.1447181701660156,0.2079577445983886,28.067456731107125,140.33728365553563,101,2.2535211267605635,relaxed
e,1759729020.3929708,0.1511836051940918,0.1030745506286621,28.067456731107125,140.33728365553563,101,2.2535211267605635,relaxed
s,1759729021.0013862,0.1513774394989013,0.6086091995239258,28.067456731107125,140.33728365553563,101,2.2535211267605635,relaxed
Key.space,1759729021.288477,0.1600174903869629,0.2957308292388916,28.067456731107125,140.33728365553563,101,2.2535211267605635,relaxed
o,1759729022.2893517,0.0636157989501953,0.904473066329956,28.067456731107125,140.33728365553563,101,2.2535211267605635,relaxed
Key.backspace,1759729022.800064,0.1606924533843994,0.6077890396118164,28.067456731107125,140.33728365553563,101,2.2535211267605635,relaxed
p,1759729023.1524167,0.0965669155120849,0.2882270812988281,28.067456731107125,140.33728365553563,101,2.2535211267605635,relaxed
a,1759729023.2961516,0.1921546459197998,0.2393226623535156,28.067456731107125,140.33728365553563,101,2.2535211267605635,relaxed
s,1759729023.528338,0.0565192699432373,0.0965509414672851,28.067456731107125,140.33728365553563,101,2.2535211267605635,relaxed
s,1759729023.6971822,0.0874600410461425,0.1997849941253662,28.067456731107125,140.33728365553563,101,2.2535211267605635,relaxed
.,1759729024.720173,0.1123566627502441,1.0478873252868652,28.067456731107125,140.33728365553563,101,2.2535211267605635,relaxed
Key.backspace,1759729025.4084766,0.0954315662384033,0.6713786125183105,28.067456731107125,140.33728365553563,101,2.2535211267605635,relaxed
",",1759729025.680299,0.104443073272705,0.2808339595794678,28.067456731107125,140.33728365553563,101,2.2535211267605635,relaxed
Key.shift,1759729026.0001912,0.328519344329834,0.5439684391021729,28.067456731107125,140.33728365553563,101,2.2535211267605635,relaxed
t,1759729026.745042,0.0876898765563964,0.504021406173706,28.067456731107125,140.33728365553563,101,2.2535211267605635,relaxed
h,1759729027.0322962,0.1283648014068603,0.3279290199279785,28.067456731107125,140.33728365553563,101,2.2535211267605635,relaxed
e,1759729027.1846735,0.1354796886444091,0.1594922542572021,28.067456731107125,140.33728365553563,101,2.2535211267605635,relaxed
Key.space,1759729027.4484978,0.1282477378845214,0.2565922737121582,28.067456731107125,140.33728365553563,101,2.2535211267605635,relaxed
Key.shift,1759729027.7764826,0.3993017673492431,0.59903883934021,28.067456731107125,140.33728365553563,101,2.2535211267605635,relaxed
Key.backspace,1759729028.9049616,0.1037681102752685,0.8162436485290527,28.067456731107125,140.33728365553563,101,2.2535211267605635,relaxed
F,1759729029.232139,0.1122021675109863,0.3356115818023681,28.067456731107125,140.33728365553563,101,2.2535211267605635,relaxed
Key.shift,1759729029.04111,0.3514089584350586,0.0481777191162109,28.067456731107125,140.33728365553563,101,2.2535211267605635,relaxed
l,1759729029.9525945,0.1284003257751464,0.6884758472442627,28.067456731107125,140.33728365553563,101,2.2535211267605635,relaxed
a,1759729030.1040854,0.1601843833923339,0.1832749843597412,28.067456731107125,140.33728365553563,101,2.2535211267605635,relaxed
m,1759729030.37678,0.1280062198638916,0.2405164241790771,28.067456731107125,140.33728365553563,101,2.2535211267605635,relaxed
e,1759729030.5127869,0.1597943305969238,0.1677949428558349,28.067456731107125,140.33728365553563,101,2.2535211267605635,relaxed
Key.space,1759729030.9284887,0.14408540725708,0.3999929428100586,28.067456731107125,140.33728365553563,101,2.2535211267605635,relaxed
b,1759729031.768543,0.1201260089874267,0.8160948753356934,28.067456731107125,140.33728365553563,101,2.2535211267605635,relaxed
e,1759729031.8961525,0.1361739635467529,0.1436572074890136,28.067456731107125,140.33728365553563,101,2.2535211267605635,relaxed
g,1759729032.120276,0.0892417430877685,0.1771914958953857,28.067456731107125,140.33728365553563,101,2.2535211267605635,relaxed
i,1759729032.3761456,0.1525578498840332,0.319185733795166,28.067456731107125,140.33728365553563,101,2.2535211267605635,relaxed
n,1759729033.272586,0.119842529296875,0.863724946975708,28.067456731107125,140.33728365553563,101,2.2535211267605635,relaxed
s,1759729033.4328864,0.1598775386810302,0.2003355026245117,28.067456731107125,140.33728365553563,101,2.2535211267605635,relaxed
Key.space,1759729033.5841703,0.1925172805786132,0.1839237213134765,28.067456731107125,140.33728365553563,101,2.2535211267605635,relaxed
t,1759729033.9852445,0.1117737293243408,0.3203303813934326,28.067456731107125,140.33728365553563,101,2.2535211267605635,relaxed
o,1759729034.1688075,0.1354339122772216,0.2072234153747558,28.067456731107125,140.33728365553563,101,2.2535211267605635,relaxed
Key.space,1759729034.471781,0.1614539623260498,0.328993558883667,28.067456731107125,140.33728365553563,101,2.2535211267605635,relaxed
d,1759729034.687629,0.2086367607116699,0.2630307674407959,28.067456731107125,140.33728365553563,101,2.2535211267605635,relaxed
Key.backspace,1759729037.4726038,0.1841938495635986,2.7605319023132324,28.067456731107125,140.33728365553563,101,2.2535211267605635,relaxed
f,1759729038.4723177,0.0804154872894287,0.8959355354309082,28.067456731107125,140.33728365553563,101,2.2535211267605635,relaxed
a,1759729038.6801493,0.176072359085083,0.3034884929656982,28.067456731107125,140.33728365553563,101,2.2535211267605635,relaxed
d,1759729039.064783,0.215933084487915,0.4244945049285888,28.067456731107125,140.33728365553563,101,2.2535211267605635,relaxed
e,1759729040.105169,0.1436412334442138,0.9680941104888916,28.067456731107125,140.33728365553563,101,2.2535211267605635,relaxed
Key.space,1759729041.7686336,0.0721447467803955,1.591968059539795,28.067456731107125,140.33728365553563,101,2.2535211267605635,relaxed
b,1759729041.9525251,0.1361830234527588,0.2479298114776611,28.067456731107125,140.33728365553563,101,2.2535211267605635,relaxed
r,1759729042.1601894,0.1123428344726562,0.1838240623474121,28.067456731107125,140.33728365553563,101,2.2535211267605635,relaxed
i,1759729042.5521114,0.1281147003173828,0.407693862915039,28.067456731107125,140.33728365553563,101,2.2535211267605635,relaxed
n,1759729042.8331895,0.1429986953735351,0.2959620952606201,28.067456731107125,140.33728365553563,101,2.2535211267605635,relaxed
g,1759729043.0972214,0.0949306488037109,0.2159638404846191,28.067456731107125,140.33728365553563,101,2.2535211267605635,relaxed
i,1759729043.2328403,0.1832642555236816,0.2239525318145752,28.067456731107125,140.33728365553563,101,2.2535211267605635,relaxed
n,1759729043.40934,0.1353034973144531,0.1285388469696045,28.067456731107125,140.33728365553563,101,2.2535211267605635,relaxed
g,1759729043.560021,0.0972404479980468,0.1126179695129394,28.067456731107125,140.33728365553563,101,2.2535211267605635,relaxed
Key.space,1759729045.0002377,0.1281239986419677,1.471100091934204,28.067456731107125,140.33728365553563,101,2.2535211267605635,relaxed
w,1759729045.2003615,0.1364212036132812,0.2084212303161621,28.067456731107125,140.33728365553563,101,2.2535211267605635,relaxed
i,1759729045.3931386,0.1513452529907226,0.2077012062072754,28.067456731107125,140.33728365553563,101,2.2535211267605635,relaxed
t,1759729045.688838,0.0951623916625976,0.2395164966583252,28.067456731107125,140.33728365553563,101,2.2535211267605635,relaxed
h,1759729045.864149,0.1367247104644775,0.2168734073638916,28.067456731107125,140.33728365553563,101,2.2535211267605635,relaxed
Key.space,1759729046.1117172,0.1525719165802002,0.2634153366088867,28.067456731107125,140.33728365553563,101,2.2535211267605635,relaxed
i,1759729047.2561698,0.1202559471130371,1.1121366024017334,28.067456731107125,140.33728365553563,101,2.2535211267605635,relaxed
t,1759729047.384627,0.1037092208862304,0.1119105815887451,28.067456731107125,140.33728365553563,101,2.2535211267605635,relaxed
Key.space,1759729047.5284774,0.1593554019927978,0.1994965076446533,28.067456731107125,140.33728365553563,101,2.2535211267605635,relaxed
t,1759729047.6723506,0.0960664749145507,0.0805842876434326,28.067456731107125,140.33728365553563,101,2.2535211267605635,relaxed
h,1759729047.8566685,0.152552843093872,0.2408041954040527,28.067456731107125,140.33728365553563,101,2.2535211267605635,relaxed
e,1759729048.0332017,0.1437392234802246,0.1677196025848388,28.067456731107125,140.33728365553563,101,2.2535211267605635,relaxed
Key.space,1759729048.2327988,0.1521577835083007,0.2080156803131103,28.067456731107125,140.33728365553563,101,2.2535211267605635,relaxed
u,1759729050.3208325,0.120164155960083,2.056039810180664,28.067456731107125,140.33728365553563,101,2.2535211267605635,relaxed
n,1759729050.5282636,0.1121025085449218,0.1993696689605713,28.067456731107125,140.33728365553563,101,2.2535211267605635,relaxed
d,1759729050.6963568,0.1603124141693115,0.2163031101226806,28.067456731107125,140.33728365553563,101,2.2535211267605635,relaxed
e,1759729050.8251662,0.1836874485015869,0.1521844863891601,28.067456731107125,140.33728365553563,101,2.2535211267605635,relaxed
a,1759729051.0647805,0.1764163970947265,0.2323431968688964,28.067456731107125,140.33728365553563,101,2.2535211267605635,relaxed
d,1759729051.2487552,0.1116166114807128,0.1191749572753906,28.067456731107125,140.33728365553563,101,2.2535211267605635,relaxed
Key.space,1759729051.4162736,0.144937515258789,0.2008392810821533,28.067456731107125,140.33728365553563,101,2.2535211267605635,relaxed
c,1759729051.5915468,0.1045308113098144,0.1348664760589599,28.067456731107125,140.33728365553563,101,2.2535211267605635,relaxed
u,1759729051.8807414,0.1206972599029541,0.3053610324859619,28.067456731107125,140.33728365553563,101,2.2535211267605635,relaxed
r,1759729052.0247755,0.1278927326202392,0.1512298583984375,28.067456731107125,140.33728365553563,101,2.2535211267605635,relaxed
s,1759729052.3045936,0.1756346225738525,0.3275597095489502,28.067456731107125,140.33728365553563,101,2.2535211267605635,relaxed
e,1759729052.576853,0.1114101409912109,0.2080349922180175,28.067456731107125,140.33728365553563,101,2.2535211267605635,relaxed
h,1759729055.392688,0.1035025119781494,0.1676287651062011,28.067456731107125,140.33728365553563,101,2.2535211267605635,relaxed
a,1759729055.5449913,0.1597828865051269,0.2085835933685302,28.067456731107125,140.33728365553563,101,2.2535211267605635,relaxed
t,1759729055.8722074,0.1366374492645263,0.3040707111358642,28.067456731107125,140.33728365553563,101,2.2535211267605635,relaxed
Key.space,1759729056.3207147,0.1438615322113037,0.4557313919067383,28.067456731107125,140.33728365553563,101,2.2535211267605635,relaxed
c,1759729056.992818,0.1279501914978027,0.6561918258666992,28.067456731107125,140.33728365553563,101,2.2535211267605635,relaxed
a,1759729057.2242343,0.1607053279876709,0.2641716003417969,28.067456731107125,140.33728365553563,101,2.2535211267605635,relaxed
u,1759729057.456835,0.1042335033416748,0.17612886428833,28.067456731107125,140.33728365553563,101,2.2535211267605635,relaxed
s,1759729057.552389,0.1442155838012695,0.135535717010498,28.067456731107125,140.33728365553563,101,2.2535211267605635,relaxed
e,1759729057.8326666,0.1209874153137207,0.2570497989654541,28.067456731107125,140.33728365553563,101,2.2535211267605635,relaxed
s,1759729058.1286962,0.135871410369873,0.3109135627746582,28.067456731107125,140.33728365553563,101,2.2535211267605635,relaxed
Key.space,1759729059.6807332,0.1678700447082519,1.5840356349945068,28.067456731107125,140.33728365553563,101,2.2535211267605635,relaxed
h,1759729060.1442304,0.07275390625,0.3683810234069824,28.067456731107125,140.33728365553563,101,2.2535211267605635,relaxed
u,1759729060.8802092,0.0964777469635009,0.7597026824951172,28.067456731107125,140.33728365553563,101,2.2535211267605635,relaxed
m,1759729061.144701,0.1274991035461425,0.2955131530761719,28.067456731107125,140.33728365553563,101,2.2535211267605635,relaxed
a,1759729061.6403315,0.1523630619049072,0.5204944610595703,28.067456731107125,140.33728365553563,101,2.2535211267605635,relaxed
n,1759729061.8329997,0.1273458003997802,0.1676509380340576,28.067456731107125,140.33728365553563,101,2.2535211267605635,relaxed
s,1759729061.9685092,0.1675164699554443,0.1756801605224609,28.067456731107125,140.33728365553563,101,2.2535211267605635,relaxed
Key.space,1759729064.6482506,0.1763200759887695,2.688544988632202,28.067456731107125,140.33728365553563,101,2.2535211267605635,relaxed
t,1759729065.048575,0.1367518901824951,0.3607561588287353,28.067456731107125,140.33728365553563,101,2.2535211267605635,relaxed
o,1759729065.2567923,0.0554726123809814,0.1269383430480957,28.067456731107125,140.33728365553563,101,2.2535211267605635,relaxed
Key.space,1759729066.095966,0.1127412319183349,0.896442174911499,28.067456731107125,140.33728365553563,101,2.2535211267605635,relaxed
r,1759729066.2649212,0.1520044803619384,0.2082183361053466,28.067456731107125,140.33728365553563,101,2.2535211267605635,relaxed
e,1759729066.4326994,0.1359055042266845,0.1516792774200439,28.067456731107125,140.33728365553563,101,2.2535211267605635,relaxed
s,1759729066.8321629,0.1210267543792724,0.3845846652984619,28.067456731107125,140.33728365553563,101,2.2535211267605635,relaxed
s,1759729067.0403686,0.1121988296508789,0.1993777751922607,28.067456731107125,140.33728365553563,101,2.2535211267605635,relaxed
u,1759729067.585115,0.1190006732940673,0.5515482425689697,28.067456731107125,140.33728365553563,101,2.2535211267605635,relaxed
r,1759729067.7762983,0.1281929016113281,0.2003757953643798,28.067456731107125,140.33728365553563,101,2.2535211267605635,relaxed
e,1759729067.9608345,0.1279890537261963,0.1843321323394775,28.067456731107125,140.33728365553563,101,2.2535211267605635,relaxed
c,1759729068.2008383,0.1116268634796142,0.2236416339874267,28.067456731107125,140.33728365553563,101,2.2535211267605635,relaxed
t,1759729068.4803834,0.1362688541412353,0.3041870594024658,28.067456731107125,140.33728365553563,101,2.2535211267605635,relaxed
Key.space,1759729069.9685037,0.1293344497680664,1.4811859130859375,28.067456731107125,140.33728365553563,101,2.2535211267605635,relaxed
e,1759729070.2729216,0.1432528495788574,0.3183362483978271,28.067456731107125,140.33728365553563,101,2.2535211267605635,relaxed
n,1759729070.4481597,0.1280696392059326,0.1600549221038818,28.067456731107125,140.33728365553563,101,2.2535211267605635,relaxed
d,1759729070.584164,0.1445682048797607,0.1525027751922607,28.067456731107125,140.33728365553563,101,2.2535211267605635,relaxed
l,1759729070.9048553,0.1360025405883789,0.3121256828308105,28.067456731107125,140.33728365553563,101,2.2535211267605635,relaxed
e,1759729071.0323443,0.1207821369171142,0.1122686862945556,28.067456731107125,140.33728365553563,101,2.2535211267605635,relaxed
s,1759729071.3286788,0.1440184116363525,0.319570779800415,28.067456731107125,140.33728365553563,101,2.2535211267605635,relaxed
s,1759729072.8322146,0.0881195068359375,1.4476368427276611,28.067456731107125,140.33728365553563,101,2.2535211267605635,relaxed
s,1759729073.016444,0.0726284980773925,0.1687383651733398,28.067456731107125,140.33728365553563,101,2.2535211267605635,relaxed
l,1759729073.5607913,0.1358735561370849,0.6075923442840576,28.067456731107125,140.33728365553563,101,2.2535211267605635,relaxed
y,1759729073.7859812,0.1425437927246093,0.2318601608276367,28.067456731107125,140.33728365553563,101,2.2535211267605635,relaxed
Key.space,1759729075.264198,0.1446905136108398,1.4803636074066162,28.067456731107125,140.33728365553563,101,2.2535211267605635,relaxed
w,1759729075.4966393,0.1364080905914306,0.224158763885498,28.067456731107125,140.33728365553563,101,2.2535211267605635,relaxed
h,1759729075.7366228,0.1123230457305908,0.2158985137939453,28.067456731107125,140.33728365553563,101,2.2535211267605635,relaxed
i,1759729076.016909,0.0713012218475341,0.2392642498016357,28.067456731107125,140.33728365553563,101,2.2535211267605635,relaxed
l,1759729076.2090268,0.1197538375854492,0.2405705451965332,28.067456731107125,140.33728365553563,101,2.2535211267605635,relaxed
e,1759729076.353395,0.0865366458892822,0.1111509799957275,28.067456731107125,140.33728365553563,101,2.2535211267605635,relaxed
Key.space,1759729076.5358489,0.1290748119354248,0.224992036819458,28.067456731107125,140.33728365553563,101,2.2535211267605635,relaxed
g,1759729077.1123948,0.0964300632476806,0.5439012050628662,28.067456731107125,140.33728365553563,101,2.2535211267605635,relaxed
r,1759729077.2326913,0.1201837062835693,0.144050121307373,28.067456731107125,140.33728365553563,101,2.2535211267605635,relaxed
a,1759729077.4574733,0.1908795833587646,0.2954778671264648,28.067456731107125,140.33728365553563,101,2.2535211267605635,relaxed
d,1759729077.6164784,0.103971242904663,0.0720968246459961,28.067456731107125,140.33728365553563,101,2.2535211267605635,relaxed
u,1759729077.801083,0.087116003036499,0.1677494049072265,28.067456731107125,140.33728365553563,101,2.2535211267605635,relaxed
a,1759729077.9445195,0.1202170848846435,0.1765375137329101,28.067456731107125,140.33728365553563,101,2.2535211267605635,relaxed
l,1759729078.1606474,0.0882434844970703,0.1841542720794677,28.067456731107125,140.33728365553563,101,2.2535211267605635,relaxed
l,1759729078.3446238,0.0473153591156005,0.1430482864379882,28.067456731107125,140.33728365553563,101,2.2535211267605635,relaxed
y,1759729078.6242998,0.0886425971984863,0.3210031986236572,28.067456731107125,140.33728365553563,101,2.2535211267605635,relaxed
Key.space,1759729078.8722937,0.1121883392333984,0.2715394496917724,28.067456731107125,140.33728365553563,101,2.2535211267605635,relaxed
l,1759729081.1370344,0.0954134464263916,2.247966051101685,28.067456731107125,140.33728365553563,101,2.2535211267605635,relaxed
o,1759729081.3278284,0.1290984153747558,0.2244789600372314,28.067456731107125,140.33728365553563,101,2.2535211267605635,relaxed
s,1759729081.4329183,0.1439065933227539,0.1198983192443847,28.067456731107125,140.33728365553563,101,2.2535211267605635,relaxed
i,1759729081.7046125,0.1598496437072754,0.2876369953155517,28.067456731107125,140.33728365553563,101,2.2535211267605635,relaxed
n,1759729081.9039896,0.1450364589691162,0.1845638751983642,28.067456731107125,140.33728365553563,101,2.2535211267605635,relaxed
g,1759729082.000503,0.1284291744232177,0.0799062252044677,28.067456731107125,140.33728365553563,101,2.2535211267605635,relaxed
Key.space,1759729082.1599605,0.1443955898284912,0.1754236221313476,28.067456731107125,140.33728365553563,101,2.2535211267605635,relaxed
t,1759729082.312355,0.1209471225738525,0.128946304321289,28.067456731107125,140.33728365553563,101,2.2535211267605635,relaxed
h,1759729082.4723718,0.1121232509613037,0.1511929035186767,28.067456731107125,140.33728365553563,101,2.2535211267605635,relaxed
e,1759729082.6242547,0.1365079879760742,0.1762676239013672,28.067456731107125,140.33728365553563,101,2.2535211267605635,relaxed
i,1759729082.9442282,0.1281466484069824,0.3116121292114258,28.067456731107125,140.33728365553563,101,2.2535211267605635,relaxed
r,1759729083.080827,0.1112661361694336,0.119718313217163,28.067456731107125,140.33728365553563,101,2.2535211267605635,relaxed
e,1759729083.2003105,0.0808520317077636,0.0890693664550781,28.067456731107125,140.33728365553563,101,2.2535211267605635,relaxed
Key.backspace,1759729084.1124375,0.0873787403106689,0.918653964996338,28.067456731107125,140.33728365553563,101,2.2535211267605635,relaxed
Key.space,1759729084.3845534,0.1197764873504638,0.3045134544372558,28.067456731107125,140.33728365553563,101,2.2535211267605635,relaxed
s,1759729084.536257,0.1763637065887451,0.2082908153533935,28.067456731107125,140.33728365553563,101,2.2535211267605635,relaxed
a,1759729084.6481194,0.136042833328247,0.0715415477752685,28.067456731107125,140.33728365553563,101,2.2535211267605635,relaxed
n,1759729084.920326,0.1040256023406982,0.2401893138885498,28.067456731107125,140.33728365553563,101,2.2535211267605635,relaxed
i,1759729085.3682568,0.0961349010467529,0.440040111541748,28.067456731107125,140.33728365553563,101,2.2535211267605635,relaxed
t,1759729085.6724954,0.0803658962249755,0.2884695529937744,28.067456731107125,140.33728365553563,101,2.2535211267605635,relaxed
y,1759729085.9209752,0.0952820777893066,0.2633960247039795,28.067456731107125,140.33728365553563,101,2.2535211267605635,relaxed
.,1759729087.5450163,0.0559139251708984,1.584672927856445,28.067456731107125,140.33728365553563,101,2.2535211267605635,relaxed
Key.shift,1759729087.8802092,0.2238223552703857,0.5031013488769531,28.067456731107125,140.33728365553563,101,2.2535211267605635,relaxed
w,1759729088.4327478,0.1511952877044677,0.4152665138244629,28.067456731107125,140.33728365553563,101,2.2535211267605635,relaxed
y,1759729089.776677,0.1039621829986572,1.2966957092285156,28.067456731107125,140.33728365553563,101,2.2535211267605635,relaxed
n,1759729090.0329838,0.1431455612182617,0.2954905033111572,28.067456731107125,140.33728365553563,101,2.2535211267605635,relaxed
Key.space,1759729090.680296,0.1601631641387939,0.6643297672271729,28.067456731107125,140.33728365553563,101,2.2535211267605635,relaxed
a,1759729091.0166504,0.1525712013244629,0.3287625312805176,28.067456731107125,140.33728365553563,101,2.2535211267605635,relaxed
t,1759729091.4325392,0.064089298248291,0.3274068832397461,28.067456731107125,140.33728365553563,101,2.2535211267605635,relaxed
t,1759729091.6642857,0.1125605106353759,0.2802176475524902,28.067456731107125,140.33728365553563,101,2.2535211267605635,relaxed
e,1759729092.1844883,0.1122260093688964,0.5198683738708496,28.067456731107125,140.33728365553563,101,2.2535211267605635,relaxed
m,1759729092.4484112,0.1118204593658447,0.2635171413421631,28.067456731107125,140.33728365553563,101,2.2535211267605635,relaxed
p,1759729093.1762228,0.1440680027008056,0.760059118270874,28.067456731107125,140.33728365553563,101,2.2535211267605635,relaxed
s,1759729093.296612,0.1762046813964843,0.1525259017944336,28.067456731107125,140.33728365553563,101,2.2535211267605635,relaxed
Key.space,1759729093.656745,0.119617223739624,0.3035454750061035,28.067456731107125,140.33728365553563,101,2.2535211267605635,relaxed
t,1759729093.9602945,0.1200995445251464,0.3040318489074707,28.067456731107125,140.33728365553563,101,2.2535211267605635,relaxed
o,1759729094.1445253,0.0799112319946289,0.1440424919128418,28.067456731107125,140.33728365553563,101,2.2535211267605635,relaxed
Key.space,1759729094.448354,0.1194031238555908,0.3433206081390381,28.067456731107125,140.33728365553563,101,2.2535211267605635,relaxed
Key.backspace,1759729095.8083782,0.1123824119567871,0.7768337726593018,28.067456731107125,140.33728365553563,101,2.2535211267605635,relaxed
t,1759729095.9931765,0.1030111312866211,0.175426959991455,28.067456731107125,140.33728365553563,101,2.2535211267605635,relaxed
a,1759729096.328798,0.1436226367950439,0.3762331008911133,28.067456731107125,140.33728365553563,101,2.2535211267605635,relaxed
v,1759729097.1689951,0.1436710357666015,0.8402454853057861,28.067456731107125,140.33728365553563,101,2.2535211267605635,relaxed
e,1759729097.3363712,0.1523256301879882,0.1760306358337402,28.067456731107125,140.33728365553563,101,2.2535211267605635,relaxed
Key.space,1759729097.553237,0.135448932647705,0.1999890804290771,28.067456731107125,140.33728365553563,101,2.2535211267605635,relaxed
o,1759729098.2563298,0.1198494434356689,0.6874933242797852,28.067456731107125,140.33728365553563,101,2.2535211267605635,relaxed
f,1759729098.4483676,0.088449478149414,0.1606378555297851,28.067456731107125,140.33728365553563,101,2.2535211267605635,relaxed
f,1759729098.6405776,0.0882101058959961,0.1919705867767334,28.067456731107125,140.33728365553563,101,2.2535211267605635,relaxed
Key.space,1759729099.056347,0.1602084636688232,0.4877676963806152,28.067456731107125,140.33728365553563,101,2.2535211267605635,relaxed
t,1759729099.8321416,0.0884459018707275,0.7040321826934814,28.067456731107125,140.33728365553563,101,2.2535211267605635,relaxed
h,1759729099.9678917,0.1129331588745117,0.1602373123168945,28.067456731107125,140.33728365553563,101,2.2535211267605635,relaxed
i,1759729100.2005882,0.1355395317077636,0.2553029060363769,28.067456731107125,140.33728365553563,101,2.2535211267605635,relaxed
s,1759729100.344792,0.1356534957885742,0.1443178653717041,28.067456731107125,140.33728365553563,101,2.2535211267605635,relaxed
Key.space,1759729100.5604992,0.1117691993713378,0.1918227672576904,28.067456731107125,140.33728365553563,101,2.2535211267605635,relaxed
d,1759729100.7361965,0.1353073120117187,0.199235200881958,28.067456731107125,140.33728365553563,101,2.2535211267605635,relaxed
a,1759729100.9366252,0.1600356101989746,0.2251572608947754,28.067456731107125,140.33728365553563,101,2.2535211267605635,relaxed
r,1759729101.161282,0.1112964153289794,0.1759176254272461,28.067456731107125,140.33728365553563,101,2.2535211267605635,relaxed
k,1759729101.7763624,0.1443443298339843,0.6481282711029053,28.067456731107125,140.33728365553563,101,2.2535211267605635,relaxed
n,1759729102.0249157,0.1203205585479736,0.2245295047760009,28.067456731107125,140.33728365553563,101,2.2535211267605635,relaxed
e,1759729102.20047,0.159989595413208,0.2152233123779297,28.067456731107125,140.33728365553563,101,2.2535211267605635,relaxed
s,1759729102.6562974,0.0809988975524902,0.3768367767333984,28.067456731107125,140.33728365553563,101,2.2535211267605635,relaxed
s,1759729102.920324,0.0962638854980468,0.2792916297912597,28.067456731107125,140.33728365553563,101,2.2535211267605635,relaxed
Key.space,1759729103.1452608,0.1591506004333496,0.2878234386444092,28.067456731107125,140.33728365553563,101,2.2535211267605635,relaxed
b,1759729103.7366157,0.0958852767944336,0.5280895233154297,28.067456731107125,140.33728365553563,101,2.2535211267605635,relaxed
y,1759729104.0166235,0.0875587463378906,0.2716813087463379,28.067456731107125,140.33728365553563,101,2.2535211267605635,relaxed
Key.space,1759729104.280612,0.1037380695343017,0.280167818069458,28.067456731107125,140.33728365553563,101,2.2535211267605635,relaxed
s,1759729105.216253,0.1523492336273193,0.9842522144317628,28.067456731107125,140.33728365553563,101,2.2535211267605635,relaxed
a,1759729105.624344,0.1852138042449951,0.4409554004669189,28.067456731107125,140.33728365553563,101,2.2535211267605635,relaxed
c,1759729105.912923,0.1191720962524414,0.2225375175476074,28.067456731107125,140.33728365553563,101,2.2535211267605635,relaxed
r,1759729106.5764308,0.0962603092193603,0.6405959129333496,28.067456731107125,140.33728365553563,101,2.2535211267605635,relaxed
i,1759729107.184498,0.1356570720672607,0.6474640369415283,28.067456731107125,140.33728365553563,101,2.2535211267605635,relaxed
f,1759729107.352625,0.1043727397918701,0.1368424892425537,28.067456731107125,140.33728365553563,101,2.2535211267605635,relaxed
i,1759729107.5289614,0.1114025115966796,0.1833662986755371,28.067456731107125,140.33728365553563,101,2.2535211267605635,relaxed
c,1759729108.464775,0.1520519256591797,0.9764633178710938,28.067456731107125,140.33728365553563,101,2.2535211267605635,relaxed
i,1759729109.2483332,0.1280906200408935,0.759596586227417,28.067456731107125,140.33728365553563,101,2.2535211267605635,relaxed
n,1759729109.4970295,0.1109869480133056,0.2315926551818847,28.067456731107125,140.33728365553563,101,2.2535211267605635,relaxed
g,1759729109.6401954,0.1200182437896728,0.1521971225738525,28.067456731107125,140.33728365553563,101,2.2535211267605635,relaxed
Key.space,1759729110.7278666,0.1367063522338867,1.1043593883514404,28.067456731107125,140.33728365553563,101,2.2535211267605635,relaxed
h,1759729111.0805583,0.1039373874664306,0.319922924041748,28.067456731107125,140.33728365553563,101,2.2535211267605635,relaxed
i,1759729111.3770008,0.1275017261505127,0.3200066089630127,28.067456731107125,140.33728365553563,101,2.2535211267605635,relaxed
m,1759729111.5843532,0.1284756660461425,0.2083263397216797,28.067456731107125,140.33728365553563,101,2.2535211267605635,relaxed
s,1759729111.7603693,0.1438837051391601,0.1914241313934326,28.067456731107125,140.33728365553563,101,2.2535211267605635,relaxed
e,1759729112.0247447,0.1278061866760254,0.2482979297637939,28.067456731107125,140.33728365553563,101,2.2535211267605635,relaxed
l,1759729112.160655,0.1118278503417968,0.119931936264038,28.067456731107125,140.33728365553563,101,2.2535211267605635,relaxed
f,1759729112.3364198,0.1367335319519043,0.2006704807281494,28.067456731107125,140.33728365553563,101,2.2535211267605635,relaxed
Key.space,1759729113.6563888,0.1516149044036865,1.3348503112792969,28.067456731107125,140.33728365553563,101,2.2535211267605635,relaxed
t,1759729114.1688418,0.0957453250885009,0.4565834999084472,28.067456731107125,140.33728365553563,101,2.2535211267605635,relaxed
o,1759729114.28871,0.0877528190612793,0.1118755340576171,28.067456731107125,140.33728365553563,101,2.2535211267605635,relaxed
Key.space,1759729114.504254,0.1442220211029052,0.2720131874084472,28.067456731107125,140.33728365553563,101,2.2535211267605635,relaxed
t,1759729114.6013083,0.1028151512145996,0.0556476116180419,28.067456731107125,140.33728365553563,101,2.2535211267605635,relaxed
h,1759729114.8008409,0.1034741401672363,0.2001914978027343,28.067456731107125,140.33728365553563,101,2.2535211267605635,relaxed
e,1759729114.920869,0.1281476020812988,0.1447017192840576,28.067456731107125,140.33728365553563,101,2.2535211267605635,relaxed
Key.space,1759729115.1127625,0.0957193374633789,0.1594650745391845,28.067456731107125,140.33728365553563,101,2.2535211267605635,relaxed
Key.shift,1759729115.5281694,0.3757870197296142,0.6954746246337891,28.067456731107125,140.33728365553563,101,2.2535211267605635,relaxed
a,1759729116.4884632,0.1601819992065429,0.7038776874542236,28.067456731107125,140.33728365553563,101,2.2535211267605635,relaxed
Key.backspace,1759729116.912551,0.1283028125762939,0.3922085762023926,28.067456731107125,140.33728365553563,101,2.2535211267605635,relaxed
l,1759729117.336736,0.1207408905029296,0.4166231155395508,28.067456731107125,140.33728365553563,101,2.2535211267605635,relaxed
a,1759729117.4726691,0.1597809791564941,0.1749732494354248,28.067456731107125,140.33728365553563,101,2.2535211267605635,relaxed
m,1759729117.6568425,0.1039474010467529,0.1283397674560547,28.067456731107125,140.33728365553563,101,2.2535211267605635,relaxed
e,1759729117.8086622,0.121284008026123,0.1691563129425048,28.067456731107125,140.33728365553563,101,2.2535211267605635,relaxed
Key.space,1759729118.7048953,0.1595666408538818,0.9345157146453856,28.067456731107125,140.33728365553563,101,2.2535211267605635,relaxed
b,1759729119.7685542,0.0956025123596191,0.99969482421875,28.067456731107125,140.33728365553563,101,2.2535211267605635,relaxed
e,1759729120.0084767,0.1279444694519043,0.2722644805908203,28.067456731107125,140.33728365553563,101,2.2535211267605635,relaxed
c,1759729121.4085236,0.0877792835235595,1.3598816394805908,28.067456731107125,140.33728365553563,101,2.2535211267605635,relaxed
o,1759729121.528827,0.1361284255981445,0.1686525344848632,28.067456731107125,140.33728365553563,101,2.2535211267605635,relaxed
m,1759729121.8562272,0.2323193550109863,0.423591136932373,28.067456731107125,140.33728365553563,101,2.2535211267605635,relaxed
i,1759729122.840876,0.1434752941131591,0.8958048820495605,28.067456731107125,140.33728365553563,101,2.2535211267605635,relaxed
n,1759729122.9921718,0.1448700428009033,0.1526904106140136,28.067456731107125,140.33728365553563,101,2.2535211267605635,relaxed
g,1759729123.160272,0.0965790748596191,0.1198093891143798,28.067456731107125,140.33728365553563,101,2.2535211267605635,relaxed
Key.space,1759729125.4404368,0.1762876510620117,2.3598732948303223,28.067456731107125,140.33728365553563,101,2.2535211267605635,relaxed
t,1759729125.6963754,0.1117396354675293,0.1913905143737793,28.067456731107125,140.33728365553563,101,2.2535211267605635,relaxed
h,1759729125.832178,0.1126415729522705,0.1367044448852539,28.067456731107125,140.33728365553563,101,2.2535211267605635,relaxed
e,1759729126.0007236,0.128218412399292,0.1841225624084472,28.067456731107125,140.33728365553563,101,2.2535211267605635,relaxed
Key.space,1759729126.288403,0.1203753948211669,0.2798364162445068,28.067456731107125,140.33728365553563,101,2.2535211267605635,relaxed
F,1759729127.5212965,0.0387837886810302,1.1513018608093262,28.067456731107125,140.33728365553563,101,2.2535211267605635,relaxed
Key.shift,1759729127.4811697,0.1181883811950683,0.0392775535583496,28.067456731107125,140.33728365553563,101,2.2535211267605635,relaxed
i,1759729127.8722403,0.1364107131958007,0.4092931747436523,28.067456731107125,140.33728365553563,101,2.2535211267605635,relaxed
r,1759729127.960767,0.0801608562469482,0.0322768688201904,28.067456731107125,140.33728365553563,101,2.2535211267605635,relaxed
s,1759729128.22495,0.159433364868164,0.3434555530548095,28.067456731107125,140.33728365553563,101,2.2535211267605635,relaxed
t,1759729128.5206208,0.1281144618988037,0.2643518447875976,28.067456731107125,140.33728365553563,101,2.2535211267605635,relaxed
Key.space,1759729128.7521331,0.0961661338806152,0.199563980102539,28.067456731107125,140.33728365553563,101,2.2535211267605635,relaxed
Key.shift,1759729129.008474,0.3361744880676269,0.4963493347167969,28.067456731107125,140.33728365553563,101,2.2535211267605635,relaxed
o,1759729129.5196235,0.1370906829833984,0.2635588645935058,28.067456731107125,140.33728365553563,101,2.2535211267605635,relaxed
r,1759729129.648314,0.0878770351409912,0.0794768333435058,28.067456731107125,140.33728365553563,101,2.2535211267605635,relaxed
d,1759729129.8642497,0.1199893951416015,0.2480480670928955,28.067456731107125,140.33728365553563,101,2.2535211267605635,relaxed
Key.space,1759729130.05611,0.1282837390899658,0.2001545429229736,28.067456731107125,140.33728365553563,101,2.2535211267605635,relaxed
o,1759729130.7846231,0.111732006072998,0.7119615077972412,28.067456731107125,140.33728365553563,101,2.2535211267605635,relaxed
f,1759729130.904451,0.112117052078247,0.1202125549316406,28.067456731107125,140.33728365553563,101,2.2535211267605635,relaxed
Key.space,1759729131.136472,0.1597213745117187,0.279625654220581,28.067456731107125,140.33728365553563,101,2.2535211267605635,relaxed
Key.shift,1759729131.2640123,0.1604533195495605,0.1282722949981689,28.067456731107125,140.33728365553563,101,2.2535211267605635,relaxed
Key.shift,1759729132.048452,0.2637531757354736,0.8877396583557129,28.067456731107125,140.33728365553563,101,2.2535211267605635,relaxed
i,1759729132.601263,0.1511685848236084,0.4162716865539551,28.067456731107125,140.33728365553563,101,2.2535211267605635,relaxed
n,1759729132.824669,0.1114132404327392,0.1836504936218261,28.067456731107125,140.33728365553563,101,2.2535211267605635,relaxed
Key.space,1759729130.05611,0.1282837390899658,0.2001545429229736,28.067456731107125,140.33728365553563,101,2.2535211267605635,relaxed
o,1759729130.7846231,0.111732006072998,0.7119615077972412,28.067456731107125,140.33728365553563,101,2.2535211267605635,relaxed
f,1759729130.904451,0.112117052078247,0.1202125549316406,28.067456731107125,140.33728365553563,101,2.2535211267605635,relaxed
Key.space,1759729131.136472,0.1597213745117187,0.279625654220581,28.067456731107125,140.33728365553563,101,2.2535211267605635,relaxed
Key.shift,1759729131.2640123,0.1604533195495605,0.1282722949981689,28.067456731107125,140.33728365553563,101,2.2535211267605635,relaxed
Key.shift,1759729132.048452,0.2637531757354736,0.8877396583557129,28.067456731107125,140.33728365553563,101,2.2535211267605635,relaxed
i,1759729132.600249,0.1521825790405273,0.4162716865539551,28.067456731107125,140.33728365553563,101,2.2535211267605635,relaxed
n,1759729132.823661,0.1124210357666015,0.1836504936218261,28.067456731107125,140.33728365553563,101,2.2535211267605635,relaxed
d,1759729132.984975,0.1191983222961425,0.1680912971496582,28.067456731107125,140.33728365553563,101,2.2535211267605635,relaxed
e,1759729133.0725567,0.1279900074005127,0.0963733196258544,28.067456731107125,140.33728365553563,101,2.2535211267605635,relaxed
r,1759729133.3443854,0.1119208335876464,0.2557594776153564,28.067456731107125,140.33728365553563,101,2.2535211267605635,relaxed
Key.space,1759729134.728661,0.183293342590332,1.4556481838226318,28.067456731107125,140.33728365553563,101,2.2535211267605635,relaxed
w,1759729134.9034429,0.1293356418609619,0.1208240985870361,28.067456731107125,140.33728365553563,101,2.2535211267605635,relaxed
h,1759729135.040358,0.0804948806762695,0.0880744457244873,28.067456731107125,140.33728365553563,101,2.2535211267605635,relaxed
i,1759729135.2880414,0.0724217891693115,0.2396101951599121,28.067456731107125,140.33728365553563,101,2.2535211267605635,relaxed
l,1759729135.672559,0.1760101318359375,0.4881060123443603,28.067456731107125,140.33728365553563,101,2.2535211267605635,relaxed
e,1759729135.864107,0.1368031501770019,0.1523406505584716,28.067456731107125,140.33728365553563,101,2.2535211267605635,relaxed
Key.space,1759729136.088406,0.1840763092041015,0.2715725898742676,28.067456731107125,140.33728365553563,101,2.2535211267605635,relaxed
t,1759729136.5444653,0.0958366394042968,0.3678195476531982,28.067456731107125,140.33728365553563,101,2.2535211267605635,relaxed
h,1759729136.6887622,0.1354436874389648,0.1839039325714111,28.067456731107125,140.33728365553563,101,2.2535211267605635,relaxed
e,1759729136.8397408,0.1289975643157959,0.1445324420928955,28.067456731107125,140.33728365553563,101,2.2535211267605635,relaxed
Key.space,1759729137.4641795,0.0876333713531494,0.5830745697021484,28.067456731107125,140.33728365553563,101,2.2535211267605635,relaxed
a,1759729137.63249,0.1433267593383789,0.224003791809082,28.067456731107125,140.33728365553563,101,2.2535211267605635,relaxed
c,1759729137.8805718,0.1275026798248291,0.2322578430175781,28.067456731107125,140.33728365553563,101,2.2535211267605635,relaxed
c,1759729138.10371,0.0727498531341552,0.1683852672576904,28.067456731107125,140.33728365553563,101,2.2535211267605635,relaxed
u,1759729138.6080472,0.1117377281188964,0.5433251857757568,28.067456731107125,140.33728365553563,101,2.2535211267605635,relaxed
r,1759729138.7756176,0.1046376228332519,0.1604702472686767,28.067456731107125,140.33728365553563,101,2.2535211267605635,relaxed
s,1759729140.464287,0.159846544265747,1.7438783645629885,28.067456731107125,140.33728365553563,101,2.2535211267605635,relaxed
e,1759729140.6806982,0.120011568069458,0.1765761375427246,28.067456731107125,140.33728365553563,101,2.2535211267605635,relaxed
d,1759729140.9046707,0.1037592887878418,0.2077202796936035,28.067456731107125,140.33728365553563,101,2.2535211267605635,relaxed
Key.space,1759729141.1605392,0.1353018283843994,0.2874109745025635,28.067456731107125,140.33728365553563,101,2.2535211267605635,relaxed
u,1759729142.0478084,0.1284499168395996,0.8804173469543457,28.067456731107125,140.33728365553563,101,2.2535211267605635,relaxed
n,1759729142.2646284,0.1281535625457763,0.2165236473083496,28.067456731107125,140.33728365553563,101,2.2535211267605635,relaxed
d,1759729142.4806163,0.1680953502655029,0.2559297084808349,28.067456731107125,140.33728365553563,101,2.2535211267605635,relaxed
e,1759729142.6003385,0.1757564544677734,0.1273832321166992,28.067456731107125,140.33728365553563,101,2.2535211267605635,relaxed
a,1759729142.8723776,0.1677076816558838,0.2639904022216797,28.067456731107125,140.33728365553563,101,2.2535211267605635,relaxed
d,1759729143.048339,0.111774206161499,0.1200275421142578,28.067456731107125,140.33728365553563,101,2.2535211267605635,relaxed
Key.space,1759729143.7684782,0.1279661655426025,0.7363314628601074,28.067456731107125,140.33728365553563,101,2.2535211267605635,relaxed
a,1759729143.904217,0.1602089405059814,0.1679816246032714,28.067456731107125,140.33728365553563,101,2.2535211267605635,relaxed
r,1759729144.1842582,0.1603209972381591,0.2801532745361328,28.067456731107125,140.33728365553563,101,2.2535211267605635,relaxed
e,1759729144.4238486,0.1204004287719726,0.1996698379516601,28.067456731107125,140.33728365553563,101,2.2535211267605635,relaxed
Key.space,1759729144.7285025,0.1205108165740966,0.3047642707824707,28.067456731107125,140.33728365553563,101,2.2535211267605635,relaxed
c,1759729145.5046184,0.1119117736816406,0.7675168514251709,28.067456731107125,140.33728365553563,101,2.2535211267605635,relaxed
o,1759729145.6967192,0.1435623168945312,0.2237513065338134,28.067456731107125,140.33728365553563,101,2.2535211267605635,relaxed
n,1759729146.0407195,0.0471327304840087,0.2475707530975341,28.067456731107125,140.33728365553563,101,2.2535211267605635,relaxed
f,1759729146.7043266,0.1118378639221191,0.7283122539520264,28.067456731107125,140.33728365553563,101,2.2535211267605635,relaxed
i,1759729146.8961737,0.1360955238342285,0.2161047458648681,28.067456731107125,140.33728365553563,101,2.2535211267605635,relaxed
n,1759729147.1042445,0.1200802326202392,0.1920554637908935,28.067456731107125,140.33728365553563,101,2.2535211267605635,relaxed
e,1759729147.21581,0.1606543064117431,0.152139663696289,28.067456731107125,140.33728365553563,101,2.2535211267605635,relaxed
d,1759729147.38423,0.1440584659576416,0.1518242359161377,28.067456731107125,140.33728365553563,101,2.2535211267605635,relaxed
Key.space,1759729147.9690635,0.1592466831207275,0.6000216007232666,28.067456731107125,140.33728365553563,101,2.2535211267605635,relaxed
t,1759729148.2563546,0.1201810836791992,0.248225450515747,28.067456731107125,140.33728365553563,101,2.2535211267605635,relaxed
o,1759729148.4729078,0.1284084320068359,0.2247805595397949,28.067456731107125,140.33728365553563,101,2.2535211267605635,relaxed
a,1759729148.9603925,0.1760165691375732,0.535092830657959,28.067456731107125,140.33728365553563,101,2.2535211267605635,relaxed
Key.backspace,1759729149.687843,0.1367926597595214,0.6882269382476807,28.067456731107125,140.33728365553563,101,2.2535211267605635,relaxed
Key.space,1759729150.0000012,0.1043124198913574,0.2796776294708252,28.067456731107125,140.33728365553563,101,2.2535211267605635,relaxed
a,1759729150.1522446,0.1922583580017089,0.2401893138885498,28.067456731107125,140.33728365553563,101,2.2535211267605635,relaxed
s,1759729150.3044496,0.1360166072845459,0.0959632396697998,28.067456731107125,140.33728365553563,101,2.2535211267605635,relaxed
y,1759729151.040033,0.0724225044250488,0.6719894409179688,28.067456731107125,140.33728365553563,101,2.2535211267605635,relaxed
l,1759729151.4405668,0.1276204586029052,0.4557316303253174,28.067456731107125,140.33728365553563,101,2.2535211267605635,relaxed
u,1759729151.7759418,0.096656322479248,0.3044109344482422,28.067456731107125,140.33728365553563,101,2.2535211267605635,relaxed
m,1759729151.9683795,0.0956752300262451,0.1914567947387695,28.067456731107125,140.33728365553563,101,2.2535211267605635,relaxed
s,1759729152.0958383,0.1529443264007568,0.184727668762207,28.067456731107125,140.33728365553563,101,2.2535211267605635,relaxed
Key.alt_l,1759729154.5047815,0.1122241020202636,2.368223190307617,28.067456731107125,140.33728365553563,101,2.2535211267605635,relaxed
Key.tab,1759729154.5206673,0.1515612602233886,0.055222749710083,28.067456731107125,140.33728365553563,101,2.2535211267605635,relaxed
Key.tab,1759729155.1920743,0.2005059719085693,0.7203519344329834,28.067456731107125,140.33728365553563,101,2.2535211267605635,relaxed
Key.alt_l,1759729155.0726209,0.791705846786499,0.4717462062835693,28.067456731107125,140.33728365553563,101,2.2535211267605635,relaxed
Key.tab,1759729155.7611036,0.1670436859130859,0.0638206005096435,28.067456731107125,140.33728365553563,101,2.2535211267605635,relaxed
Key.esc,1759729157.672587,0.1277401447296142,1.8721795082092283,28.067456731107125,140.33728365553563,101,2.2535211267605635,relaxed
Key.tab,1759730741.5207767,0.1516375541687011,0.1035702228546142,31.09696785368601,155.48483926843008,82,4.373177842565598,relaxed
",",1759730750.3692148,0.0480937957763671,8.74489426612854,31.09696785368601,155.48483926843008,82,4.373177842565598,relaxed
Key.space,1759730750.5848455,0.087343692779541,0.2548806667327881,31.09696785368601,155.48483926843008,82,4.373177842565598,relaxed
h,1759730750.8408709,0.0724861621856689,0.2411677837371826,31.09696785368601,155.48483926843008,82,4.373177842565598,relaxed
p,1759730751.3772235,0.0798530578613281,0.5437195301055908,31.09696785368601,155.48483926843008,82,4.373177842565598,relaxed
Key.backspace,1759730751.8160243,0.0886662006378173,0.4476141929626465,31.09696785368601,155.48483926843008,82,4.373177842565598,relaxed
o,1759730752.0640445,0.0891427993774414,0.2484965324401855,31.09696785368601,155.48483926843008,82,4.373177842565598,relaxed
p,1759730752.257063,0.0956320762634277,0.1995077133178711,31.09696785368601,155.48483926843008,82,4.373177842565598,relaxed
i,1759730752.5283592,0.0566105842590332,0.2322747707366943,31.09696785368601,155.48483926843008,82,4.373177842565598,relaxed
n,1759730752.832917,0.1201224327087402,0.3680696487426758,31.09696785368601,155.48483926843008,82,4.373177842565598,relaxed
g,1759730752.976149,0.0888328552246093,0.1119427680969238,31.09696785368601,155.48483926843008,82,4.373177842565598,relaxed
Key.space,1759730753.1449254,0.1117372512817382,0.1916804313659668,31.09696785368601,155.48483926843008,82,4.373177842565598,relaxed
t,1759730754.25676,0.1116461753845214,1.111743450164795,31.09696785368601,155.48483926843008,82,4.373177842565598,relaxed
h,1759730754.4404411,0.1448354721069336,0.2168705463409423,31.09696785368601,155.48483926843008,82,4.373177842565598,relaxed
a,1759730754.6321986,0.1603753566741943,0.2072973251342773,31.09696785368601,155.48483926843008,82,4.373177842565598,relaxed
t,1759730754.8251426,0.0631537437438964,0.0957224369049072,31.09696785368601,155.48483926843008,82,4.373177842565598,relaxed
Key.space,1759730755.000379,0.1357731819152832,0.2478559017181396,31.09696785368601,155.48483926843008,82,4.373177842565598,relaxed
o,1759730755.5526192,0.1115610599517822,0.5280280113220215,31.09696785368601,155.48483926843008,82,4.373177842565598,relaxed
n,1759730755.761557,0.1433291435241699,0.240706205368042,31.09696785368601,155.48483926843008,82,4.373177842565598,relaxed
e,1759730755.912847,0.1437849998474121,0.1517455577850341,31.09696785368601,155.48483926843008,82,4.373177842565598,relaxed
Key.space,1759730756.1201673,0.1684484481811523,0.2319836616516113,31.09696785368601,155.48483926843008,82,4.373177842565598,relaxed
a,1759730758.2728171,0.1523828506469726,2.1365842819213867,31.09696785368601,155.48483926843008,82,4.373177842565598,relaxed
n,1759730758.4727762,0.0718488693237304,0.1194250583648681,31.09696785368601,155.48483926843008,82,4.373177842565598,relaxed
Key.backspace,1759730758.960447,0.1046011447906494,0.520423173904419,31.09696785368601,155.48483926843008,82,4.373177842565598,relaxed
m,1759730759.2566087,0.0805408954620361,0.2721014022827148,31.09696785368601,155.48483926843008,82,4.373177842565598,relaxed
o,1759730759.4484916,0.0956537723541259,0.2069957256317138,31.09696785368601,155.48483926843008,82,4.373177842565598,relaxed
n,1759730759.6568694,0.1194698810577392,0.2321939468383789,31.09696785368601,155.48483926843008,82,4.373177842565598,relaxed
g,1759730759.8324172,0.1044256687164306,0.1605036258697509,31.09696785368601,155.48483926843008,82,4.373177842565598,relaxed
Key.space,1759730759.9680572,0.1205570697784423,0.1517713069915771,31.09696785368601,155.48483926843008,82,4.373177842565598,relaxed
t,1759730760.1124558,0.1192245483398437,0.1430661678314209,31.09696785368601,155.48483926843008,82,4.373177842565598,relaxed
h,1759730760.2651296,0.1362349987030029,0.1696841716766357,31.09696785368601,155.48483926843008,82,4.373177842565598,relaxed
e,1759730760.456944,0.1433660984039306,0.1989455223083496,31.09696785368601,155.48483926843008,82,4.373177842565598,relaxed
m,1759730760.680573,0.1523678302764892,0.2326307296752929,31.09696785368601,155.48483926843008,82,4.373177842565598,relaxed
Key.space,1759730761.056752,0.160097599029541,0.383908748626709,31.09696785368601,155.48483926843008,82,4.373177842565598,relaxed
c,1759730761.6249795,0.1198663711547851,0.5279965400695801,31.09696785368601,155.48483926843008,82,4.373177842565598,relaxed
a,1759730761.8891196,0.1036040782928466,0.2478775978088379,31.09696785368601,155.48483926843008,82,4.373177842565598,relaxed
n,1759730762.1128082,0.103602647781372,0.2236871719360351,31.09696785368601,155.48483926843008,82,4.373177842565598,relaxed
Key.space,1759730762.3048265,0.1360890865325927,0.2245044708251953,31.09696785368601,155.48483926843008,82,4.373177842565598,relaxed
f,1759730762.4805255,0.1044917106628418,0.1441020965576172,31.09696785368601,155.48483926843008,82,4.373177842565598,relaxed
u,1759730762.704353,0.0965578556060791,0.2158937454223632,31.09696785368601,155.48483926843008,82,4.373177842565598,relaxed
l,1759730762.9846127,0.1282620429992675,0.3119635581970215,31.09696785368601,155.48483926843008,82,4.373177842565598,relaxed
f,1759730763.3531268,0.0957417488098144,0.3359937667846679,31.09696785368601,155.48483926843008,82,4.373177842565598,relaxed
i,1759730763.5360932,0.1047837734222412,0.1920084953308105,31.09696785368601,155.48483926843008,82,4.373177842565598,relaxed
l,1759730763.7841947,0.0962336063385009,0.239551305770874,31.09696785368601,155.48483926843008,82,4.373177842565598,relaxed
l,1759730765.6570742,0.1199185848236084,1.896564483642578,31.09696785368601,155.48483926843008,82,4.373177842565598,relaxed
Key.space,1759730765.943955,0.112544298171997,0.2795064449310303,31.09696785368601,155.48483926843008,82,4.373177842565598,relaxed
a,1759730766.1843398,0.1283295154571533,0.2561700344085693,31.09696785368601,155.48483926843008,82,4.373177842565598,relaxed
Key.space,1759730766.2967062,0.0872576236724853,0.0712945461273193,31.09696785368601,155.48483926843008,82,4.373177842565598,relaxed
p,1759730766.624445,0.08840012550354,0.3288812637329101,31.09696785368601,155.48483926843008,82,4.373177842565598,relaxed
r,1759730766.7370594,0.0878474712371826,0.1120617389678955,31.09696785368601,155.48483926843008,82,4.373177842565598,relaxed
o,1759730766.944522,0.0964436531066894,0.2160587310791015,31.09696785368601,155.48483926843008,82,4.373177842565598,relaxed
p,1759730767.18512,0.08848237991333,0.2326369285583496,31.09696785368601,155.48483926843008,82,4.373177842565598,relaxed
h,1759730767.993067,0.0953814983367919,0.8148460388183594,31.09696785368601,155.48483926843008,82,4.373177842565598,relaxed
e,1759730768.0964668,0.1368825435638427,0.1449007987976074,31.09696785368601,155.48483926843008,82,4.373177842565598,relaxed
c,1759730768.3370855,0.1353888511657714,0.2391252517700195,31.09696785368601,155.48483926843008,82,4.373177842565598,relaxed
y,1759730768.6011095,0.0801997184753418,0.2088348865509033,31.09696785368601,155.48483926843008,82,4.373177842565598,relaxed
Key.enter,1759730770.769051,0.1594822406768798,2.2472238540649414,31.09696785368601,155.48483926843008,82,4.373177842565598,relaxed
Key.shift,1759730771.225032,0.2796099185943603,0.576108455657959,31.09696785368601,155.48483926843008,82,4.373177842565598,relaxed
j,1759730771.7050683,0.0472934246063232,0.2401521205902099,31.09696785368601,155.48483926843008,82,4.373177842565598,relaxed
h,1759730771.6965878,0.06394624710083,0.0081722736358642,31.09696785368601,155.48483926843008,82,4.373177842565598,relaxed
e,1759730771.824356,0.1039686203002929,0.1677906513214111,31.09696785368601,155.48483926843008,82,4.373177842565598,relaxed
Key.backspace,1759730772.3604033,0.0638761520385742,0.4959547519683838,31.09696785368601,155.48483926843008,82,4.373177842565598,relaxed
Key.backspace,1759730772.528231,0.0724496841430664,0.176401138305664,31.09696785368601,155.48483926843008,82,4.373177842565598,relaxed
e,1759730772.6486642,0.1038048267364502,0.1517884731292724,31.09696785368601,155.48483926843008,82,4.373177842565598,relaxed
Key.space,1759730773.240566,0.0957484245300293,0.5838453769683838,31.09696785368601,155.48483926843008,82,4.373177842565598,relaxed
p,1759730773.5133855,0.1751742362976074,0.3522453308105469,31.09696785368601,155.48483926843008,82,4.373177842565598,relaxed
l,1759730773.7373142,0.0872800350189209,0.1360344886779785,31.09696785368601,155.48483926843008,82,4.373177842565598,relaxed
a,1759730773.9129832,0.1679251194000244,0.2563140392303467,31.09696785368601,155.48483926843008,82,4.373177842565598,relaxed
y,1759730774.184857,0.0960474014282226,0.1999959945678711,31.09696785368601,155.48483926843008,82,4.373177842565598,relaxed
e,1759730774.3286674,0.160196304321289,0.2079594135284423,31.09696785368601,155.48483926843008,82,4.373177842565598,relaxed
r,1759730774.585698,0.1594452857971191,0.256279706954956,31.09696785368601,155.48483926843008,82,4.373177842565598,relaxed
Key.space,1759730774.9128203,0.1436331272125244,0.3113100528717041,31.09696785368601,155.48483926843008,82,4.373177842565598,relaxed
a,1759730775.7605207,0.1520226001739502,0.8560898303985596,31.09696785368601,155.48483926843008,82,4.373177842565598,relaxed
s,1759730776.016303,0.0962591171264648,0.2000188827514648,31.09696785368601,155.48483926843008,82,4.373177842565598,relaxed
s,1759730776.2163289,0.0722808837890625,0.1760475635528564,31.09696785368601,155.48483926843008,82,4.373177842565598,relaxed
u,1759730776.4654062,0.1032400131225586,0.280036449432373,31.09696785368601,155.48483926843008,82,4.373177842565598,relaxed
m,1759730776.8012428,0.119354248046875,0.3519508838653564,31.09696785368601,155.48483926843008,82,4.373177842565598,relaxed
e,1759730776.9049463,0.1116995811462402,0.0960488319396972,31.09696785368601,155.48483926843008,82,4.373177842565598,relaxed
s,1759730777.144698,0.1439132690429687,0.2719655036926269,31.09696785368601,155.48483926843008,82,4.373177842565598,relaxed
Key.space,1759730777.352208,0.1519689559936523,0.2155654430389404,31.09696785368601,155.48483926843008,82,4.373177842565598,relaxed
t,1759730777.7606826,0.056607961654663,0.3131136894226074,31.09696785368601,155.48483926843008,82,4.373177842565598,relaxed
h,1759730777.880373,0.1193761825561523,0.1824586391448974,31.09696785368601,155.48483926843008,82,4.373177842565598,relaxed
e,1759730778.0166512,0.1042563915252685,0.1211583614349365,31.09696785368601,155.48483926843008,82,4.373177842565598,relaxed
Key.space,1759730778.1289122,0.1273722648620605,0.1353769302368164,31.09696785368601,155.48483926843008,82,4.373177842565598,relaxed
r,1759730778.336195,0.0887255668640136,0.1686360836029052,31.09696785368601,155.48483926843008,82,4.373177842565598,relaxed
o,1759730778.54479,0.0800232887268066,0.1998927593231201,31.09696785368601,155.48483926843008,82,4.373177842565598,relaxed
l,1759730778.7921124,0.1284449100494384,0.2957439422607422,31.09696785368601,155.48483926843008,82,4.373177842565598,relaxed
e,1759730778.8649075,0.1356053352355957,0.0799555778503418,31.09696785368601,155.48483926843008,82,4.373177842565598,relaxed
Key.space,1759730779.1447513,0.1276483535766601,0.2718868255615234,31.09696785368601,155.48483926843008,82,4.373177842565598,relaxed
o,1759730779.6164453,0.10435152053833,0.448397159576416,31.09696785368601,155.48483926843008,82,4.373177842565598,relaxed
f,1759730779.8883514,0.0799381732940673,0.2474927902221679,31.09696785368601,155.48483926843008,82,4.373177842565598,relaxed
Key.space,1759730780.2322147,0.1201663017272949,0.3840913772583008,31.09696785368601,155.48483926843008,82,4.373177842565598,relaxed
s,1759730780.4169867,0.1512980461120605,0.2159037590026855,31.09696785368601,155.48483926843008,82,4.373177842565598,relaxed
u,1759730780.689076,0.0955662727355957,0.2163574695587158,31.09696785368601,155.48483926843008,82,4.373177842565598,relaxed
c,1759730780.7771251,0.1436836719512939,0.1361665725708007,31.09696785368601,155.48483926843008,82,4.373177842565598,relaxed
h,1759730781.0566156,0.1045379638671875,0.240344762802124,31.09696785368601,155.48483926843008,82,4.373177842565598,relaxed
Key.space,1759730781.3126988,0.1202423572540283,0.2717876434326172,31.09696785368601,155.48483926843008,82,4.373177842565598,relaxed
a,1759730781.5611424,0.1752300262451172,0.3034312725067138,31.09696785368601,155.48483926843008,82,4.373177842565598,relaxed
n,1759730781.7283545,0.1208362579345703,0.1128182411193847,31.09696785368601,155.48483926843008,82,4.373177842565598,relaxed
Key.space,1759730781.912338,0.1285741329193115,0.1917214393615722,31.09696785368601,155.48483926843008,82,4.373177842565598,relaxed
u,1759730782.224898,0.1282935142517089,0.3122792243957519,31.09696785368601,155.48483926843008,82,4.373177842565598,relaxed
n,1759730782.4085798,0.1362402439117431,0.1916286945343017,31.09696785368601,155.48483926843008,82,4.373177842565598,relaxed
d,1759730782.5603392,0.1848120689392089,0.2003312110900879,31.09696785368601,155.48483926843008,82,4.373177842565598,relaxed
e,1759730782.6567402,0.1681106090545654,0.0796995162963867,31.09696785368601,155.48483926843008,82,4.373177842565598,relaxed
a,1759730782.936366,0.1845884323120117,0.2961037158966064,31.09696785368601,155.48483926843008,82,4.373177842565598,relaxed
d,1759730783.112473,0.1204004287719726,0.1119189262390136,31.09696785368601,155.48483926843008,82,4.373177842565598,relaxed
Key.space,1759730783.6165812,0.1757869720458984,0.5594947338104248,31.09696785368601,155.48483926843008,82,4.373177842565598,relaxed
e,1759730784.3602474,0.1364853382110595,0.704364538192749,31.09696785368601,155.48483926843008,82,4.373177842565598,relaxed
m,1759730784.5611413,0.1112673282623291,0.1756758689880371,31.09696785368601,155.48483926843008,82,4.373177842565598,relaxed
b,1759730784.8727975,0.1119263172149658,0.3123152256011963,31.09696785368601,155.48483926843008,82,4.373177842565598,relaxed
a,1759730784.9925852,0.1366291046142578,0.1444904804229736,31.09696785368601,155.48483926843008,82,4.373177842565598,relaxed
r,1759730785.2573135,0.0871503353118896,0.2152495384216308,31.09696785368601,155.48483926843008,82,4.373177842565598,relaxed
k,1759730785.3764668,0.1042349338531494,0.1362378597259521,31.09696785368601,155.48483926843008,82,4.373177842565598,relaxed
i,1759730785.6461315,0.1224827766418457,0.2879126071929931,31.09696785368601,155.48483926843008,82,4.373177842565598,relaxed
n,1759730785.8321068,0.1209158897399902,0.18440842628479,31.09696785368601,155.48483926843008,82,4.373177842565598,relaxed
g,1759730786.0884392,0.136162519454956,0.2715790271759033,31.09696785368601,155.48483926843008,82,4.373177842565598,relaxed
Key.space,1759730786.5285175,0.1276369094848632,0.4315528869628906,31.09696785368601,155.48483926843008,82,4.373177842565598,relaxed
o,1759730787.6093051,0.111243724822998,1.064394235610962,31.09696785368601,155.48483926843008,82,4.373177842565598,relaxed
n,1759730787.928532,0.0726380348205566,0.2806210517883301,31.09696785368601,155.48483926843008,82,4.373177842565598,relaxed
Key.space,1759730788.1284728,0.1038408279418945,0.2311437129974365,31.09696785368601,155.48483926843008,82,4.373177842565598,relaxed
a,1759730788.2890005,0.143322467803955,0.2000091075897216,31.09696785368601,155.48483926843008,82,4.373177842565598,relaxed
Key.space,1759730788.433827,0.1270422935485839,0.1285464763641357,31.09696785368601,155.48483926843008,82,4.373177842565598,relaxed
j,1759730788.720993,0.0800554752349853,0.2401793003082275,31.09696785368601,155.48483926843008,82,4.373177842565598,relaxed
o,1759730789.016457,0.0803287029266357,0.2957375049591064,31.09696785368601,155.48483926843008,82,4.373177842565598,relaxed
r,1759730789.824664,0.1042828559875488,0.5840137004852295,31.09696785368601,155.48483926843008,82,4.373177842565598,relaxed
n,1759730789.9771235,0.1200497150421142,0.1682267189025879,31.09696785368601,155.48483926843008,82,4.373177842565598,relaxed
e,1759730790.1845503,0.1271114349365234,0.2144882678985595,31.09696785368601,155.48483926843008,82,4.373177842565598,relaxed
y,1759730790.552602,0.1277692317962646,0.3687095642089844,31.09696785368601,155.48483926843008,82,4.373177842565598,relaxed
Key.space,1759730791.136443,0.1441884040832519,0.6002600193023682,31.09696785368601,155.48483926843008,82,4.373177842565598,relaxed
t,1759730791.6890504,0.1197993755340576,0.5282185077667236,31.09696785368601,155.48483926843008,82,4.373177842565598,relaxed
o,1759730791.9611788,0.0387609004974365,0.1910898685455322,31.09696785368601,155.48483926843008,82,4.373177842565598,relaxed
Key.space,1759730792.1850176,0.1584599018096923,0.3435378074645996,31.09696785368601,155.48483926843008,82,4.373177842565598,relaxed
t,1759730792.3364654,0.1039986610412597,0.0969865322113037,31.09696785368601,155.48483926843008,82,4.373177842565598,relaxed
h,1759730792.521339,0.1268985271453857,0.2077734470367431,31.09696785368601,155.48483926843008,82,4.373177842565598,relaxed
e,1759730792.6724987,0.1125171184539794,0.1367783546447754,31.09696785368601,155.48483926843008,82,4.373177842565598,relaxed
Key.space,1759730792.8644202,0.1194250583648681,0.1988294124603271,31.09696785368601,155.48483926843008,82,4.373177842565598,relaxed
k,1759730793.3124623,0.0962352752685546,0.4248523712158203,31.09696785368601,155.48483926843008,82,4.373177842565598,relaxed
i,1759730793.5367434,0.0884389877319336,0.216484785079956,31.09696785368601,155.48483926843008,82,4.373177842565598,relaxed
n,1759730793.8243349,0.1602621078491211,0.3594145774841308,31.09696785368601,155.48483926843008,82,4.373177842565598,relaxed
g,1759730794.008246,0.0882368087768554,0.0967645645141601,31.09696785368601,155.48483926843008,82,4.373177842565598,relaxed
d,1759730794.336287,0.0883243083953857,0.3281285762786865,31.09696785368601,155.48483926843008,82,4.373177842565598,relaxed
o,1759730794.52837,0.1514501571655273,0.2552087306976318,31.09696785368601,155.48483926843008,82,4.373177842565598,relaxed
m,1759730794.8408492,0.1363885402679443,0.2974176406860351,31.09696785368601,155.48483926843008,82,4.373177842565598,relaxed
Key.space,1759730798.0402143,0.0962357521057128,3.159212589263916,31.09696785368601,155.48483926843008,82,4.373177842565598,relaxed
o,1759730798.4084764,0.135984182357788,0.4080102443695068,31.09696785368601,155.48483926843008,82,4.373177842565598,relaxed
f,1759730798.6008017,0.0796675682067871,0.1360087394714355,31.09696785368601,155.48483926843008,82,4.373177842565598,relaxed
Key.space,1759730798.7524836,0.1280388832092285,0.2000532150268554,31.09696785368601,155.48483926843008,82,4.373177842565598,relaxed
Key.shift,1759730798.952579,0.1763899326324463,0.2484464645385742,31.09696785368601,155.48483926843008,82,4.373177842565598,relaxed
o,1759730799.408587,0.0966589450836181,0.248309850692749,31.09696785368601,155.48483926843008,82,4.373177842565598,relaxed
r,1759730800.0808425,0.1198377609252929,0.6954343318939209,31.09696785368601,155.48483926843008,82,4.373177842565598,relaxed
d,1759730800.5130937,0.1755068302154541,0.4879202842712402,31.09696785368601,155.48483926843008,82,4.373177842565598,relaxed
a,1759730800.6571507,0.1355588436126709,0.1041090488433837,31.09696785368601,155.48483926843008,82,4.373177842565598,relaxed
n,1759730801.704417,0.0644400119781494,0.9761474132537842,31.09696785368601,155.48483926843008,82,4.373177842565598,relaxed
.,1759730802.2248752,0.1116955280303955,0.567713737487793,31.09696785368601,155.48483926843008,82,4.373177842565598,relaxed
T,1759730802.856784,0.0955157279968261,0.6157290935516357,31.09696785368601,155.48483926843008,82,4.373177842565598,relaxed
Key.shift,1759730802.6000924,0.3840899467468261,0.0318825244903564,31.09696785368601,155.48483926843008,82,4.373177842565598,relaxed
h,1759730803.192752,0.0957367420196533,0.3043062686920166,31.09696785368601,155.48483926843008,82,4.373177842565598,relaxed
e,1759730803.6399815,0.16864013671875,0.5201332569122314,31.09696785368601,155.48483926843008,82,4.373177842565598,relaxed
r,1759730803.8724003,0.104478120803833,0.1682567596435547,31.09696785368601,155.48483926843008,82,4.373177842565598,relaxed
e,1759730803.9778826,0.1348607540130615,0.1358647346496582,31.09696785368601,155.48483926843008,82,4.373177842565598,relaxed
Key.space,1759730804.1923828,0.1527550220489502,0.2323944568634033,31.09696785368601,155.48483926843008,82,4.373177842565598,relaxed
g,1759730804.704461,0.1041429042816162,0.4634664058685303,31.09696785368601,155.48483926843008,82,4.373177842565598,relaxed
u,1759730805.2243247,0.0718336105346679,0.4875540733337402,31.09696785368601,155.48483926843008,82,4.373177842565598,relaxed
i,1759730805.400668,0.1202614307403564,0.2247710227966308,31.09696785368601,155.48483926843008,82,4.373177842565598,relaxed
d,1759730805.5851154,0.2082698345184326,0.2724559307098388,31.09696785368601,155.48483926843008,82,4.373177842565598,relaxed
e,1759730805.800558,0.1277902126312255,0.1349630355834961,31.09696785368601,155.48483926843008,82,4.373177842565598,relaxed
d,1759730805.920814,0.111760139465332,0.1042258739471435,31.09696785368601,155.48483926843008,82,4.373177842565598,relaxed
Key.space,1759730806.3685305,0.1357607841491699,0.4717168807983398,31.09696785368601,155.48483926843008,82,4.373177842565598,relaxed
b,1759730806.6877246,0.1287071704864502,0.3121407032012939,31.09696785368601,155.48483926843008,82,4.373177842565598,relaxed
y,1759730807.00085,0.0564415454864501,0.2408597469329834,31.09696785368601,155.48483926843008,82,4.373177842565598,relaxed
Key.space,1759730807.2003095,0.1358733177185058,0.2788913249969482,31.09696785368601,155.48483926843008,82,4.373177842565598,relaxed
c,1759730807.2968469,0.1439776420593261,0.1046416759490966,31.09696785368601,155.48483926843008,82,4.373177842565598,relaxed
r,1759730807.5128496,0.1200132369995117,0.1920382976531982,31.09696785368601,155.48483926843008,82,4.373177842565598,relaxed
y,1759730807.77628,0.0885086059570312,0.2319257259368896,31.09696785368601,155.48483926843008,82,4.373177842565598,relaxed
p,1759730808.1769438,0.1111905574798584,0.4233458042144775,31.09696785368601,155.48483926843008,82,4.373177842565598,relaxed
t,1759730808.577211,0.1277980804443359,0.4168746471405029,31.09696785368601,155.48483926843008,82,4.373177842565598,relaxed
i,1759730808.7774217,0.1276133060455322,0.2000257968902588,31.09696785368601,155.48483926843008,82,4.373177842565598,relaxed
c,1759730809.008255,0.1527926921844482,0.2560129165649414,31.09696785368601,155.48483926843008,82,4.373177842565598,relaxed
Key.space,1759730810.2243612,0.1203405857086181,1.1836540699005127,31.09696785368601,155.48483926843008,82,4.373177842565598,relaxed
p,1759730810.7280357,0.1448841094970703,0.5282180309295654,31.09696785368601,155.48483926843008,82,4.373177842565598,relaxed
r,1759730810.9126,0.1283717155456543,0.1680519580841064,31.09696785368601,155.48483926843008,82,4.373177842565598,relaxed
o,1759730811.0892143,0.0786278247833252,0.1268703937530517,31.09696785368601,155.48483926843008,82,4.373177842565598,relaxed
p,1759730811.3041897,0.1284065246582031,0.264754056930542,31.09696785368601,155.48483926843008,82,4.373177842565598,relaxed
h,1759730811.7124608,0.1283285617828369,0.4081931114196777,31.09696785368601,155.48483926843008,82,4.373177842565598,relaxed
e,1759730811.9768925,0.1440820693969726,0.2801852226257324,31.09696785368601,155.48483926843008,82,4.373177842565598,relaxed
c,1759730812.2723553,0.1283841133117675,0.2797648906707763,31.09696785368601,155.48483926843008,82,4.373177842565598,relaxed
i,1759730812.4412093,0.126896858215332,0.1673667430877685,31.09696785368601,155.48483926843008,82,4.373177842565598,relaxed
Key.backspace,1759730814.369191,0.1191773414611816,1.920262098312378,31.09696785368601,155.48483926843008,82,4.373177842565598,relaxed
i,1759730815.281213,0.1030874252319336,0.8959321975708008,31.09696785368601,155.48483926843008,82,4.373177842565598,relaxed
e,1759730815.3762724,0.0961148738861084,0.0880868434906005,31.09696785368601,155.48483926843008,82,4.373177842565598,relaxed
s,1759730815.6170244,0.1433169841766357,0.2879540920257568,31.09696785368601,155.48483926843008,82,4.373177842565598,relaxed
Key.space,1759730815.9441783,0.1523439884185791,0.3361809253692627,31.09696785368601,155.48483926843008,82,4.373177842565598,relaxed
a,1759730816.1368392,0.1678731441497802,0.2081899642944336,31.09696785368601,155.48483926843008,82,4.373177842565598,relaxed
n,1759730817.3683796,0.1357977390289306,1.199465036392212,31.09696785368601,155.48483926843008,82,4.373177842565598,relaxed
d,1759730817.5447602,0.095668077468872,0.1362509727478027,31.09696785368601,155.48483926843008,82,4.373177842565598,relaxed
Key.space,1759730817.6565585,0.1276886463165283,0.1438186168670654,31.09696785368601,155.48483926843008,82,4.373177842565598,relaxed
m,1759730818.1440704,0.184629201889038,0.5444526672363281,31.09696785368601,155.48483926843008,82,4.373177842565598,relaxed
y,1759730818.640882,0.1281230449676513,0.4403054714202881,31.09696785368601,155.48483926843008,82,4.373177842565598,relaxed
s,1759730818.825008,0.1442065238952636,0.200209379196167,31.09696785368601,155.48483926843008,82,4.373177842565598,relaxed
t,1759730819.0646849,0.1204667091369628,0.2159371376037597,31.09696785368601,155.48483926843008,82,4.373177842565598,relaxed
e,1759730819.2089114,0.1673011779785156,0.1910610198974609,31.09696785368601,155.48483926843008,82,4.373177842565598,relaxed
r,1759730819.4486125,0.1116528511047363,0.1840527057647705,31.09696785368601,155.48483926843008,82,4.373177842565598,relaxed
i,1759730819.6405008,0.0804457664489746,0.1606812477111816,31.09696785368601,155.48483926843008,82,4.373177842565598,relaxed
o,1759730819.8724475,0.072239875793457,0.2237410545349121,31.09696785368601,155.48483926843008,82,4.373177842565598,relaxed
u,1759730820.105021,0.1273417472839355,0.287675142288208,31.09696785368601,155.48483926843008,82,4.373177842565598,relaxed
s,1759730820.392522,0.1604135036468505,0.3205728530883789,31.09696785368601,155.48483926843008,82,4.373177842565598,relaxed
Key.space,1759730820.7122438,0.1604342460632324,0.3197424411773681,31.09696785368601,155.48483926843008,82,4.373177842565598,relaxed
c,1759730820.9925585,0.1768007278442382,0.2966811656951904,31.09696785368601,155.48483926843008,82,4.373177842565598,relaxed
h,1759730821.224798,0.1114790439605712,0.1669178009033203,31.09696785368601,155.48483926843008,82,4.373177842565598,relaxed
a,1759730821.3526487,0.1835894584655761,0.1999611854553222,31.09696785368601,155.48483926843008,82,4.373177842565598,relaxed
r,1759730821.5689747,0.0955598354339599,0.1282963752746582,31.09696785368601,155.48483926843008,82,4.373177842565598,relaxed
c,1759730821.808401,0.160679817199707,0.304546594619751,31.09696785368601,155.48483926843008,82,4.373177842565598,relaxed
t,1759730822.6002345,0.1917831897735595,0.8229362964630127,31.09696785368601,155.48483926843008,82,4.373177842565598,relaxed
e,1759730822.7373602,0.151017427444458,0.0963602066040039,31.09696785368601,155.48483926843008,82,4.373177842565598,relaxed
r,1759730822.9365585,0.1044526100158691,0.1526334285736084,31.09696785368601,155.48483926843008,82,4.373177842565598,relaxed
s,1759730823.305411,0.1434464454650879,0.407846450805664,31.09696785368601,155.48483926843008,82,4.373177842565598,relaxed
Key.space,1759730823.656861,0.1914370059967041,0.3994405269622803,31.09696785368601,155.48483926843008,82,4.373177842565598,relaxed
t,1759730823.9365263,0.1037127971649169,0.1919410228729248,31.09696785368601,155.48483926843008,82,4.373177842565598,relaxed
h,1759730824.1127212,0.1041879653930664,0.1766700744628906,31.09696785368601,155.48483926843008,82,4.373177842565598,relaxed
e,1759730824.2402947,0.0880088806152343,0.1113944053649902,31.09696785368601,155.48483926843008,82,4.373177842565598,relaxed
Key.space,1759730824.3363433,0.1207761764526367,0.1288158893585205,31.09696785368601,155.48483926843008,82,4.373177842565598,relaxed
u,1759730824.624715,0.0876567363739013,0.2552523612976074,31.09696785368601,155.48483926843008,82,4.373177842565598,relaxed
n,1759730824.8162675,0.1686210632324218,0.2725167274475097,31.09696785368601,155.48483926843008,82,4.373177842565598,relaxed
d,1759730825.0489993,0.1352474689483642,0.1993582248687744,31.09696785368601,155.48483926843008,82,4.373177842565598,relaxed
e,1759730825.0722864,0.2085993289947509,0.0966389179229736,31.09696785368601,155.48483926843008,82,4.373177842565598,relaxed
a,1759730825.3595474,0.1932358741760254,0.271897554397583,31.09696785368601,155.48483926843008,82,4.373177842565598,relaxed
d,1759730825.569341,0.0875194072723388,0.1040771007537841,31.09696785368601,155.48483926843008,82,4.373177842565598,relaxed
Key.space,1759730825.8247375,0.2158513069152832,0.3837285041809082,31.09696785368601,155.48483926843008,82,4.373177842565598,relaxed
h,1759730826.4887888,0.1362478733062744,0.5844478607177734,31.09696785368601,155.48483926843008,82,4.373177842565598,relaxed
e,1759730826.9445004,0.0881714820861816,0.4076352119445801,31.09696785368601,155.48483926843008,82,4.373177842565598,relaxed
r,1759730827.1608915,0.1037437915802002,0.2319633960723877,31.09696785368601,155.48483926843008,82,4.373177842565598,relaxed
o,1759730827.864651,0.1041631698608398,0.7041788101196289,31.09696785368601,155.48483926843008,82,4.373177842565598,relaxed
Key.space,1759730828.192146,0.168755292892456,0.3920872211456299,31.09696785368601,155.48483926843008,82,4.373177842565598,relaxed
m,1759730829.7051618,0.0716698169708252,1.4159302711486816,31.09696785368601,155.48483926843008,82,4.373177842565598,relaxed
u,1759730830.0482576,0.143932819366455,0.4153587818145752,31.09696785368601,155.48483926843008,82,4.373177842565598,relaxed
s,1759730830.2808063,0.1517105102539062,0.2403264045715332,31.09696785368601,155.48483926843008,82,4.373177842565598,relaxed
t,1759730830.5200565,0.0725715160369873,0.1601111888885498,31.09696785368601,155.48483926843008,82,4.373177842565598,relaxed
Key.space,1759730830.7606156,0.104438304901123,0.272425889968872,31.09696785368601,155.48483926843008,82,4.373177842565598,relaxed
r,1759730830.8568022,0.1522839069366455,0.1440322399139404,31.09696785368601,155.48483926843008,82,4.373177842565598,relaxed
i,1759730832.4970765,0.175220251083374,1.66321063041687,31.09696785368601,155.48483926843008,82,4.373177842565598,relaxed
n,1759730832.704737,0.160679817199707,0.193120002746582,31.09696785368601,155.48483926843008,82,4.373177842565598,relaxed
g,1759730832.8888588,0.1201052665710449,0.1435472965240478,31.09696785368601,155.48483926843008,82,4.373177842565598,relaxed
Key.space,1759730833.0487893,0.1516361236572265,0.1914613246917724,31.09696785368601,155.48483926843008,82,4.373177842565598,relaxed
t,1759730833.7604578,0.1205542087554931,0.680586576461792,31.09696785368601,155.48483926843008,82,4.373177842565598,relaxed
h,1759730833.943807,0.1612117290496826,0.2240066528320312,31.09696785368601,155.48483926843008,82,4.373177842565598,relaxed
e,1759730834.176883,0.1280596256256103,0.1999239921569824,31.09696785368601,155.48483926843008,82,4.373177842565598,relaxed
Key.space,1759730834.312493,0.1040644645690918,0.1116151809692382,31.09696785368601,155.48483926843008,82,4.373177842565598,relaxed
n,1759730834.5842073,0.1125323772430419,0.280181884765625,31.09696785368601,155.48483926843008,82,4.373177842565598,relaxed
Key.backspace,1759730835.400882,0.1595289707183838,0.8636713027954102,31.09696785368601,155.48483926843008,82,4.373177842565598,relaxed
b,1759730835.585394,0.1665103435516357,0.1914935111999511,31.09696785368601,155.48483926843008,82,4.373177842565598,relaxed
e,1759730836.016157,0.1201720237731933,0.3844242095947265,31.09696785368601,155.48483926843008,82,4.373177842565598,relaxed
l,1759730836.7291367,0.0717701911926269,0.6645781993865967,31.09696785368601,155.48483926843008,82,4.373177842565598,relaxed
s,1759730837.03232,0.1442873477935791,0.3757004737854004,31.09696785368601,155.48483926843008,82,4.373177842565598,relaxed
Key.backspace,1759730838.1050978,0.1272585391998291,1.0557489395141602,31.09696785368601,155.48483926843008,82,4.373177842565598,relaxed
l,1759730838.592657,0.0723226070404052,0.4326236248016357,31.09696785368601,155.48483926843008,82,4.373177842565598,relaxed
s,1759730838.7129607,0.1361341476440429,0.184114933013916,31.09696785368601,155.48483926843008,82,4.373177842565598,relaxed
Key.space,1759730838.8405306,0.1201872825622558,0.1116230487823486,31.09696785368601,155.48483926843008,82,4.373177842565598,relaxed
o,1759730839.112466,0.1522612571716308,0.3040094375610351,31.09696785368601,155.48483926843008,82,4.373177842565598,relaxed
f,1759730839.2807918,0.0878777503967285,0.1039421558380127,31.09696785368601,155.48483926843008,82,4.373177842565598,relaxed
Key.space,1759730839.568607,0.0958013534545898,0.2957391738891601,31.09696785368601,155.48483926843008,82,4.373177842565598,relaxed
a,1759730839.896498,0.1359851360321045,0.3680744171142578,31.09696785368601,155.48483926843008,82,4.373177842565598,relaxed
w,1759730840.0963671,0.1361703872680664,0.2000544071197509,31.09696785368601,155.48483926843008,82,4.373177842565598,relaxed
a,1759730840.600686,0.1040041446685791,0.4721527099609375,31.09696785368601,155.48483926843008,82,4.373177842565598,relaxed
k,1759730841.4002118,0.1762378215789795,0.8717594146728516,31.09696785368601,155.48483926843008,82,4.373177842565598,relaxed
e,1759730841.7210624,0.1590328216552734,0.3036456108093261,31.09696785368601,155.48483926843008,82,4.373177842565598,relaxed
n,1759730841.9525464,0.1124317646026611,0.1848828792572021,31.09696785368601,155.48483926843008,82,4.373177842565598,relaxed
i,1759730842.216678,0.1765697002410888,0.3282697200775146,31.09696785368601,155.48483926843008,82,4.373177842565598,relaxed
n,1759730842.3847384,0.1598684787750244,0.1513590812683105,31.09696785368601,155.48483926843008,82,4.373177842565598,relaxed
g,1759730842.504779,0.0555102825164794,0.0156824588775634,31.09696785368601,155.48483926843008,82,4.373177842565598,relaxed
Key.space,1759730843.9122198,0.1603040695190429,1.512234449386597,31.09696785368601,155.48483926843008,82,4.373177842565598,relaxed
g,1759730844.7686477,0.1361615657806396,0.8322854042053223,31.09696785368601,155.48483926843008,82,4.373177842565598,relaxed
a,1759730844.8968098,0.1032395362854003,0.0952401161193847,31.09696785368601,155.48483926843008,82,4.373177842565598,relaxed
t,1759730845.2484183,0.144566535949707,0.3929355144500732,31.09696785368601,155.48483926843008,82,4.373177842565598,relaxed
h,1759730845.5611486,0.1595849990844726,0.3277487754821777,31.09696785368601,155.48483926843008,82,4.373177842565598,relaxed
e,1759730845.7046602,0.1838147640228271,0.1677412986755371,31.09696785368601,155.48483926843008,82,4.373177842565598,relaxed
r,1759730845.879953,0.1206583976745605,0.1121363639831543,31.09696785368601,155.48483926843008,82,4.373177842565598,relaxed
Key.space,1759730846.080516,0.1681244373321533,0.2480292320251464,31.09696785368601,155.48483926843008,82,4.373177842565598,relaxed
t,1759730846.3123434,0.1210861206054687,0.1847889423370361,31.09696785368601,155.48483926843008,82,4.373177842565598,relaxed
h,1759730846.4809356,0.1280584335327148,0.1755645275115966,31.09696785368601,155.48483926843008,82,4.373177842565598,relaxed
e,1759730846.6325078,0.0720868110656738,0.0956006050109863,31.09696785368601,155.48483926843008,82,4.373177842565598,relaxed
Key.space,1759730846.7204387,0.0642452239990234,0.0800893306732177,31.09696785368601,155.48483926843008,82,4.373177842565598,relaxed
l,1759730847.0645022,0.1920795440673828,0.4718978404998779,31.09696785368601,155.48483926843008,82,4.373177842565598,relaxed
o,1759730847.4332254,0.1349639892578125,0.3116075992584228,31.09696785368601,155.48483926843008,82,4.373177842565598,relaxed
r,1759730847.5924537,0.1604008674621582,0.1846652030944824,31.09696785368601,155.48483926843008,82,4.373177842565598,relaxed
d,1759730848.2805316,0.1515097618103027,0.6791868209838867,31.09696785368601,155.48483926843008,82,4.373177842565598,relaxed
s,1759730848.600682,0.1601347923278808,0.328775405883789,31.09696785368601,155.48483926843008,82,4.373177842565598,relaxed
Key.backspace,1759730849.9286284,0.1269788742065429,1.294790506362915,31.09696785368601,155.48483926843008,82,4.373177842565598,relaxed
Key.space,1759730850.344238,0.1279339790344238,0.4165647029876709,31.09696785368601,155.48483926843008,82,4.373177842565598,relaxed
s,1759730850.512451,0.1600935459136963,0.2003724575042724,31.09696785368601,155.48483926843008,82,4.373177842565598,relaxed
o,1759730850.7287393,0.0880055427551269,0.144200325012207,31.09696785368601,155.48483926843008,82,4.373177842565598,relaxed
u,1759730850.9445128,0.0877871513366699,0.215555191040039,31.09696785368601,155.48483926843008,82,4.373177842565598,relaxed
l,1759730851.2720847,0.0888214111328125,0.3286061286926269,31.09696785368601,155.48483926843008,82,4.373177842565598,relaxed
s,1759730851.544513,0.1601243019104004,0.343731164932251,31.09696785368601,155.48483926843008,82,4.373177842565598,relaxed
Key.space,1759730851.8007135,0.1354174613952636,0.2314937114715576,31.09696785368601,155.48483926843008,82,4.373177842565598,relaxed
f,1759730852.0167189,0.2081167697906494,0.2887046337127685,31.09696785368601,155.48483926843008,82,4.373177842565598,relaxed
r,1759730852.7286522,0.1201670169830322,0.62398362159729,31.09696785368601,155.48483926843008,82,4.373177842565598,relaxed
o,1759730852.9124491,0.1364328861236572,0.2000627517700195,31.09696785368601,155.48483926843008,82,4.373177842565598,relaxed
m,1759730853.1206586,0.1518030166625976,0.2235796451568603,31.09696785368601,155.48483926843008,82,4.373177842565598,relaxed
Key.space,1759730853.488649,0.088001012802124,0.3041882514953613,31.09696785368601,155.48483926843008,82,4.373177842565598,relaxed
p,1759730854.0566754,0.0798463821411132,0.5598719120025635,31.09696785368601,155.48483926843008,82,4.373177842565598,relaxed
o,1759730854.2801936,0.1044337749481201,0.2481055259704589,31.09696785368601,155.48483926843008,82,4.373177842565598,relaxed
w,1759730854.3924782,0.1683783531188964,0.1762292385101318,31.09696785368601,155.48483926843008,82,4.373177842565598,relaxed
e,1759730854.616361,0.1042819023132324,0.1597859859466552,31.09696785368601,155.48483926843008,82,4.373177842565598,relaxed
r,1759730854.848055,0.0964524745941162,0.2238647937774658,31.09696785368601,155.48483926843008,82,4.373177842565598,relaxed
d,1759730855.088375,0.1598756313323974,0.3037436008453369,31.09696785368601,155.48483926843008,82,4.373177842565598,relaxed
u,1759730855.240249,0.1041541099548339,0.0961520671844482,31.09696785368601,155.48483926843008,82,4.373177842565598,relaxed
l,1759730855.537073,0.0958116054534912,0.2884812355041504,31.09696785368601,155.48483926843008,82,4.373177842565598,relaxed
Key.space,1759730855.800465,0.1365246772766113,0.3041057586669922,31.09696785368601,155.48483926843008,82,4.373177842565598,relaxed
Key.backspace,1759730856.368327,0.1120893955230712,0.5434262752532959,31.09696785368601,155.48483926843008,82,4.373177842565598,relaxed
Key.backspace,1759730856.592858,0.0875976085662841,0.2000393867492675,31.09696785368601,155.48483926843008,82,4.373177842565598,relaxed
Key.backspace,1759730856.7687016,0.1031000614166259,0.1913459300994873,31.09696785368601,155.48483926843008,82,4.373177842565598,relaxed
Key.backspace,1759730857.216129,0.088031530380249,0.432358980178833,31.09696785368601,155.48483926843008,82,4.373177842565598,relaxed
f,1759730857.4802215,0.0886921882629394,0.2647531032562256,31.09696785368601,155.48483926843008,82,4.373177842565598,relaxed
u,1759730857.6410213,0.0959477424621582,0.1680552959442138,31.09696785368601,155.48483926843008,82,4.373177842565598,relaxed
l,1759730858.2724652,0.1359941959381103,0.6714904308319092,31.09696785368601,155.48483926843008,82,4.373177842565598,relaxed
Key.space,1759730858.688438,0.1356668472290039,0.4156453609466553,31.09696785368601,155.48483926843008,82,4.373177842565598,relaxed
a,1759730859.1126146,0.1199517250061035,0.4084615707397461,31.09696785368601,155.48483926843008,82,4.373177842565598,relaxed
n,1759730859.384452,0.1128547191619873,0.2647404670715332,31.09696785368601,155.48483926843008,82,4.373177842565598,relaxed
c,1759730859.4889998,0.1677334308624267,0.1594264507293701,31.09696785368601,155.48483926843008,82,4.373177842565598,relaxed
e,1759730859.7128766,0.1272056102752685,0.1833488941192627,31.09696785368601,155.48483926843008,82,4.373177842565598,relaxed
i,1759730859.865193,0.1754584312438964,0.2005689144134521,31.09696785368601,155.48483926843008,82,4.373177842565598,relaxed
n,1759730860.104429,0.1281962394714355,0.1919741630554199,31.09696785368601,155.48483926843008,82,4.373177842565598,relaxed
Key.backspace,1759730861.416461,0.1359896659851074,1.3198254108428955,31.09696785368601,155.48483926843008,82,4.373177842565598,relaxed
Key.backspace,1759730861.6640909,0.0884647369384765,0.2001049518585205,31.09696785368601,155.48483926843008,82,4.373177842565598,relaxed
Key.backspace,1759730862.0487883,0.0951857566833496,0.39141845703125,31.09696785368601,155.48483926843008,82,4.373177842565598,relaxed
i,1759730862.38478,0.160499095916748,0.4013049602508545,31.09696785368601,155.48483926843008,82,4.373177842565598,relaxed
e,1759730863.007974,0.1767683029174804,0.6394634246826172,31.09696785368601,155.48483926843008,82,4.373177842565598,relaxed
n,1759730863.2166457,0.1291470527648925,0.1610500812530517,31.09696785368601,155.48483926843008,82,4.373177842565598,relaxed
t,1759730863.4086623,0.1281805038452148,0.1910502910614013,31.09696785368601,155.48483926843008,82,4.373177842565598,relaxed
Key.space,1759730865.9280376,0.1602864265441894,2.551481246948242,31.09696785368601,155.48483926843008,82,4.373177842565598,relaxed
b,1759730866.3601055,0.1203978061676025,0.3921792507171631,31.09696785368601,155.48483926843008,82,4.373177842565598,relaxed
e,1759730866.5371096,0.143547773361206,0.2001540660858154,31.09696785368601,155.48483926843008,82,4.373177842565598,relaxed
i,1759730866.7850106,0.1435110569000244,0.2478642463684082,31.09696785368601,155.48483926843008,82,4.373177842565598,relaxed
n,1759730866.984584,0.1365199089050293,0.1925821304321289,31.09696785368601,155.48483926843008,82,4.373177842565598,relaxed
g,1759730867.1604595,0.0960333347320556,0.1353890895843505,31.09696785368601,155.48483926843008,82,4.373177842565598,relaxed
s,1759730867.592847,0.1594266891479492,0.4957811832427978,31.09696785368601,155.48483926843008,82,4.373177842565598,relaxed
Key.alt_l,1759730870.2799306,0.4491865634918213,2.9768431186676025,31.09696785368601,155.48483926843008,82,4.373177842565598,relaxed
Key.tab,1759730870.6324975,0.1839828491210937,0.0873632431030273,31.09696785368601,155.48483926843008,82,4.373177842565598,relaxed
Key.tab,1759730871.5678594,0.2009000778198242,0.9522790908813475,31.09696785368601,155.48483926843008,82,4.373177842565598,relaxed
Key.alt_l,1759730871.3681836,0.9767158031463624,0.5761399269104004,31.09696785368601,155.48483926843008,82,4.373177842565598,relaxed
Key.tab,1759730872.257111,0.1352534294128418,0.0474650859832763,31.09696785368601,155.48483926843008,82,4.373177842565598,relaxed
Key.esc,1759730873.8166666,0.1276288032531738,1.5519309043884275,31.09696785368601,155.48483926843008,82,4.373177842565598,relaxed
a,1759731246.5847068,0.1125211715698242,0.5043995380401611,29.09912086569665,145.49560432848327,125,2.55863539445629,relaxed
n,1759731247.040913,0.1440761089324951,0.4877612590789795,29.09912086569665,145.49560432848327,125,2.55863539445629,relaxed
d,1759731247.232829,0.1195821762084961,0.1674222946166992,29.09912086569665,145.49560432848327,125,2.55863539445629,relaxed
Key.space,1759731247.3850036,0.1514701843261718,0.1840622425079345,29.09912086569665,145.49560432848327,125,2.55863539445629,relaxed
u,1759731247.8403776,0.0962822437286377,0.4001860618591308,29.09912086569665,145.49560432848327,125,2.55863539445629,relaxed
l,1759731248.1760993,0.1691923141479492,0.4086318016052246,29.09912086569665,145.49560432848327,125,2.55863539445629,relaxed
t,1759731248.4161818,0.1126978397369384,0.1835880279541015,29.09912086569665,145.49560432848327,125,2.55863539445629,relaxed
i,1759731248.584838,0.1195874214172363,0.1755456924438476,29.09912086569665,145.49560432848327,125,2.55863539445629,relaxed
m,1759731248.768832,0.1197559833526611,0.1841626167297363,29.09912086569665,145.49560432848327,125,2.55863539445629,relaxed
a,1759731248.8805733,0.1442756652832031,0.136260986328125,29.09912086569665,145.49560432848327,125,2.55863539445629,relaxed
t,1759731249.2322176,0.1125869750976562,0.3199555873870849,29.09912086569665,145.49560432848327,125,2.55863539445629,relaxed
e,1759731249.41665,0.1360857486724853,0.2079312801361084,29.09912086569665,145.49560432848327,125,2.55863539445629,relaxed
l,1759731249.5926902,0.1360576152801513,0.1760120391845703,29.09912086569665,145.49560432848327,125,2.55863539445629,relaxed
y,1759731250.065156,0.127852201461792,0.4642603397369385,29.09912086569665,145.49560432848327,125,2.55863539445629,relaxed
Key.space,1759731252.047901,0.1524627208709716,2.0073554515838623,29.09912086569665,145.49560432848327,125,2.55863539445629,relaxed
f,1759731252.3204806,0.1207149028778076,0.2408318519592285,29.09912086569665,145.49560432848327,125,2.55863539445629,relaxed
a,1759731252.5520391,0.1447949409484863,0.2556385993957519,29.09912086569665,145.49560432848327,125,2.55863539445629,relaxed
c,1759731252.7602806,0.1846730709075927,0.2481195926666259,29.09912086569665,145.49560432848327,125,2.55863539445629,relaxed
e,1759731252.9770222,0.1519281864166259,0.1839966773986816,29.09912086569665,145.49560432848327,125,2.55863539445629,relaxed
Key.space,1759731253.2724185,0.143669843673706,0.2871377468109131,29.09912086569665,145.49560432848327,125,2.55863539445629,relaxed
Key.shift,1759731253.552275,0.2794985771179199,0.4156854152679443,29.09912086569665,145.49560432848327,125,2.55863539445629,relaxed
w,1759731254.336392,0.1444547176361084,0.6159534454345703,29.09912086569665,145.49560432848327,125,2.55863539445629,relaxed
y,1759731255.2163734,0.0795931816101074,0.8151199817657471,29.09912086569665,145.49560432848327,125,2.55863539445629,relaxed
n,1759731256.0972917,0.1114809513092041,0.9128057956695556,29.09912086569665,145.49560432848327,125,2.55863539445629,relaxed
Key.space,1759731256.6003957,0.1838204860687255,0.5754437446594238,29.09912086569665,145.49560432848327,125,2.55863539445629,relaxed
h,1759731257.5925865,0.0644207000732421,0.872791051864624,29.09912086569665,145.49560432848327,125,2.55863539445629,relaxed
i,1759731257.8405745,0.1287281513214111,0.3122951984405517,29.09912086569665,145.49560432848327,125,2.55863539445629,relaxed
m,1759731258.064798,0.1117856502532959,0.2072813510894775,29.09912086569665,145.49560432848327,125,2.55863539445629,relaxed
s,1759731258.2407503,0.1515281200408935,0.2156946659088134,29.09912086569665,145.49560432848327,125,2.55863539445629,relaxed
e,1759731258.448098,0.1204681396484375,0.1762876510620117,29.09912086569665,145.49560432848327,125,2.55863539445629,relaxed
l,1759731259.232613,0.1121082305908203,0.7761554718017578,29.09912086569665,145.49560432848327,125,2.55863539445629,relaxed
f,1759731259.4402666,0.1038417816162109,0.1993868350982666,29.09912086569665,145.49560432848327,125,2.55863539445629,relaxed
Key.space,1759731259.6640096,0.1282336711883545,0.2481348514556884,29.09912086569665,145.49560432848327,125,2.55863539445629,relaxed
i,1759731260.6409032,0.1193158626556396,0.9679758548736572,29.09912086569665,145.49560432848327,125,2.55863539445629,relaxed
n,1759731260.8405,0.1124005317687988,0.1926813125610351,29.09912086569665,145.49560432848327,125,2.55863539445629,relaxed
Key.space,1759731261.0397837,0.1765584945678711,0.2634415626525879,29.09912086569665,145.49560432848327,125,2.55863539445629,relaxed
t,1759731261.160442,0.1118252277374267,0.0559253692626953,29.09912086569665,145.49560432848327,125,2.55863539445629,relaxed
h,1759731261.3770325,0.127753734588623,0.2325186729431152,29.09912086569665,145.49560432848327,125,2.55863539445629,relaxed
e,1759731261.5522866,0.1038789749145507,0.1513795852661132,29.09912086569665,145.49560432848327,125,2.55863539445629,relaxed
Key.space,1759731261.6404705,0.0960266590118408,0.0803315639495849,29.09912086569665,145.49560432848327,125,2.55863539445629,relaxed
k,1759731262.0888283,0.1037893295288086,0.456120491027832,29.09912086569665,145.49560432848327,125,2.55863539445629,relaxed
i,1759731262.2967062,0.1436429023742675,0.2477314472198486,29.09912086569665,145.49560432848327,125,2.55863539445629,relaxed
n,1759731262.504351,0.1439466476440429,0.2079482078552246,29.09912086569665,145.49560432848327,125,2.55863539445629,relaxed
Key.space,1759731262.920004,0.1447665691375732,0.416473388671875,29.09912086569665,145.49560432848327,125,2.55863539445629,relaxed
o,1759731263.904474,0.1203601360321044,0.9600634574890136,29.09912086569665,145.49560432848327,125,2.55863539445629,relaxed
f,1759731264.0564537,0.1280355453491211,0.1596548557281494,29.09912086569665,145.49560432848327,125,2.55863539445629,relaxed
Key.space,1759731264.208292,0.1520037651062011,0.1758067607879638,29.09912086569665,145.49560432848327,125,2.55863539445629,relaxed
t,1759731264.3928835,0.1198737621307373,0.1524615287780761,29.09912086569665,145.49560432848327,125,2.55863539445629,relaxed
h,1759731264.5768352,0.1275029182434082,0.1915807723999023,29.09912086569665,145.49560432848327,125,2.55863539445629,relaxed
e,1759731264.7068565,0.1421680450439453,0.1446864604949951,29.09912086569665,145.49560432848327,125,2.55863539445629,relaxed
Key.space,1759731264.9130433,0.103715181350708,0.1677339076995849,29.09912086569665,145.49560432848327,125,2.55863539445629,relaxed
F,1759731266.616676,0.1595296859741211,1.7594473361968994,29.09912086569665,145.49560432848327,125,2.55863539445629,relaxed
Key.shift,1759731266.586506,0.2223548889160156,0.0326550006866455,29.09912086569665,145.49560432848327,125,2.55863539445629,relaxed
i,1759731266.976831,0.1115391254425048,0.2795093059539795,29.09912086569665,145.49560432848327,125,2.55863539445629,relaxed
r,1759731267.0964985,0.1042680740356445,0.1123964786529541,29.09912086569665,145.49560432848327,125,2.55863539445629,relaxed
s,1759731267.368317,0.128486156463623,0.2960364818572998,29.09912086569665,145.49560432848327,125,2.55863539445629,relaxed
t,1759731267.6173048,0.1115837097167968,0.2320854663848877,29.09912086569665,145.49560432848327,125,2.55863539445629,relaxed
Key.space,1759731267.8090737,0.11928391456604,0.1994690895080566,29.09912086569665,145.49560432848327,125,2.55863539445629,relaxed
F,1759731268.1047745,0.1196405887603759,0.2960574626922607,29.09912086569665,145.49560432848327,125,2.55863539445629,relaxed
Key.shift,1759731267.9525704,0.2883901596069336,0.0165455341339111,29.09912086569665,145.49560432848327,125,2.55863539445629,relaxed
l,1759731268.3371327,0.1350226402282714,0.2311947345733642,29.09912086569665,145.49560432848327,125,2.55863539445629,relaxed
a,1759731268.4645991,0.152339220046997,0.1447830200195312,29.09912086569665,145.49560432848327,125,2.55863539445629,relaxed
m,1759731268.6728847,0.1199514865875244,0.1758978366851806,29.09912086569665,145.49560432848327,125,2.55863539445629,relaxed
e,1759731268.7842336,0.1282570362091064,0.1196544170379638,29.09912086569665,145.49560432848327,125,2.55863539445629,relaxed
.,1759731270.448913,0.0877237319946289,1.6241464614868164,29.09912086569665,145.49560432848327,125,2.55863539445629,relaxed
Key.shift,1759731270.6728134,0.1991777420043945,0.3353540897369385,29.09912086569665,145.49560432848327,125,2.55863539445629,relaxed
t,1759731271.512266,0.136094331741333,0.6397614479064941,29.09912086569665,145.49560432848327,125,2.55863539445629,relaxed
h,1759731271.7766545,0.1277315616607666,0.2560257911682129,29.09912086569665,145.49560432848327,125,2.55863539445629,relaxed
Key.backspace,1759731272.4560668,0.1203970909118652,0.6720778942108154,29.09912086569665,145.49560432848327,125,2.55863539445629,relaxed
Key.space,1759731272.8085055,0.1201612949371337,0.3522028923034668,29.09912086569665,145.49560432848327,125,2.55863539445629,relaxed
t,1759731272.9445508,0.1118490695953369,0.1277329921722412,29.09912086569665,145.49560432848327,125,2.55863539445629,relaxed
h,1759731273.128216,0.1208343505859375,0.192650556564331,29.09912086569665,145.49560432848327,125,2.55863539445629,relaxed
e,1759731273.2727172,0.152498722076416,0.1761655807495117,29.09912086569665,145.49560432848327,125,2.55863539445629,relaxed
Key.space,1759731273.416036,0.18491792678833,0.1757378578186035,29.09912086569665,145.49560432848327,125,2.55863539445629,relaxed
e,1759731274.0567162,0.128164529800415,0.5839269161224365,29.09912086569665,145.49560432848327,125,2.55863539445629,relaxed
n,1759731275.0407655,0.1274280548095703,0.9833128452301024,29.09912086569665,145.49560432848327,125,2.55863539445629,relaxed
d,1759731275.1601672,0.1364169120788574,0.1283905506134033,29.09912086569665,145.49560432848327,125,2.55863539445629,relaxed
Key.space,1759731275.3125768,0.1512134075164795,0.1672060489654541,29.09912086569665,145.49560432848327,125,2.55863539445629,relaxed
t,1759731276.0890572,0.1195759773254394,0.7448430061340332,29.09912086569665,145.49560432848327,125,2.55863539445629,relaxed
h,1759731276.2561424,0.1120193004608154,0.1595284938812255,29.09912086569665,145.49560432848327,125,2.55863539445629,relaxed
e,1759731276.4247692,0.1281728744506836,0.1847803592681884,29.09912086569665,145.49560432848327,125,2.55863539445629,relaxed
Key.space,1759731276.5047958,0.1039855480194091,0.0558393001556396,29.09912086569665,145.49560432848327,125,2.55863539445629,relaxed
p,1759731277.6642582,0.0959668159484863,1.1514437198638916,29.09912086569665,145.49560432848327,125,2.55863539445629,relaxed
l,1759731277.8965702,0.0950312614440918,0.2313764095306396,29.09912086569665,145.49560432848327,125,2.55863539445629,relaxed
a,1759731278.0802264,0.1443226337432861,0.2329475879669189,29.09912086569665,145.49560432848327,125,2.55863539445629,relaxed
y,1759731278.3207622,0.1043710708618164,0.2005841732025146,29.09912086569665,145.49560432848327,125,2.55863539445629,relaxed
e,1759731278.4882112,0.1128129959106445,0.1758909225463867,29.09912086569665,145.49560432848327,125,2.55863539445629,relaxed
r,1759731278.6727943,0.0963780879974365,0.1681482791900634,29.09912086569665,145.49560432848327,125,2.55863539445629,relaxed
Key.space,1759731278.8403678,0.1203620433807373,0.1915574073791504,29.09912086569665,145.49560432848327,125,2.55863539445629,relaxed
f,1759731279.336771,0.1194562911987304,0.495497465133667,29.09912086569665,145.49560432848327,125,2.55863539445629,relaxed
a,1759731279.624562,0.1599025726318359,0.3282372951507568,29.09912086569665,145.49560432848327,125,2.55863539445629,relaxed
c,1759731279.888369,0.1442713737487793,0.248176097869873,29.09912086569665,145.49560432848327,125,2.55863539445629,relaxed
e,1759731280.1124184,0.1201033592224121,0.1998810768127441,29.09912086569665,145.49560432848327,125,2.55863539445629,relaxed
s,1759731280.3852932,0.1437325477600097,0.2965040206909179,29.09912086569665,145.49560432848327,125,2.55863539445629,relaxed
Key.space,1759731280.8564813,0.1441042423248291,0.4715597629547119,29.09912086569665,145.49560432848327,125,2.55863539445629,relaxed
a,1759731281.0955882,0.1450991630554199,0.2401018142700195,29.09912086569665,145.49560432848327,125,2.55863539445629,relaxed
Key.space,1759731281.2887762,0.1357967853546142,0.1838855743408203,29.09912086569665,145.49560432848327,125,2.55863539445629,relaxed
m,1759731281.9124346,0.0880839824676513,0.5759456157684326,29.09912086569665,145.49560432848327,125,2.55863539445629,relaxed
o,1759731282.464524,0.0886948108673095,0.5527002811431885,29.09912086569665,145.49560432848327,125,2.55863539445629,relaxed
m,1759731282.6808298,0.0958447456359863,0.2234556674957275,29.09912086569665,145.49560432848327,125,2.55863539445629,relaxed
e,1759731283.2568264,0.1597938537597656,0.6399457454681396,29.09912086569665,145.49560432848327,125,2.55863539445629,relaxed
n,1759731284.7123723,0.1361384391784668,1.4318907260894775,29.09912086569665,145.49560432848327,125,2.55863539445629,relaxed
t,1759731285.000693,0.1038703918457031,0.2560527324676513,29.09912086569665,145.49560432848327,125,2.55863539445629,relaxed
o,1759731285.2094293,0.0951745510101318,0.2000401020050048,29.09912086569665,145.49560432848327,125,2.55863539445629,relaxed
u,1759731285.472539,0.1359796524047851,0.3039147853851318,29.09912086569665,145.49560432848327,125,2.55863539445629,relaxed
s,1759731285.672311,0.1362457275390625,0.200038194656372,29.09912086569665,145.49560432848327,125,2.55863539445629,relaxed
Key.space,1759731285.8239918,0.1360073089599609,0.151442289352417,29.09912086569665,145.49560432848327,125,2.55863539445629,relaxed
c,1759731286.0086858,0.1594154834747314,0.2081022262573242,29.09912086569665,145.49560432848327,125,2.55863539445629,relaxed
h,1759731286.2326584,0.0883171558380127,0.1528742313385009,29.09912086569665,145.49560432848327,125,2.55863539445629,relaxed
o,1759731286.560556,0.0879168510437011,0.3274972438812256,29.09912086569665,145.49560432848327,125,2.55863539445629,relaxed
i,1759731286.7767308,0.1034541130065918,0.2317121028900146,29.09912086569665,145.49560432848327,125,2.55863539445629,relaxed
c,1759731286.9372065,0.1753430366516113,0.2323644161224365,29.09912086569665,145.49560432848327,125,2.55863539445629,relaxed
e,1759731287.104469,0.1363337039947509,0.1282534599304199,29.09912086569665,145.49560432848327,125,2.55863539445629,relaxed
Key.space,1759731288.0797358,0.1610050201416015,0.9999380111694336,29.09912086569665,145.49560432848327,125,2.55863539445629,relaxed
:,1759731290.7919672,0.0885944366455078,2.6398208141326904,29.09912086569665,145.49560432848327,125,2.55863539445629,relaxed
Key.shift_r,1759731290.78398,0.1443769931793213,0.047795295715332,29.09912086569665,145.49560432848327,125,2.55863539445629,relaxed
Key.space,1759731291.1840465,0.1285943984985351,0.3842840194702148,29.09912086569665,145.49560432848327,125,2.55863539445629,relaxed
r,1759731291.320305,0.1364390850067138,0.1441035270690918,29.09912086569665,145.49560432848327,125,2.55863539445629,relaxed
e,1759731291.4242806,0.1519525051116943,0.1194887161254882,29.09912086569665,145.49560432848327,125,2.55863539445629,relaxed
k,1759731292.0733366,0.1274590492248535,0.6245625019073486,29.09912086569665,145.49560432848327,125,2.55863539445629,relaxed
i,1759731292.3280816,0.1284806728363037,0.2557666301727295,29.09912086569665,145.49560432848327,125,2.55863539445629,relaxed
n,1759731292.4723706,0.1681618690490722,0.1839702129364013,29.09912086569665,145.49560432848327,125,2.55863539445629,relaxed
d,1759731292.599832,0.1686289310455322,0.1279284954071045,29.09912086569665,145.49560432848327,125,2.55863539445629,relaxed
l,1759731294.1358063,0.1290159225463867,1.496361255645752,29.09912086569665,145.49560432848327,125,2.55863539445629,relaxed
e,1759731294.2968807,0.1276147365570068,0.1596732139587402,29.09912086569665,145.49560432848327,125,2.55863539445629,relaxed
Key.space,1759731294.4882286,0.1760783195495605,0.2398114204406738,29.09912086569665,145.49560432848327,125,2.55863539445629,relaxed
t,1759731295.616885,0.0957241058349609,1.048302173614502,29.09912086569665,145.49560432848327,125,2.55863539445629,relaxed
h,1759731295.784513,0.1047558784484863,0.1766598224639892,29.09912086569665,145.49560432848327,125,2.55863539445629,relaxed
e,1759731296.376717,0.0957429409027099,0.5831913948059082,29.09912086569665,145.49560432848327,125,2.55863539445629,relaxed
Key.space,1759731296.8968103,0.1603620052337646,0.5847122669219971,29.09912086569665,145.49560432848327,125,2.55863539445629,relaxed
d,1759731297.3854835,0.1352560520172119,0.4635670185089111,29.09912086569665,145.49560432848327,125,2.55863539445629,relaxed
y,1759731297.968509,0.1204586029052734,0.568228006362915,29.09912086569665,145.49560432848327,125,2.55863539445629,relaxed
i,1759731298.2569275,0.1834096908569336,0.3513698577880859,29.09912086569665,145.49560432848327,125,2.55863539445629,relaxed
n,1759731298.432727,0.1525382995605468,0.1449282169342041,29.09912086569665,145.49560432848327,125,2.55863539445629,relaxed
g,1759731298.6082358,0.1200032234191894,0.1429734230041504,29.09912086569665,145.49560432848327,125,2.55863539445629,relaxed
Key.space,1759731298.792446,0.1921412944793701,0.2563481330871582,29.09912086569665,145.49560432848327,125,2.55863539445629,relaxed
Key.shift,1759731299.360732,0.3839151859283447,0.7600600719451904,29.09912086569665,145.49560432848327,125,2.55863539445629,relaxed
f,1759731299.99304,0.1677722930908203,0.4161651134490967,29.09912086569665,145.49560432848327,125,2.55863539445629,relaxed
l,1759731300.2327414,0.1275496482849121,0.1994786262512207,29.09912086569665,145.49560432848327,125,2.55863539445629,relaxed
a,1759731300.4169075,0.1593787670135498,0.2159953117370605,29.09912086569665,145.49560432848327,125,2.55863539445629,relaxed
m,1759731300.5844002,0.1117329597473144,0.1198468208312988,29.09912086569665,145.49560432848327,125,2.55863539445629,relaxed
e,1759731300.7365327,0.1521158218383789,0.1925153732299804,29.09912086569665,145.49560432848327,125,2.55863539445629,relaxed
Key.space,1759731302.664798,0.1514110565185547,1.927560567855835,29.09912086569665,145.49560432848327,125,2.55863539445629,relaxed
a,1759731303.0010386,0.175675630569458,0.3605051040649414,29.09912086569665,145.49560432848327,125,2.55863539445629,relaxed
n,1759731303.288312,0.1358940601348877,0.2474918365478515,29.09912086569665,145.49560432848327,125,2.55863539445629,relaxed
d,1759731303.4166706,0.1283607482910156,0.1208252906799316,29.09912086569665,145.49560432848327,125,2.55863539445629,relaxed
Key.space,1759731303.632742,0.1515254974365234,0.2392361164093017,29.09912086569665,145.49560432848327,125,2.55863539445629,relaxed
p,1759731304.1855035,0.1190266609191894,0.5202627182006836,29.09912086569665,145.49560432848327,125,2.55863539445629,relaxed
e,1759731304.3283648,0.2003765106201172,0.2242112159729004,29.09912086569665,145.49560432848327,125,2.55863539445629,relaxed
r,1759731304.5600195,0.1284546852111816,0.1597328186035156,29.09912086569665,145.49560432848327,125,2.55863539445629,relaxed
p,1759731305.0969565,0.0951659679412841,0.503648042678833,29.09912086569665,145.49560432848327,125,2.55863539445629,relaxed
e,1759731305.7682452,0.1443755626678466,0.7204985618591309,29.09912086569665,145.49560432848327,125,2.55863539445629,relaxed
t,1759731306.2245443,0.1114523410797119,0.4233760833740234,29.09912086569665,145.49560432848327,125,2.55863539445629,relaxed
u,1759731306.400724,0.0722641944885253,0.136991262435913,29.09912086569665,145.49560432848327,125,2.55863539445629,relaxed
a,1759731306.544846,0.1839907169342041,0.2558486461639404,29.09912086569665,145.49560432848327,125,2.55863539445629,relaxed
t,1759731307.033125,0.1593167781829834,0.4636049270629883,29.09912086569665,145.49560432848327,125,2.55863539445629,relaxed
e,1759731307.2090392,0.1439859867095947,0.16058349609375,29.09912086569665,145.49560432848327,125,2.55863539445629,relaxed
Key.space,1759731307.8887644,0.1676535606384277,0.703392744064331,29.09912086569665,145.49560432848327,125,2.55863539445629,relaxed
a,1759731308.2891686,0.1432607173919677,0.3760113716125488,29.09912086569665,145.49560432848327,125,2.55863539445629,relaxed
t,1759731308.632855,0.1113097667694091,0.3117353916168213,29.09912086569665,145.49560432848327,125,2.55863539445629,relaxed
Key.backspace,1759731309.656956,0.1588149070739746,1.071606159210205,29.09912086569665,145.49560432848327,125,2.55863539445629,relaxed
Key.backspace,1759731309.856541,0.1674816608428955,0.2082514762878418,29.09912086569665,145.49560432848327,125,2.55863539445629,relaxed
t,1759731310.3122694,0.1124415397644043,0.4006886482238769,29.09912086569665,145.49560432848327,125,2.55863539445629,relaxed
h,1759731310.4968789,0.1435742378234863,0.2157421112060547,29.09912086569665,145.49560432848327,125,2.55863539445629,relaxed
e,1759731310.6169157,0.1281464099884033,0.1046090126037597,29.09912086569665,145.49560432848327,125,2.55863539445629,relaxed
Key.space,1759731310.848245,0.1445040702819824,0.2476868629455566,29.09912086569665,145.49560432848327,125,2.55863539445629,relaxed
Key.shift,1759731311.0408254,0.512636661529541,0.5607130527496338,29.09912086569665,145.49560432848327,125,2.55863539445629,relaxed
g,1759731312.129228,0.0948865413665771,0.6313118934631348,29.09912086569665,145.49560432848327,125,2.55863539445629,relaxed
e,1759731312.3120878,0.144862413406372,0.2328355312347412,29.09912086569665,145.49560432848327,125,2.55863539445629,relaxed
Key.space,1759731312.68005,0.1526093482971191,0.375709056854248,29.09912086569665,145.49560432848327,125,2.55863539445629,relaxed
o,1759731313.3049693,0.1115899085998535,0.583899974822998,29.09912086569665,145.49560432848327,125,2.55863539445629,relaxed
f,1759731313.489226,0.0475647449493408,0.1202316284179687,29.09912086569665,145.49560432848327,125,2.55863539445629,relaxed
Key.space,1759731313.6887093,0.1114394664764404,0.2633578777313232,29.09912086569665,145.49560432848327,125,2.55863539445629,relaxed
Key.shift,1759731313.7765825,0.3515224456787109,0.3279561996459961,29.09912086569665,145.49560432848327,125,2.55863539445629,relaxed
f,1759731313.489226,0.6473603248596191,0.0084815025329589,29.09912086569665,145.49560432848327,125,2.55863539445629,relaxed
i,1759731314.2485569,0.0958504676818847,0.2078208923339843,29.09912086569665,145.49560432848327,125,2.55863539445629,relaxed
r,1759731314.3523183,0.192101240158081,0.20001220703125,29.09912086569665,145.49560432848327,125,2.55863539445629,relaxed
e,1759731314.520646,0.1119678020477294,0.0881943702697753,29.09912086569665,145.49560432848327,125,2.55863539445629,relaxed
",",1759731316.368161,0.0649137496948242,1.8004608154296875,29.09912086569665,145.49560432848327,125,2.55863539445629,relaxed
Key.space,1759731316.6082048,0.0881581306457519,0.2632882595062256,29.09912086569665,145.49560432848327,125,2.55863539445629,relaxed
o,1759731316.8729162,0.1117892265319824,0.2883424758911133,29.09912086569665,145.49560432848327,125,2.55863539445629,relaxed
r,1759731316.992724,0.0957887172698974,0.1038072109222412,29.09912086569665,145.49560432848327,125,2.55863539445629,relaxed
Key.space,1759731317.2010148,0.1114377975463867,0.2239398956298828,29.09912086569665,145.49560432848327,125,2.55863539445629,relaxed
l,1759731317.9205008,0.0960354804992675,0.7040836811065674,29.09912086569665,145.49560432848327,125,2.55863539445629,relaxed
e,1759731318.0085297,0.1363363265991211,0.1283297538757324,29.09912086569665,145.49560432848327,125,2.55863539445629,relaxed
Key.space,1759731318.4809086,0.103553295135498,0.4395959377288818,29.09912086569665,145.49560432848327,125,2.55863539445629,relaxed
Key.backspace,1759731319.0403914,0.1433556079864502,0.5992851257324219,29.09912086569665,145.49560432848327,125,2.55863539445629,relaxed
t,1759731319.2091713,0.1441078186035156,0.1695320606231689,29.09912086569665,145.49560432848327,125,2.55863539445629,relaxed
Key.space,1759731319.5770607,0.0388300418853759,0.2626116275787353,29.09912086569665,145.49560432848327,125,2.55863539445629,relaxed
i,1759731319.8809812,0.0955207347869873,0.3606112003326416,29.09912086569665,145.49560432848327,125,2.55863539445629,relaxed
t,1759731320.0008154,0.1195449829101562,0.1438584327697754,29.09912086569665,145.49560432848327,125,2.55863539445629,relaxed
Key.space,1759731320.2641842,0.1044173240661621,0.2482411861419677,29.09912086569665,145.49560432848327,125,2.55863539445629,relaxed
b,1759731320.777045,0.1117801666259765,0.5202236175537109,29.09912086569665,145.49560432848327,125,2.55863539445629,relaxed
e,1759731320.9036863,0.1447694301605224,0.159630537033081,29.09912086569665,145.49560432848327,125,2.55863539445629,relaxed
Key.space,1759731321.0409076,0.1678040027618408,0.1602559089660644,29.09912086569665,145.49560432848327,125,2.55863539445629,relaxed
e,1759731321.2809024,0.1360743045806884,0.2082650661468505,29.09912086569665,145.49560432848327,125,2.55863539445629,relaxed
x,1759731321.6881642,0.1442313194274902,0.4154188632965088,29.09912086569665,145.49560432848327,125,2.55863539445629,relaxed
t,1759731322.4401512,0.1450426578521728,0.752798318862915,29.09912086569665,145.49560432848327,125,2.55863539445629,relaxed
e,1759731322.6572206,0.1349866390228271,0.2070133686065673,29.09912086569665,145.49560432848327,125,2.55863539445629,relaxed
Key.backspace,1759731325.9443605,0.1443254947662353,3.296478509902954,29.09912086569665,145.49560432848327,125,2.55863539445629,relaxed
i,1759731326.440282,0.1360423564910888,0.4876387119293213,29.09912086569665,145.49560432848327,125,2.55863539445629,relaxed
n,1759731326.8004816,0.1438243389129638,0.3679814338684082,29.09912086569665,145.49560432848327,125,2.55863539445629,relaxed
g,1759731326.993072,0.1036107540130615,0.1523768901824951,29.09912086569665,145.49560432848327,125,2.55863539445629,relaxed
u,1759731327.3047645,0.078791856765747,0.2868733406066894,29.09912086569665,145.49560432848327,125,2.55863539445629,relaxed
i,1759731327.5128312,0.1040289402008056,0.2333040237426757,29.09912086569665,145.49560432848327,125,2.55863539445629,relaxed
s,1759731327.6730862,0.159860610961914,0.2160866260528564,29.09912086569665,145.49560432848327,125,2.55863539445629,relaxed
h,1759731327.848652,0.1369538307189941,0.1526591777801513,29.09912086569665,145.49560432848327,125,2.55863539445629,relaxed
e,1759731328.016785,0.1756684780120849,0.2068474292755127,29.09912086569665,145.49560432848327,125,2.55863539445629,relaxed
d,1759731328.2081563,0.1367461681365966,0.1524491310119629,29.09912086569665,145.49560432848327,125,2.55863539445629,relaxed
Key.space,1759731328.6243825,0.1282722949981689,0.4077520370483398,29.09912086569665,145.49560432848327,125,2.55863539445629,relaxed
a,1759731328.8248918,0.1916077136993408,0.2638449668884277,29.09912086569665,145.49560432848327,125,2.55863539445629,relaxed
n,1759731329.0244567,0.1279985904693603,0.135955810546875,29.09912086569665,145.49560432848327,125,2.55863539445629,relaxed
d,1759731329.184405,0.1191401481628418,0.1510899066925048,29.09912086569665,145.49560432848327,125,2.55863539445629,relaxed
Key.space,1759731329.512223,0.1362779140472412,0.3449556827545166,29.09912086569665,145.49560432848327,125,2.55863539445629,relaxed
u,1759731330.5771194,0.1206228733062744,1.049241304397583,29.09912086569665,145.49560432848327,125,2.55863539445629,relaxed
s,1759731330.7284205,0.128899335861206,0.1595773696899414,29.09912086569665,145.49560432848327,125,2.55863539445629,relaxed
h,1759731330.864905,0.1444790363311767,0.152064561843872,29.09912086569665,145.49560432848327,125,2.55863539445629,relaxed
e,1759731331.072788,0.1361315250396728,0.1995353698730468,29.09912086569665,145.49560432848327,125,2.55863539445629,relaxed
r,1759731331.2888937,0.095790147781372,0.1757643222808838,29.09912086569665,145.49560432848327,125,2.55863539445629,relaxed
Key.space,1759731331.9524505,0.1201813220977783,0.6879479885101318,29.09912086569665,145.49560432848327,125,2.55863539445629,relaxed
i,1759731332.344744,0.1034572124481201,0.3755693435668945,29.09912086569665,145.49560432848327,125,2.55863539445629,relaxed
n,1759731332.5440571,0.1048583984375,0.2007143497467041,29.09912086569665,145.49560432848327,125,2.55863539445629,relaxed
Key.space,1759731332.7610905,0.1348485946655273,0.2470235824584961,29.09912086569665,145.49560432848327,125,2.55863539445629,relaxed
t,1759731332.784361,0.1358368396759033,0.0242586135864257,29.09912086569665,145.49560432848327,125,2.55863539445629,relaxed
h,1759731333.080118,0.1281142234802246,0.288034439086914,29.09912086569665,145.49560432848327,125,2.55863539445629,relaxed
e,1759731333.1848836,0.1517777442932129,0.1284291744232177,29.09912086569665,145.49560432848327,125,2.55863539445629,relaxed
Key.space,1759731333.4961,0.1599354743957519,0.3193740844726562,29.09912086569665,145.49560432848327,125,2.55863539445629,relaxed
Key.shift,1759731335.861362,0.0751850605010986,2.2805116176605225,29.09912086569665,145.49560432848327,125,2.55863539445629,relaxed
g,1759731336.6327102,0.1513595581054687,0.7590446472167969,29.09912086569665,145.49560432848327,125,2.55863539445629,relaxed
e,1759731336.7769852,0.1193025112152099,0.112217903137207,29.09912086569665,145.49560432848327,125,2.55863539445629,relaxed
s,1759731337.0804768,0.1451156139373779,0.3293046951293945,29.09912086569665,145.49560432848327,125,2.55863539445629,relaxed
Key.space,1759731337.361084,0.1350376605987548,0.2705292701721191,29.09912086569665,145.49560432848327,125,2.55863539445629,relaxed
o,1759731337.8245318,0.1438527107238769,0.4722628593444824,29.09912086569665,145.49560432848327,125,2.55863539445629,relaxed
f,1759731337.9927435,0.1118659973144531,0.1362249851226806,29.09912086569665,145.49560432848327,125,2.55863539445629,relaxed
Key.space,1759731338.160809,0.1040542125701904,0.1602537631988525,29.09912086569665,145.49560432848327,125,2.55863539445629,relaxed
Key.shift,1759731338.3282487,0.288330078125,0.3517155647277832,29.09912086569665,145.49560432848327,125,2.55863539445629,relaxed
a,1759731338.7611709,0.1516509056091308,0.256587266921997,29.09912086569665,145.49560432848327,125,2.55863539445629,relaxed
r,1759731338.9771333,0.135408878326416,0.1997203826904297,29.09912086569665,145.49560432848327,125,2.55863539445629,relaxed
Key.space,1759731339.7045271,0.1839208602905273,0.7759058475494385,29.09912086569665,145.49560432848327,125,2.55863539445629,relaxed
t,1759731340.0083165,0.0955700874328613,0.2154386043548584,29.09912086569665,145.49560432848327,125,2.55863539445629,relaxed
h,1759731340.1524718,0.1204631328582763,0.1690483093261718,29.09912086569665,145.49560432848327,125,2.55863539445629,relaxed
e,1759731340.35279,0.1439511775970459,0.2238061428070068,29.09912086569665,145.49560432848327,125,2.55863539445629,relaxed
r,1759731340.5202663,0.1362981796264648,0.1598234176635742,29.09912086569665,145.49560432848327,125,2.55863539445629,relaxed
e,1759731340.6489656,0.0959517955780029,0.0883529186248779,29.09912086569665,145.49560432848327,125,2.55863539445629,relaxed
v,1759731340.8723266,0.1284193992614746,0.2558286190032959,29.09912086569665,145.49560432848327,125,2.55863539445629,relaxed
y,1759731341.216269,0.0643341541290283,0.2798571586608886,29.09912086569665,145.49560432848327,125,2.55863539445629,relaxed
Key.backspace,1759731341.936478,0.1363720893859863,0.7922468185424805,29.09912086569665,145.49560432848327,125,2.55863539445629,relaxed
Key.backspace,1759731342.1926827,0.1031775474548339,0.2230103015899658,29.09912086569665,145.49560432848327,125,2.55863539445629,relaxed
b,1759731342.456582,0.0964076519012451,0.257129430770874,29.09912086569665,145.49560432848327,125,2.55863539445629,relaxed
y,1759731343.1527157,0.1122739315032959,0.7119998931884766,29.09912086569665,145.49560432848327,125,2.55863539445629,relaxed
Key.space,1759731343.7205396,0.1918866634368896,0.6474366188049316,29.09912086569665,145.49560432848327,125,2.55863539445629,relaxed
s,1759731344.928481,0.1760509014129638,1.192106008529663,29.09912086569665,145.49560432848327,125,2.55863539445629,relaxed
h,1759731345.1528947,0.1122219562530517,0.1605844497680664,29.09912086569665,145.49560432848327,125,2.55863539445629,relaxed
a,1759731345.3204088,0.1362206935882568,0.1915128231048584,29.09912086569665,145.49560432848327,125,2.55863539445629,relaxed
p,1759731345.5603776,0.0963747501373291,0.2001228332519531,29.09912086569665,145.49560432848327,125,2.55863539445629,relaxed
i,1759731345.8641164,0.1123631000518798,0.3197271823883056,29.09912086569665,145.49560432848327,125,2.55863539445629,relaxed
n,1759731345.992358,0.1441481113433838,0.1600265502929687,29.09912086569665,145.49560432848327,125,2.55863539445629,relaxed
g,1759731346.1845417,0.1201593875885009,0.1681950092315673,29.09912086569665,145.49560432848327,125,2.55863539445629,relaxed
Key.space,1759731346.3363383,0.13531494140625,0.1669521331787109,29.09912086569665,145.49560432848327,125,2.55863539445629,relaxed
t,1759731346.8479068,0.0888068675994873,0.4650604724884033,29.09912086569665,145.49560432848327,125,2.55863539445629,relaxed
h,1759731346.9842718,0.127805471420288,0.175363540649414,29.09912086569665,145.49560432848327,125,2.55863539445629,relaxed
e,1759731347.128669,0.1352977752685547,0.1518895626068115,29.09912086569665,145.49560432848327,125,2.55863539445629,relaxed
Key.space,1759731347.2563686,0.1518971920013427,0.144299030303955,29.09912086569665,145.49560432848327,125,2.55863539445629,relaxed
d,1759731347.5842202,0.1527655124664306,0.3287198543548584,29.09912086569665,145.49560432848327,125,2.55863539445629,relaxed
a,1759731347.712715,0.1753458976745605,0.1510748863220214,29.09912086569665,145.49560432848327,125,2.55863539445629,relaxed
t,1759731348.552694,0.2163341045379638,0.8809676170349121,29.09912086569665,145.49560432848327,125,2.55863539445629,relaxed
e,1759731348.7524896,0.1357092857360839,0.1191706657409668,29.09912086569665,145.49560432848327,125,2.55863539445629,relaxed
Key.space,1759731348.9359844,0.1280016899108886,0.1757872104644775,29.09912086569665,145.49560432848327,125,2.55863539445629,relaxed
o,1759731349.417038,0.063230276107788,0.4162821769714355,29.09912086569665,145.49560432848327,125,2.55863539445629,relaxed
d,1759731349.5850596,0.1433136463165283,0.2481050491333007,29.09912086569665,145.49560432848327,125,2.55863539445629,relaxed
Key.space,1759731349.7202482,0.1520695686340332,0.143944501876831,29.09912086569665,145.49560432848327,125,2.55863539445629,relaxed
t,1759731350.024152,0.153069257736206,0.304903507232666,29.09912086569665,145.49560432848327,125,2.55863539445629,relaxed
h,1759731350.33662,0.1278145313262939,0.2872133255004883,29.09912086569665,145.49560432848327,125,2.55863539445629,relaxed
e,1759731350.528356,0.1526484489440918,0.2165699005126953,29.09912086569665,145.49560432848327,125,2.55863539445629,relaxed
Key.space,1759731350.8560588,0.1682732105255127,0.343327522277832,29.09912086569665,145.49560432848327,125,2.55863539445629,relaxed
w,1759731351.1048372,0.1431405544281005,0.2236456871032714,29.09912086569665,145.49560432848327,125,2.55863539445629,relaxed
o,1759731351.329042,0.1270947456359863,0.2081589698791504,29.09912086569665,145.49560432848327,125,2.55863539445629,relaxed
r,1759731353.215882,0.1528782844543457,1.912623643875122,29.09912086569665,145.49560432848327,125,2.55863539445629,relaxed
l,1759731353.497049,0.1349990367889404,0.2632880210876465,29.09912086569665,145.49560432848327,125,2.55863539445629,relaxed
d,1759731353.6802068,0.1600043773651123,0.208162784576416,29.09912086569665,145.49560432848327,125,2.55863539445629,relaxed
.,1759731354.6484296,0.1208877563476562,0.9291062355041504,29.09912086569665,145.49560432848327,125,2.55863539445629,relaxed
T,1759731355.4012115,0.1191804409027099,0.7510745525360107,29.09912086569665,145.49560432848327,125,2.55863539445629,relaxed
Key.shift,1759731355.087931,0.4640476703643799,0.0315864086151123,29.09912086569665,145.49560432848327,125,2.55863539445629,relaxed
h,1759731356.0561624,0.1044127941131591,0.6085968017578125,29.09912086569665,145.49560432848327,125,2.55863539445629,relaxed
i,1759731356.400377,0.1360261440277099,0.3758280277252197,29.09912086569665,145.49560432848327,125,2.55863539445629,relaxed
s,1759731356.5845358,0.1680355072021484,0.2161681652069091,29.09912086569665,145.49560432848327,125,2.55863539445629,relaxed
Key.space,1759731356.8157392,0.1528158187866211,0.2159836292266845,29.09912086569665,145.49560432848327,125,2.55863539445629,relaxed
c,1759731358.584937,0.1602213382720947,1.7766036987304688,29.09912086569665,145.49560432848327,125,2.55863539445629,relaxed
y,1759731358.800061,0.0885195732116699,0.1434218883514404,29.09912086569665,145.49560432848327,125,2.55863539445629,relaxed
c,1759731358.9362154,0.1047861576080322,0.1524209976196289,29.09912086569665,145.49560432848327,125,2.55863539445629,relaxed
l,1759731359.7364616,0.1118631362915039,0.8073232173919678,29.09912086569665,145.49560432848327,125,2.55863539445629,relaxed
i,1759731359.9763355,0.1117258071899414,0.2397365570068359,29.09912086569665,145.49560432848327,125,2.55863539445629,relaxed
c,1759731360.0725214,0.168410062789917,0.1528701782226562,29.09912086569665,145.49560432848327,125,2.55863539445629,relaxed
a,1759731360.3128755,0.1436560153961181,0.2156002521514892,29.09912086569665,145.49560432848327,125,2.55863539445629,relaxed
l,1759731360.4490058,0.1349711418151855,0.1274452209472656,29.09912086569665,145.49560432848327,125,2.55863539445629,relaxed
Key.space,1759731360.8968506,0.1442775726318359,0.4571511745452881,29.09912086569665,145.49560432848327,125,2.55863539445629,relaxed
t,1759731362.0803926,0.1197576522827148,1.159022092819214,29.09912086569665,145.49560432848327,125,2.55863539445629,relaxed
a,1759731362.3768282,0.1594200134277343,0.3360979557037353,29.09912086569665,145.49560432848327,125,2.55863539445629,relaxed
l,1759731362.7924232,0.1999163627624511,0.4560914039611816,29.09912086569665,145.49560432848327,125,2.55863539445629,relaxed
e,1759731363.1286516,0.023691177368164,0.1600031852722168,29.09912086569665,145.49560432848327,125,2.55863539445629,relaxed
Key.space,1759731363.265411,0.1198647022247314,0.2329325675964355,29.09912086569665,145.49560432848327,125,2.55863539445629,relaxed
e,1759731363.640207,0.1282854080200195,0.3832170963287353,29.09912086569665,145.49560432848327,125,2.55863539445629,relaxed
x,1759731364.096766,0.1598939895629882,0.4881675243377685,29.09912086569665,145.49560432848327,125,2.55863539445629,relaxed
p,1759731364.5522645,0.0892188549041748,0.3848233222961426,29.09912086569665,145.49560432848327,125,2.55863539445629,relaxed
l,1759731364.8010464,0.1114492416381836,0.2710123062133789,29.09912086569665,145.49560432848327,125,2.55863539445629,relaxed
o,1759731365.0408096,0.0878999233245849,0.2162139415740966,29.09912086569665,145.49560432848327,125,2.55863539445629,relaxed
r,1759731365.2083335,0.1837358474731445,0.2633600234985351,29.09912086569665,145.49560432848327,125,2.55863539445629,relaxed
e,1759731365.3765106,0.1201984882354736,0.1046395301818847,29.09912086569665,145.49560432848327,125,2.55863539445629,relaxed
s,1759731365.6571105,0.1590816974639892,0.3194830417633056,29.09912086569665,145.49560432848327,125,2.55863539445629,relaxed
Key.space,1759731365.960639,0.1195874214172363,0.2640342712402344,29.09912086569665,145.49560432848327,125,2.55863539445629,relaxed
t,1759731367.7611318,0.1515121459960937,1.8324174880981443,29.09912086569665,145.49560432848327,125,2.55863539445629,relaxed
h,1759731367.9600077,0.1045091152191162,0.1518728733062744,29.09912086569665,145.49560432848327,125,2.55863539445629,relaxed
e,1759731368.136299,0.1362221240997314,0.2080039978027343,29.09912086569665,145.49560432848327,125,2.55863539445629,relaxed
m,1759731368.3447037,0.1283307075500488,0.2005136013031005,29.09912086569665,145.49560432848327,125,2.55863539445629,relaxed
e,1759731368.5282102,0.1123151779174804,0.1674909591674804,29.09912086569665,145.49560432848327,125,2.55863539445629,relaxed
s,1759731368.776006,0.1441371440887451,0.2796177864074707,29.09912086569665,145.49560432848327,125,2.55863539445629,relaxed
Key.space,1759731369.000981,0.1274416446685791,0.2082796096801757,29.09912086569665,145.49560432848327,125,2.55863539445629,relaxed
o,1759731369.352775,0.1201715469360351,0.3445239067077636,29.09912086569665,145.49560432848327,125,2.55863539445629,relaxed
f,1759731369.5605948,0.0880289077758789,0.1756770610809326,29.09912086569665,145.49560432848327,125,2.55863539445629,relaxed
Key.space,1759731369.7613237,0.1028501987457275,0.2155499458312988,29.09912086569665,145.49560432848327,125,2.55863539445629,relaxed
s,1759731370.2089365,0.1995697021484375,0.5443325042724609,29.09912086569665,145.49560432848327,125,2.55863539445629,relaxed
a,1759731370.4004705,0.1605522632598877,0.1525163650512695,29.09912086569665,145.49560432848327,125,2.55863539445629,relaxed
c,1759731370.6321423,0.1601049900054931,0.231224775314331,29.09912086569665,145.49560432848327,125,2.55863539445629,relaxed
r,1759731370.8960605,0.1287512779235839,0.2325644493103027,29.09912086569665,145.49560432848327,125,2.55863539445629,relaxed
i,1759731371.560351,0.135465383529663,0.6710042953491211,29.09912086569665,145.49560432848327,125,2.55863539445629,relaxed
f,1759731371.7360263,0.1201310157775878,0.1603415012359619,29.09912086569665,145.49560432848327,125,2.55863539445629,relaxed
i,1759731371.9211893,0.087942361831665,0.1529741287231445,29.09912086569665,145.49560432848327,125,2.55863539445629,relaxed
c,1759731372.0410194,0.1757330894470214,0.2076208591461181,29.09912086569665,145.49560432848327,125,2.55863539445629,relaxed
e,1759731372.272504,0.1358618736267089,0.1916131973266601,29.09912086569665,145.49560432848327,125,2.55863539445629,relaxed
s,1759731372.6727266,0.1197328567504882,0.3840937614440918,29.09912086569665,145.49560432848327,125,2.55863539445629,relaxed
",",1759731373.9368558,0.0957214832305908,1.2401177883148191,29.09912086569665,145.49560432848327,125,2.55863539445629,relaxed
Key.space,1759731374.1924002,0.0876319408416748,0.2474548816680908,29.09912086569665,145.49560432848327,125,2.55863539445629,relaxed
e,1759731374.3530526,0.1430234909057617,0.2160439491271972,29.09912086569665,145.49560432848327,125,2.55863539445629,relaxed
n,1759731374.5128973,0.1509006023406982,0.1677217483520507,29.09912086569665,145.49560432848327,125,2.55863539445629,relaxed
t,1759731374.8804638,0.1440145969390869,0.3606805801391601,29.09912086569665,145.49560432848327,125,2.55863539445629,relaxed
r,1759731375.096022,0.1042156219482421,0.1757593154907226,29.09912086569665,145.49560432848327,125,2.55863539445629,relaxed
o,1759731376.4165723,0.1205461025238037,1.3368806838989258,29.09912086569665,145.49560432848327,125,2.55863539445629,relaxed
p,1759731376.7607863,0.1759254932403564,0.3995935916900635,29.09912086569665,145.49560432848327,125,2.55863539445629,relaxed
y,1759731377.3368237,0.1524431705474853,0.5525546073913574,29.09912086569665,145.49560432848327,125,2.55863539445629,relaxed
Key.space,1759731377.9919827,0.1368424892425537,0.6395585536956787,29.09912086569665,145.49560432848327,125,2.55863539445629,relaxed
p,1759731378.5371792,0.0953648090362548,0.5037188529968262,29.09912086569665,145.49560432848327,125,2.55863539445629,relaxed
o,1759731378.752462,0.1118779182434082,0.2317960262298584,29.09912086569665,145.49560432848327,125,2.55863539445629,relaxed
w,1759731378.9365878,0.2242593765258789,0.2965071201324463,29.09912086569665,145.49560432848327,125,2.55863539445629,relaxed
e,1759731379.136834,0.1520745754241943,0.128061294555664,29.09912086569665,145.49560432848327,125,2.55863539445629,relaxed
r,1759731379.4325025,0.0958492755889892,0.2394430637359619,29.09912086569665,145.49560432848327,125,2.55863539445629,relaxed
Key.space,1759731379.7368453,0.167194128036499,0.375687837600708,29.09912086569665,145.49560432848327,125,2.55863539445629,relaxed
a,1759731379.912601,0.1761450767517089,0.1847066879272461,29.09912086569665,145.49560432848327,125,2.55863539445629,relaxed
b,1759731380.5290606,0.1839547157287597,0.6242692470550537,29.09912086569665,145.49560432848327,125,2.55863539445629,relaxed
d,1759731380.7443988,0.1364045143127441,0.167788028717041,29.09912086569665,145.49560432848327,125,2.55863539445629,relaxed
Key.backspace,1759731381.1929612,0.0952696800231933,0.4074275493621826,29.09912086569665,145.49560432848327,125,2.55863539445629,relaxed
Key.backspace,1759731381.3763084,0.079813003540039,0.1678905487060547,29.09912086569665,145.49560432848327,125,2.55863539445629,relaxed
n,1759731381.6245298,0.1282386779785156,0.2966470718383789,29.09912086569665,145.49560432848327,125,2.55863539445629,relaxed
d,1759731381.7605386,0.1206636428833007,0.1284337043762207,29.09912086569665,145.49560432848327,125,2.55863539445629,relaxed
Key.space,1759731381.888945,0.1276154518127441,0.1353585720062255,29.09912086569665,145.49560432848327,125,2.55863539445629,relaxed
t,1759731382.0802264,0.1361386775970459,0.1998043060302734,29.09912086569665,145.49560432848327,125,2.55863539445629,relaxed
h,1759731382.256748,0.0883386135101318,0.1287214756011963,29.09912086569665,145.49560432848327,125,2.55863539445629,relaxed
e,1759731382.42373,0.1128656864166259,0.1915092468261718,29.09912086569665,145.49560432848327,125,2.55863539445629,relaxed
Key.space,1759731382.5131538,0.1353051662445068,0.1118631362915039,29.09912086569665,145.49560432848327,125,2.55863539445629,relaxed
i,1759731383.5283816,0.1518702507019043,1.0317928791046145,29.09912086569665,145.49560432848327,125,2.55863539445629,relaxed
n,1759731383.856469,0.1674633026123047,0.3436803817749023,29.09912086569665,145.49560432848327,125,2.55863539445629,relaxed
v,1759731384.095931,0.0966970920562744,0.1686959266662597,29.09912086569665,145.49560432848327,125,2.55863539445629,relaxed
e,1759731384.3202689,0.1447556018829345,0.2723963260650635,29.09912086569665,145.49560432848327,125,2.55863539445629,relaxed
i,1759731384.8808746,0.1439759731292724,0.559826135635376,29.09912086569665,145.49560432848327,125,2.55863539445629,relaxed
t,1759731385.1761143,0.13619065284729,0.2874543666839599,29.09912086569665,145.49560432848327,125,2.55863539445629,relaxed
a,1759731386.08801,0.1526336669921875,0.9283387660980223,29.09912086569665,145.49560432848327,125,2.55863539445629,relaxed
b,1759731386.2726665,0.1356935501098632,0.1677162647247314,29.09912086569665,145.49560432848327,125,2.55863539445629,relaxed
l,1759731386.728443,0.1444036960601806,0.4644863605499267,29.09912086569665,145.49560432848327,125,2.55863539445629,relaxed
e,1759731386.8887875,0.1199378967285156,0.1358790397644043,29.09912086569665,145.49560432848327,125,2.55863539445629,relaxed
Key.space,1759731387.8803835,0.1364297866821289,1.0080878734588623,29.09912086569665,145.49560432848327,125,2.55863539445629,relaxed
d,1759731388.1203623,0.1682250499725341,0.2717742919921875,29.09912086569665,145.49560432848327,125,2.55863539445629,relaxed
e,1759731388.2563016,0.1359126567840576,0.1036267280578613,29.09912086569665,145.49560432848327,125,2.55863539445629,relaxed
c,1759731388.5448642,0.1035830974578857,0.2562329769134521,29.09912086569665,145.49560432848327,125,2.55863539445629,relaxed
a,1759731388.7287238,0.1202008724212646,0.2004773616790771,29.09912086569665,145.49560432848327,125,2.55863539445629,relaxed
y,1759731389.05598,0.15244722366333,0.3595025539398193,29.09912086569665,145.49560432848327,125,2.55863539445629,relaxed
Key.space,1759731389.448788,0.1110856533050537,0.3514463901519775,29.09912086569665,145.49560432848327,125,2.55863539445629,relaxed
o,1759731389.9043474,0.144010305404663,0.4884841442108154,29.09912086569665,145.49560432848327,125,2.55863539445629,relaxed
f,1759731390.152953,0.1115865707397461,0.2161815166473388,29.09912086569665,145.49560432848327,125,2.55863539445629,relaxed
Key.space,1759731391.8078108,0.1925013065338134,1.7357728481292725,29.09912086569665,145.49560432848327,125,2.55863539445629,relaxed
g,1759731392.4405718,0.2229704856872558,0.6632301807403564,29.09912086569665,145.49560432848327,125,2.55863539445629,relaxed
r,1759731392.7039711,0.1289560794830322,0.1693849563598632,29.09912086569665,145.49560432848327,125,2.55863539445629,relaxed
e,1759731392.9687357,0.1442842483520507,0.2800924777984619,29.09912086569665,145.49560432848327,125,2.55863539445629,relaxed
a,1759731393.120357,0.1846349239349365,0.1919722557067871,29.09912086569665,145.49560432848327,125,2.55863539445629,relaxed
t,1759731393.5608203,0.1036651134490966,0.3594934940338135,29.09912086569665,145.49560432848327,125,2.55863539445629,relaxed
n,1759731393.7928138,0.1275701522827148,0.2558984756469726,29.09912086569665,145.49560432848327,125,2.55863539445629,relaxed
e,1759731393.9448326,0.1283676624298095,0.1528162956237793,29.09912086569665,145.49560432848327,125,2.55863539445629,relaxed
s,1759731394.2323358,0.1202230453491211,0.2793586254119873,29.09912086569665,145.49560432848327,125,2.55863539445629,relaxed
s,1759731394.4718204,0.0968515872955322,0.2161130905151367,29.09912086569665,145.49560432848327,125,2.55863539445629,relaxed
Key.space,1759731398.480513,0.1274044513702392,4.039245843887329,29.09912086569665,145.49560432848327,125,2.55863539445629,relaxed
a,1759731398.7283847,0.1607654094696045,0.2812323570251465,29.09912086569665,145.49560432848327,125,2.55863539445629,relaxed
l,1759731399.256927,0.0724236965179443,0.4402005672454834,29.09912086569665,145.49560432848327,125,2.55863539445629,relaxed
l,1759731399.5366104,0.0883808135986328,0.2956404685974121,29.09912086569665,145.49560432848327,125,2.55863539445629,relaxed
Key.space,1759731399.896982,0.1191515922546386,0.3911423683166504,29.09912086569665,145.49560432848327,125,2.55863539445629,relaxed
e,1759731400.1286848,0.1677818298339843,0.2803330421447754,29.09912086569665,145.49560432848327,125,2.55863539445629,relaxed
m,1759731400.5999815,0.1209549903869628,0.4244699478149414,29.09912086569665,145.49560432848327,125,2.55863539445629,relaxed
Key.backspace,1759731401.9521778,0.1367943286895752,1.3680355548858645,29.09912086569665,145.49560432848327,125,2.55863539445629,relaxed
m,1759731402.8327503,0.07955002784729,0.8233282566070557,29.09912086569665,145.49560432848327,125,2.55863539445629,relaxed
b,1759731405.9843578,0.1281619071960449,3.2002193927764893,29.09912086569665,145.49560432848327,125,2.55863539445629,relaxed
e,1759731406.1365795,0.1685647964477539,0.1926245689392089,29.09912086569665,145.49560432848327,125,2.55863539445629,relaxed
d,1759731406.3521872,0.1369647979736328,0.1840076446533203,29.09912086569665,145.49560432848327,125,2.55863539445629,relaxed
d,1759731406.5839543,0.1279940605163574,0.2227964401245117,29.09912086569665,145.49560432848327,125,2.55863539445629,relaxed
e,1759731406.76061,0.1602697372436523,0.2089312076568603,29.09912086569665,145.49560432848327,125,2.55863539445629,relaxed
d,1759731406.9047017,0.151961088180542,0.1357831954956054,29.09912086569665,145.49560432848327,125,2.55863539445629,relaxed
Key.space,1759731408.8478255,0.1446175575256347,1.9357802867889404,29.09912086569665,145.49560432848327,125,2.55863539445629,relaxed
w,1759731409.144472,0.1443347930908203,0.2963638305664062,29.09912086569665,145.49560432848327,125,2.55863539445629,relaxed
i,1759731409.3761454,0.128894567489624,0.2162330150604248,29.09912086569665,145.49560432848327,125,2.55863539445629,relaxed
t,1759731409.6325176,0.1198401451110839,0.2473177909851074,29.09912086569665,145.49560432848327,125,2.55863539445629,relaxed
h,1759731409.792817,0.1115102767944336,0.1519696712493896,29.09912086569665,145.49560432848327,125,2.55863539445629,relaxed
Key.space,1759731410.1121166,0.1043877601623535,0.3121769428253174,29.09912086569665,145.49560432848327,125,2.55863539445629,relaxed
a,1759731410.2569337,0.1439428329467773,0.1843719482421875,29.09912086569665,145.49560432848327,125,2.55863539445629,relaxed
Key.space,1759731410.5044234,0.215921401977539,0.3194684982299804,29.09912086569665,145.49560432848327,125,2.55863539445629,relaxed
s,1759731410.8321834,0.1448621749877929,0.2567007541656494,29.09912086569665,145.49560432848327,125,2.55863539445629,relaxed
o,1759731411.0959918,0.1366925239562988,0.255638837814331,29.09912086569665,145.49560432848327,125,2.55863539445629,relaxed
m,1759731411.3129945,0.1039400100708007,0.1842501163482666,29.09912086569665,145.49560432848327,125,2.55863539445629,relaxed
b,1759731411.6320372,0.1688170433044433,0.3839197158813476,29.09912086569665,145.49560432848327,125,2.55863539445629,relaxed
e,1759731411.8028514,0.1254584789276123,0.1274557113647461,29.09912086569665,145.49560432848327,125,2.55863539445629,relaxed
r,1759731412.0487854,0.0954384803771972,0.2159140110015869,29.09912086569665,145.49560432848327,125,2.55863539445629,relaxed
Key.space,1759731412.1760757,0.1442680358886718,0.1761198043823242,29.09912086569665,145.49560432848327,125,2.55863539445629,relaxed
h,1759731414.1930182,0.1271746158599853,1.9998490810394287,29.09912086569665,145.49560432848327,125,2.55863539445629,relaxed
a,1759731414.7447274,0.1439173221588134,0.5684518814086914,29.09912086569665,145.49560432848327,125,2.55863539445629,relaxed
u,1759731414.9765422,0.1519486904144287,0.2398462295532226,29.09912086569665,145.49560432848327,125,2.55863539445629,relaxed
n,1759731415.2157104,0.1371705532073974,0.2243900299072265,29.09912086569665,145.49560432848327,125,2.55863539445629,relaxed
t,1759731415.4963868,0.1120824813842773,0.2555882930755615,29.09912086569665,145.49560432848327,125,2.55863539445629,relaxed
i,1759731415.6322794,0.2080707550048828,0.2318809032440185,29.09912086569665,145.49560432848327,125,2.55863539445629,relaxed
n,1759731415.8006897,0.1441776752471923,0.1045169830322265,29.09912086569665,145.49560432848327,125,2.55863539445629,relaxed
g,1759731415.9519854,0.1040942668914794,0.1112124919891357,29.09912086569665,145.49560432848327,125,2.55863539445629,relaxed
Key.space,1759731416.728905,0.1670448780059814,0.8398702144622803,29.09912086569665,145.49560432848327,125,2.55863539445629,relaxed
a,1759731416.929084,0.1514327526092529,0.1845669746398925,29.09912086569665,145.49560432848327,125,2.55863539445629,relaxed
t,1759731417.3608143,0.1119794845581054,0.3922770023345947,29.09912086569665,145.49560432848327,125,2.55863539445629,relaxed
m,1759731417.585927,0.0788843631744384,0.1920175552368164,29.09912086569665,145.49560432848327,125,2.55863539445629,relaxed
o,1759731417.8004951,0.1118514537811279,0.247535228729248,29.09912086569665,145.49560432848327,125,2.55863539445629,relaxed
s,1759731418.0007434,0.1440012454986572,0.2323980331420898,29.09912086569665,145.49560432848327,125,2.55863539445629,relaxed
h,1759731418.216707,0.0397381782531738,0.1117005348205566,29.09912086569665,145.49560432848327,125,2.55863539445629,relaxed
p,1759731418.529064,0.1279475688934326,0.4005663394927978,29.09912086569665,145.49560432848327,125,2.55863539445629,relaxed
e,1759731418.6961584,0.1683058738708496,0.2074527740478515,29.09912086569665,145.49560432848327,125,2.55863539445629,relaxed
r,1759731419.0007043,0.1519553661346435,0.2881956100463867,29.09912086569665,145.49560432848327,125,2.55863539445629,relaxed
e,1759731419.1442647,0.1366448402404785,0.1282496452331543,29.09912086569665,145.49560432848327,125,2.55863539445629,relaxed
Key.space,1759731421.232612,0.1511938571929931,2.102896451950073,29.09912086569665,145.49560432848327,125,2.55863539445629,relaxed
t,1759731421.7446473,0.1521124839782714,0.5129537582397461,29.09912086569665,145.49560432848327,125,2.55863539445629,relaxed
h,1759731421.9527686,0.1117820739746093,0.1677908897399902,29.09912086569665,145.49560432848327,125,2.55863539445629,relaxed
a,1759731422.1049182,0.1436803340911865,0.1840479373931884,29.09912086569665,145.49560432848327,125,2.55863539445629,relaxed
t,1759731422.4726105,0.1043756008148193,0.3283874988555908,29.09912086569665,145.49560432848327,125,2.55863539445629,relaxed
Key.space,1759731422.696523,0.143951416015625,0.2634882926940918,29.09912086569665,145.49560432848327,125,2.55863539445629,relaxed
i,1759731423.128512,0.1195456981658935,0.4075832366943359,29.09912086569665,145.49560432848327,125,2.55863539445629,relaxed
n,1759731423.337601,0.1272294521331787,0.2167727947235107,29.09912086569665,145.49560432848327,125,2.55863539445629,relaxed
c,1759731423.5283213,0.1119592189788818,0.1754500865936279,29.09912086569665,145.49560432848327,125,2.55863539445629,relaxed
Key.backspace,1759731424.0799258,0.1207895278930664,0.5604348182678223,29.09912086569665,145.49560432848327,125,2.55863539445629,relaxed
v,1759731424.2484038,0.1200883388519287,0.1677768230438232,29.09912086569665,145.49560432848327,125,2.55863539445629,relaxed
i,1759731424.4160085,0.1605894565582275,0.2081058025360107,29.09912086569665,145.49560432848327,125,2.55863539445629,relaxed
t,1759731424.78433,0.1438736915588379,0.3516058921813965,29.09912086569665,145.49560432848327,125,2.55863539445629,relaxed
e,1759731425.0407102,0.1282465457916259,0.2407529354095459,29.09912086569665,145.49560432848327,125,2.55863539445629,relaxed
s,1759731425.352607,0.1522727012634277,0.3359229564666748,29.09912086569665,145.49560432848327,125,2.55863539445629,relaxed
Key.space,1759731425.5683496,0.1602294445037841,0.2236993312835693,29.09912086569665,145.49560432848327,125,2.55863539445629,relaxed
r,1759731425.7932684,0.2068290710449218,0.2715184688568115,29.09912086569665,145.49560432848327,125,2.55863539445629,relaxed
e,1759731425.976833,0.1756010055541992,0.1523365974426269,29.09912086569665,145.49560432848327,125,2.55863539445629,relaxed
f,1759731426.6087346,0.0956232547760009,0.5519237518310547,29.09912086569665,145.49560432848327,125,2.55863539445629,relaxed
l,1759731426.8243914,0.1202859878540039,0.2403194904327392,29.09912086569665,145.49560432848327,125,2.55863539445629,relaxed
e,1759731426.9283423,0.1445107460021972,0.1281757354736328,29.09912086569665,145.49560432848327,125,2.55863539445629,relaxed
c,1759731427.104355,0.1438648700714111,0.1753668785095214,29.09912086569665,145.49560432848327,125,2.55863539445629,relaxed
t,1759731427.3758311,0.1292259693145752,0.2568371295928955,29.09912086569665,145.49560432848327,125,2.55863539445629,relaxed
i,1759731427.5610049,0.0875060558319091,0.14345383644104,29.09912086569665,145.49560432848327,125,2.55863539445629,relaxed
o,1759731427.784725,0.0954699516296386,0.2316839694976806,29.09912086569665,145.49560432848327,125,2.55863539445629,relaxed
n,1759731428.136543,0.1125636100769043,0.3689117431640625,29.09912086569665,145.49560432848327,125,2.55863539445629,relaxed
Key.space,1759731428.440427,0.1274409294128418,0.3187613487243652,29.09912086569665,145.49560432848327,125,2.55863539445629,relaxed
o,1759731428.9519444,0.1283490657806396,0.512425422668457,29.09912086569665,145.49560432848327,125,2.55863539445629,relaxed
Key.backspace,1759731430.368306,0.1202788352966308,1.4082913398742676,29.09912086569665,145.49560432848327,125,2.55863539445629,relaxed
Key.alt_l,1759731432.4669497,0.1260600090026855,2.1044249534606934,29.09912086569665,145.49560432848327,125,2.55863539445629,relaxed
Key.tab,1759731432.49656,0.1835200786590576,0.0870702266693115,29.09912086569665,145.49560432848327,125,2.55863539445629,relaxed
Key.esc,1759731439.4246526,0.1433353424072265,6.887907981872559,29.09912086569665,145.49560432848327,125,2.55863539445629,relaxed
Key.enter,1759732224.3682337,0.0716052055358886,0.2875604629516601,33.26451157984629,166.32255789923147,98,4.794520547945205,relaxed
Key.shift,1759732225.0732942,0.4947514533996582,1.128206729888916,33.26451157984629,166.32255789923147,98,4.794520547945205,relaxed
l,1759732226.0000334,0.1290168762207031,0.5449378490447998,33.26451157984629,166.32255789923147,98,4.794520547945205,relaxed
o,1759732226.4483426,0.087836742401123,0.4071290493011474,33.26451157984629,166.32255789923147,98,4.794520547945205,relaxed
o,1759732226.6244469,0.1201927661895752,0.2084603309631347,33.26451157984629,166.32255789923147,98,4.794520547945205,relaxed
d,1759732226.8888602,0.1199502944946289,0.2641708850860595,33.26451157984629,166.32255789923147,98,4.794520547945205,relaxed
b,1759732227.488802,0.1117949485778808,0.5917863845825195,33.26451157984629,166.32255789923147,98,4.794520547945205,relaxed
o,1759732228.3287048,0.1596906185150146,0.887798547744751,33.26451157984629,166.32255789923147,98,4.794520547945205,relaxed
r,1759732228.4808905,0.1123020648956298,0.1047968864440918,33.26451157984629,166.32255789923147,98,4.794520547945205,relaxed
n,1759732228.896957,0.1515319347381591,0.455296516418457,33.26451157984629,166.32255789923147,98,4.794520547945205,relaxed
e,1759732229.1522171,0.1278433799743652,0.2315716743469238,33.26451157984629,166.32255789923147,98,4.794520547945205,relaxed
Key.space,1759732229.464453,0.192018985748291,0.3764114379882812,33.26451157984629,166.32255789923147,98,4.794520547945205,relaxed
t,1759732229.9527588,0.1356415748596191,0.4319283962249756,33.26451157984629,166.32255789923147,98,4.794520547945205,relaxed
e,1759732230.2407646,0.0796124935150146,0.2319767475128173,33.26451157984629,166.32255789923147,98,4.794520547945205,relaxed
l,1759732230.5050318,0.0711574554443359,0.2558121681213379,33.26451157984629,166.32255789923147,98,4.794520547945205,relaxed
l,1759732230.6728206,0.0958032608032226,0.192434549331665,33.26451157984629,166.32255789923147,98,4.794520547945205,relaxed
s,1759732230.9285204,0.1361143589019775,0.2960109710693359,33.26451157984629,166.32255789923147,98,4.794520547945205,relaxed
Key.space,1759732231.1362605,0.1685545444488525,0.2401802539825439,33.26451157984629,166.32255789923147,98,4.794520547945205,relaxed
t,1759732231.4254727,0.0946078300476074,0.2152655124664306,33.26451157984629,166.32255789923147,98,4.794520547945205,relaxed
h,1759732231.560385,0.1203162670135498,0.1606206893920898,33.26451157984629,166.32255789923147,98,4.794520547945205,relaxed
e,1759732231.7128494,0.1363086700439453,0.1684567928314209,33.26451157984629,166.32255789923147,98,4.794520547945205,relaxed
Key.space,1759732231.8642411,0.136310338973999,0.1513934135437011,33.26451157984629,166.32255789923147,98,4.794520547945205,relaxed
h,1759732232.6729994,0.1275763511657714,0.8000242710113525,33.26451157984629,166.32255789923147,98,4.794520547945205,relaxed
a,1759732232.840796,0.1517469882965088,0.1919672489166259,33.26451157984629,166.32255789923147,98,4.794520547945205,relaxed
u,1759732233.041798,0.0785059928894043,0.1277611255645752,33.26451157984629,166.32255789923147,98,4.794520547945205,relaxed
n,1759732233.2561946,0.1363179683685302,0.2722084522247314,33.26451157984629,166.32255789923147,98,4.794520547945205,relaxed
t,1759732233.4165168,0.1201248168945312,0.1441290378570556,33.26451157984629,166.32255789923147,98,4.794520547945205,relaxed
i,1759732233.5765564,0.1599972248077392,0.1999120712280273,33.26451157984629,166.32255789923147,98,4.794520547945205,relaxed
n,1759732233.7681303,0.1684279441833496,0.2000048160552978,33.26451157984629,166.32255789923147,98,4.794520547945205,relaxed
g,1759732233.91261,0.1119561195373535,0.0880076885223388,33.26451157984629,166.32255789923147,98,4.794520547945205,relaxed
Key.space,1759732234.2484145,0.1357355117797851,0.3595838546752929,33.26451157984629,166.32255789923147,98,4.794520547945205,relaxed
s,1759732234.5051086,0.1508774757385254,0.2718360424041748,33.26451157984629,166.32255789923147,98,4.794520547945205,relaxed
t,1759732234.7847862,0.1283133029937744,0.2571134567260742,33.26451157984629,166.32255789923147,98,4.794520547945205,relaxed
o,1759732235.0245106,0.1443488597869873,0.2557599544525146,33.26451157984629,166.32255789923147,98,4.794520547945205,relaxed
r,1759732235.1765308,0.1200244426727294,0.1276957988739013,33.26451157984629,166.32255789923147,98,4.794520547945205,relaxed
y,1759732235.5042603,0.0723211765289306,0.2800264358520508,33.26451157984629,166.32255789923147,98,4.794520547945205,relaxed
Key.space,1759732235.89619,0.1364209651947021,0.4560291767120361,33.26451157984629,166.32255789923147,98,4.794520547945205,relaxed
o,1759732236.2731178,0.1275291442871093,0.3680360317230224,33.26451157984629,166.32255789923147,98,4.794520547945205,relaxed
f,1759732236.4331107,0.1185355186462402,0.1509993076324463,33.26451157984629,166.32255789923147,98,4.794520547945205,relaxed
Key.space,1759732236.641796,0.1425287723541259,0.2326784133911132,33.26451157984629,166.32255789923147,98,4.794520547945205,relaxed
a,1759732236.8413498,0.1348307132720947,0.1918559074401855,33.26451157984629,166.32255789923147,98,4.794520547945205,relaxed
Key.space,1759732237.0086353,0.1275525093078613,0.1600072383880615,33.26451157984629,166.32255789923147,98,4.794520547945205,relaxed
n,1759732237.2482665,0.1047353744506836,0.2168140411376953,33.26451157984629,166.32255789923147,98,4.794520547945205,relaxed
a,1759732238.145552,0.1029520034790039,0.8955020904541016,33.26451157984629,166.32255789923147,98,4.794520547945205,relaxed
m,1759732238.3052576,0.1275491714477539,0.184302806854248,33.26451157984629,166.32255789923147,98,4.794520547945205,relaxed
e,1759732238.648686,0.1678712368011474,0.3837504386901855,33.26451157984629,166.32255789923147,98,4.794520547945205,relaxed
l,1759732238.9605043,0.1200268268585205,0.2639739513397217,33.26451157984629,166.32255789923147,98,4.794520547945205,relaxed
e,1759732239.2004738,0.0713791847229003,0.191321849822998,33.26451157984629,166.32255789923147,98,4.794520547945205,relaxed
s,1759732240.0330424,0.071887731552124,0.8330771923065186,33.26451157984629,166.32255789923147,98,4.794520547945205,relaxed
s,1759732240.2008803,0.0720505714416503,0.1680006980895996,33.26451157984629,166.32255789923147,98,4.794520547945205,relaxed
Key.space,1759732240.529042,0.1268789768218994,0.3829901218414306,33.26451157984629,166.32255789923147,98,4.794520547945205,relaxed
Key.shift,1759732240.720801,0.1594965457916259,0.2243766784667968,33.26451157984629,166.32255789923147,98,4.794520547945205,relaxed
u,1759732241.1046927,0.1200063228607177,0.2639684677124023,33.26451157984629,166.32255789923147,98,4.794520547945205,relaxed
n,1759732241.2564335,0.14400315284729,0.1757378578186035,33.26451157984629,166.32255789923147,98,4.794520547945205,relaxed
t,1759732241.5128694,0.1318891048431396,0.244321584701538,33.26451157984629,166.32255789923147,98,4.794520547945205,relaxed
e,1759732241.728402,0.1678712368011474,0.2515149116516113,33.26451157984629,166.32255789923147,98,4.794520547945205,relaxed
r,1759732241.8805404,0.1196475028991699,0.1039144992828369,33.26451157984629,166.32255789923147,98,4.794520547945205,relaxed
Key.space,1759732242.0882084,0.1205120086669921,0.2085325717926025,33.26451157984629,166.32255789923147,98,4.794520547945205,relaxed
w,1759732242.5120454,0.1368613243103027,0.4401862621307373,33.26451157984629,166.32255789923147,98,4.794520547945205,relaxed
h,1759732242.7051032,0.0708792209625244,0.1270756721496582,33.26451157984629,166.32255789923147,98,4.794520547945205,relaxed
o,1759732242.9605453,0.0959587097167968,0.2805216312408447,33.26451157984629,166.32255789923147,98,4.794520547945205,relaxed
Key.space,1759732243.2408187,0.1518642902374267,0.3361790180206299,33.26451157984629,166.32255789923147,98,4.794520547945205,relaxed
a,1759732243.2723336,0.1599440574645996,0.0395946502685546,33.26451157984629,166.32255789923147,98,4.794520547945205,relaxed
r,1759732243.5205934,0.1035404205322265,0.1918561458587646,33.26451157984629,166.32255789923147,98,4.794520547945205,relaxed
r,1759732243.7045126,0.0795290470123291,0.1599078178405761,33.26451157984629,166.32255789923147,98,4.794520547945205,relaxed
i,1759732243.9683025,0.120272159576416,0.3045330047607422,33.26451157984629,166.32255789923147,98,4.794520547945205,relaxed
v,1759732244.1617014,0.1026093959808349,0.1757361888885498,33.26451157984629,166.32255789923147,98,4.794520547945205,relaxed
e,1759732244.3838992,0.1196601390838623,0.239248514175415,33.26451157984629,166.32255789923147,98,4.794520547945205,relaxed
s,1759732244.6485388,0.1126108169555664,0.2575902938842773,33.26451157984629,166.32255789923147,98,4.794520547945205,relaxed
Key.space,1759732244.8638043,0.1126127243041992,0.2152674198150634,33.26451157984629,166.32255789923147,98,4.794520547945205,relaxed
i,1759732245.3361874,0.1045024394989013,0.4642727375030517,33.26451157984629,166.32255789923147,98,4.794520547945205,relaxed
n,1759732245.5287976,0.0951344966888427,0.1832423210144043,33.26451157984629,166.32255789923147,98,4.794520547945205,relaxed
t,1759732245.6883478,0.1276195049285888,0.1920351982116699,33.26451157984629,166.32255789923147,98,4.794520547945205,relaxed
Key.space,1759732245.7287092,0.1275560855865478,0.0402979850769043,33.26451157984629,166.32255789923147,98,4.794520547945205,relaxed
h,1759732246.0161216,0.1039676666259765,0.2638239860534668,33.26451157984629,166.32255789923147,98,4.794520547945205,relaxed
e,1759732246.0481308,0.1279349327087402,0.055976390838623,33.26451157984629,166.32255789923147,98,4.794520547945205,relaxed
Key.space,1759732246.296658,0.1361231803894043,0.2567155361175537,33.26451157984629,166.32255789923147,98,4.794520547945205,relaxed
c,1759732246.51997,0.1599707603454589,0.2471594810485839,33.26451157984629,166.32255789923147,98,4.794520547945205,relaxed
i,1759732246.888835,0.1197037696838378,0.3285980224609375,33.26451157984629,166.32255789923147,98,4.794520547945205,relaxed
t,1759732247.0404894,0.1200788021087646,0.1520295143127441,33.26451157984629,166.32255789923147,98,4.794520547945205,relaxed
y,1759732247.608278,0.0802290439605712,0.5279388427734375,33.26451157984629,166.32255789923147,98,4.794520547945205,relaxed
Key.space,1759732247.912522,0.112276554107666,0.3362915515899658,33.26451157984629,166.32255789923147,98,4.794520547945205,relaxed
o,1759732248.4320931,0.088092565536499,0.4953870773315429,33.26451157984629,166.32255789923147,98,4.794520547945205,relaxed
f,1759732248.5925984,0.1198732852935791,0.1922860145568847,33.26451157984629,166.32255789923147,98,4.794520547945205,relaxed
Key.space,1759732248.735846,0.1527929306030273,0.1761672496795654,33.26451157984629,166.32255789923147,98,4.794520547945205,relaxed
Y,1759732250.128773,0.0552642345428466,1.295398235321045,33.26451157984629,166.32255789923147,98,4.794520547945205,relaxed
Key.shift,1759732250.1277704,0.0964190959930419,0.0401523113250732,33.26451157984629,166.32255789923147,98,4.794520547945205,relaxed
h,1759732250.5291538,0.0550189018249511,0.3599832057952881,33.26451157984629,166.32255789923147,98,4.794520547945205,relaxed
a,1759732250.8007348,0.136033296585083,0.3525953292846679,33.26451157984629,166.32255789923147,98,4.794520547945205,relaxed
r,1759732251.0482624,0.1366088390350341,0.2481031417846679,33.26451157984629,166.32255789923147,98,4.794520547945205,relaxed
n,1759732252.7370498,0.0800700187683105,1.6322486400604248,33.26451157984629,166.32255789923147,98,4.794520547945205,relaxed
a,1759732252.8960097,0.1043972969055175,0.1832871437072754,33.26451157984629,166.32255789923147,98,4.794520547945205,relaxed
m,1759732253.0569985,0.1438736915588379,0.2004652023315429,33.26451157984629,166.32255789923147,98,4.794520547945205,relaxed
Key.space,1759732253.7048595,0.1514523029327392,0.6554396152496338,33.26451157984629,166.32255789923147,98,4.794520547945205,relaxed
l,1759732254.2963204,0.0805878639221191,0.5205965042114258,33.26451157984629,166.32255789923147,98,4.794520547945205,relaxed
u,1759732254.6002192,0.1043183803558349,0.3276293277740478,33.26451157984629,166.32255789923147,98,4.794520547945205,relaxed
r,1759732254.8079948,0.1530041694641113,0.2564613819122314,33.26451157984629,166.32255789923147,98,4.794520547945205,relaxed
e,1759732254.9203887,0.1439998149871826,0.1033895015716552,33.26451157984629,166.32255789923147,98,4.794520547945205,relaxed
d,1759732255.1205373,0.1364507675170898,0.1925995349884033,33.26451157984629,166.32255789923147,98,4.794520547945205,relaxed
Key.space,1759732255.2958412,0.1520845890045166,0.1909377574920654,33.26451157984629,166.32255789923147,98,4.794520547945205,relaxed
b,1759732255.68854,0.1129806041717529,0.3535947799682617,33.26451157984629,166.32255789923147,98,4.794520547945205,relaxed
y,1759732256.2810042,0.0634331703186035,0.5429167747497559,33.26451157984629,166.32255789923147,98,4.794520547945205,relaxed
Key.space,1759732256.4884489,0.1440649032592773,0.2880764007568359,33.26451157984629,166.32255789923147,98,4.794520547945205,relaxed
t,1759732256.6242418,0.1047408580780029,0.0964689254760742,33.26451157984629,166.32255789923147,98,4.794520547945205,relaxed
h,1759732256.7844005,0.1042315959930419,0.15964937210083,33.26451157984629,166.32255789923147,98,4.794520547945205,relaxed
e,1759732256.9922965,0.1435816287994384,0.2472460269927978,33.26451157984629,166.32255789923147,98,4.794520547945205,relaxed
Key.space,1759732257.2323496,0.1195659637451171,0.2160375118255615,33.26451157984629,166.32255789923147,98,4.794520547945205,relaxed
p,1759732257.8803945,0.1205039024353027,0.6489827632904053,33.26451157984629,166.32255789923147,98,4.794520547945205,relaxed
r,1759732258.0243804,0.0883419513702392,0.1118240356445312,33.26451157984629,166.32255789923147,98,4.794520547945205,relaxed
o,1759732258.201079,0.0951135158538818,0.1834700107574463,33.26451157984629,166.32255789923147,98,4.794520547945205,relaxed
m,1759732258.424364,0.0802812576293945,0.2084527015686035,33.26451157984629,166.32255789923147,98,4.794520547945205,relaxed
i,1759732258.6643891,0.11977219581604,0.2795162200927734,33.26451157984629,166.32255789923147,98,4.794520547945205,relaxed
s,1759732258.8403518,0.1439898014068603,0.2001802921295166,33.26451157984629,166.32255789923147,98,4.794520547945205,relaxed
e,1759732259.0481334,0.1056351661682128,0.1694269180297851,33.26451157984629,166.32255789923147,98,4.794520547945205,relaxed
Key.space,1759732259.1370587,0.1353847980499267,0.1186749935150146,33.26451157984629,166.32255789923147,98,4.794520547945205,relaxed
o,1759732259.5043356,0.1355519294738769,0.3674440383911133,33.26451157984629,166.32255789923147,98,4.794520547945205,relaxed
f,1759732259.663941,0.1207005977630615,0.1447536945343017,33.26451157984629,166.32255789923147,98,4.794520547945205,relaxed
Key.space,1759732259.897069,0.1279084682464599,0.2403361797332763,33.26451157984629,166.32255789923147,98,4.794520547945205,relaxed
a,1759732260.0568178,0.1678929328918457,0.1997332572937011,33.26451157984629,166.32255789923147,98,4.794520547945205,relaxed
Key.space,1759732260.2401862,0.1519999504089355,0.1674754619598388,33.26451157984629,166.32255789923147,98,4.794520547945205,relaxed
m,1759732260.800977,0.1353440284729004,0.5441348552703857,33.26451157984629,166.32255789923147,98,4.794520547945205,relaxed
i,1759732261.1044312,0.1433944702148437,0.311504602432251,33.26451157984629,166.32255789923147,98,4.794520547945205,relaxed
r,1759732261.2646618,0.1376698017120361,0.154505968093872,33.26451157984629,166.32255789923147,98,4.794520547945205,relaxed
a,1759732262.3607392,0.1049549579620361,1.0633625984191897,33.26451157984629,166.32255789923147,98,4.794520547945205,relaxed
c,1759732262.576399,0.128223180770874,0.2389280796051025,33.26451157984629,166.32255789923147,98,4.794520547945205,relaxed
u,1759732263.552736,0.079953908920288,0.928067684173584,33.26451157984629,166.32255789923147,98,4.794520547945205,relaxed
l,1759732263.8486807,0.1356873512268066,0.3516781330108642,33.26451157984629,166.32255789923147,98,4.794520547945205,relaxed
o,1759732266.5212429,0.1512494087219238,2.688124179840088,33.26451157984629,166.32255789923147,98,4.794520547945205,relaxed
u,1759732267.5042703,0.0965116024017334,0.9282896518707277,33.26451157984629,166.32255789923147,98,4.794520547945205,relaxed
s,1759732268.15266,0.1047132015228271,0.6565914154052734,33.26451157984629,166.32255789923147,98,4.794520547945205,relaxed
Key.space,1759732268.3280168,0.1280100345611572,0.1986534595489502,33.26451157984629,166.32255789923147,98,4.794520547945205,relaxed
b,1759732268.576681,0.0886845588684082,0.2093386650085449,33.26451157984629,166.32255789923147,98,4.794520547945205,relaxed
l,1759732268.8960557,0.1209669113159179,0.3516571521759033,33.26451157984629,166.32255789923147,98,4.794520547945205,relaxed
o,1759732269.160777,0.0790252685546875,0.2227799892425537,33.26451157984629,166.32255789923147,98,4.794520547945205,relaxed
o,1759732269.3847494,0.1193392276763916,0.2642860412597656,33.26451157984629,166.32255789923147,98,4.794520547945205,relaxed
d,1759732269.6082656,0.0960662364959716,0.2002432346343994,33.26451157984629,166.32255789923147,98,4.794520547945205,relaxed
Key.space,1759732269.8321695,0.1126158237457275,0.2404534816741943,33.26451157984629,166.32255789923147,98,4.794520547945205,relaxed
r,1759732269.9598572,0.1686813831329345,0.1837532520294189,33.26451157984629,166.32255789923147,98,4.794520547945205,relaxed
e,1759732270.1210256,0.1035497188568115,0.096036672592163,33.26451157984629,166.32255789923147,98,4.794520547945205,relaxed
m,1759732270.8163204,0.0959978103637695,0.6877429485321045,33.26451157984629,166.32255789923147,98,4.794520547945205,relaxed
e,1759732270.97648,0.1208691596984863,0.1850309371948242,33.26451157984629,166.32255789923147,98,4.794520547945205,relaxed
d,1759732271.2080538,0.1526603698730468,0.2633650302886963,33.26451157984629,166.32255789923147,98,4.794520547945205,relaxed
y,1759732271.5126166,0.1193578243255615,0.2712602615356445,33.26451157984629,166.32255789923147,98,4.794520547945205,relaxed
Key.space,1759732272.2963097,0.1114275455474853,0.7757625579833984,33.26451157984629,166.32255789923147,98,4.794520547945205,relaxed
a,1759732272.560869,0.167490005493164,0.3206219673156738,33.26451157984629,166.32255789923147,98,4.794520547945205,relaxed
c,1759732272.929222,0.1269416809082031,0.3278045654296875,33.26451157984629,166.32255789923147,98,4.794520547945205,relaxed
Key.backspace,1759732273.2962887,0.0721518993377685,0.31227707862854,33.26451157984629,166.32255789923147,98,4.794520547945205,relaxed
Key.backspace,1759732273.487698,0.1125693321228027,0.2318267822265625,33.26451157984629,166.32255789923147,98,4.794520547945205,relaxed
c,1759732273.5765493,0.1756012439727783,0.1518831253051757,33.26451157984629,166.32255789923147,98,4.794520547945205,relaxed
p,1759732274.520691,0.0967798233032226,0.8653202056884766,33.26451157984629,166.32255789923147,98,4.794520547945205,relaxed
a,1759732274.6803343,0.1207544803619384,0.1836180686950683,33.26451157984629,166.32255789923147,98,4.794520547945205,relaxed
b,1759732275.0888388,0.0555751323699951,0.343325138092041,33.26451157984629,166.32255789923147,98,4.794520547945205,relaxed
l,1759732275.343915,0.1126186847686767,0.312119722366333,33.26451157984629,166.32255789923147,98,4.794520547945205,relaxed
e,1759732275.4254303,0.1350922584533691,0.1039891242980957,33.26451157984629,166.32255789923147,98,4.794520547945205,relaxed
Key.space,1759732276.0477693,0.1766669750213623,0.6639134883880615,33.26451157984629,166.32255789923147,98,4.794520547945205,relaxed
o,1759732276.601002,0.1112558841705322,0.4878215789794922,33.26451157984629,166.32255789923147,98,4.794520547945205,relaxed
f,1759732276.7841966,0.1042850017547607,0.1762237548828125,33.26451157984629,166.32255789923147,98,4.794520547945205,relaxed
Key.space,1759732276.961448,0.1429352760314941,0.2159016132354736,33.26451157984629,166.32255789923147,98,4.794520547945205,relaxed
c,1759732277.0881824,0.1277828216552734,0.1115820407867431,33.26451157984629,166.32255789923147,98,4.794520547945205,relaxed
u,1759732277.3366134,0.1116502285003662,0.2322983741760254,33.26451157984629,166.32255789923147,98,4.794520547945205,relaxed
r,1759732277.4729707,0.127887487411499,0.1525945663452148,33.26451157984629,166.32255789923147,98,4.794520547945205,relaxed
i,1759732277.6965191,0.192422866821289,0.2880837917327881,33.26451157984629,166.32255789923147,98,4.794520547945205,relaxed
n,1759732277.9046016,0.1280393600463867,0.1436989307403564,33.26451157984629,166.32255789923147,98,4.794520547945205,relaxed
g,1759732277.9926224,0.1280519962310791,0.0880334377288818,33.26451157984629,166.32255789923147,98,4.794520547945205,relaxed
Key.space,1759732278.1998167,0.1763224601745605,0.2554647922515869,33.26451157984629,166.32255789923147,98,4.794520547945205,relaxed
a,1759732278.640098,0.1593539714813232,0.4233129024505615,33.26451157984629,166.32255789923147,98,4.794520547945205,relaxed
n,1759732278.7684453,0.1523120403289795,0.121305227279663,33.26451157984629,166.32255789923147,98,4.794520547945205,relaxed
y,1759732279.593135,0.0469076633453369,0.7192854881286621,33.26451157984629,166.32255789923147,98,4.794520547945205,relaxed
Key.space,1759732279.9769535,0.111527681350708,0.4484386444091797,33.26451157984629,166.32255789923147,98,4.794520547945205,relaxed
a,1759732280.336108,0.1444332599639892,0.3920598030090332,33.26451157984629,166.32255789923147,98,4.794520547945205,relaxed
l,1759732280.4401948,0.1128902435302734,0.0725438594818115,33.26451157984629,166.32255789923147,98,4.794520547945205,relaxed
i,1759732280.6640692,0.0884811878204345,0.199465274810791,33.26451157984629,166.32255789923147,98,4.794520547945205,relaxed
m,1759732280.8324137,0.1277687549591064,0.2076320648193359,33.26451157984629,166.32255789923147,98,4.794520547945205,relaxed
e,1759732280.9442585,0.1279220581054687,0.1119980812072753,33.26451157984629,166.32255789923147,98,4.794520547945205,relaxed
n,1759732281.1205392,0.1437523365020752,0.1921110153198242,33.26451157984629,166.32255789923147,98,4.794520547945205,relaxed
t,1759732281.3047457,0.1285476684570312,0.169001817703247,33.26451157984629,166.32255789923147,98,4.794520547945205,relaxed
.,1759732282.7282965,0.1121044158935546,1.4071073532104492,33.26451157984629,166.32255789923147,98,4.794520547945205,relaxed
Key.shift,1759732283.1203258,0.2242994308471679,0.5042245388031006,33.26451157984629,166.32255789923147,98,4.794520547945205,relaxed
h,1759732283.5447772,0.120241641998291,0.2963259220123291,33.26451157984629,166.32255789923147,98,4.794520547945205,relaxed
e,1759732283.6887248,0.0714375972747802,0.0951435565948486,33.26451157984629,166.32255789923147,98,4.794520547945205,relaxed
Key.space,1759732284.0882432,0.1524837017059326,0.4805645942687988,33.26451157984629,166.32255789923147,98,4.794520547945205,relaxed
c,1759732284.3443315,0.1283283233642578,0.2319328784942627,33.26451157984629,166.32255789923147,98,4.794520547945205,relaxed
i,1759732284.5607202,0.1436131000518798,0.2316734790802002,33.26451157984629,166.32255789923147,98,4.794520547945205,relaxed
t,1759732284.86386,0.0889856815338134,0.2485125064849853,33.26451157984629,166.32255789923147,98,4.794520547945205,relaxed
y,1759732285.216611,0.1435315608978271,0.4072964191436767,33.26451157984629,166.32255789923147,98,4.794520547945205,relaxed
Key.space,1759732285.5840032,0.1442484855651855,0.3681094646453857,33.26451157984629,166.32255789923147,98,4.794520547945205,relaxed
o,1759732286.1049926,0.151289701461792,0.5280306339263916,33.26451157984629,166.32255789923147,98,4.794520547945205,relaxed
n,1759732286.39276,0.1201884746551513,0.2566661834716797,33.26451157984629,166.32255789923147,98,4.794520547945205,relaxed
c,1759732286.5684967,0.1359965801239013,0.191544771194458,33.26451157984629,166.32255789923147,98,4.794520547945205,relaxed
e,1759732286.7843535,0.136627197265625,0.2164876461029052,33.26451157984629,166.32255789923147,98,4.794520547945205,relaxed
Key.space,1759732286.9846847,0.1434824466705322,0.207186222076416,33.26451157984629,166.32255789923147,98,4.794520547945205,relaxed
t,1759732287.6244314,0.136498212814331,0.6327624320983887,33.26451157984629,166.32255789923147,98,4.794520547945205,relaxed
h,1759732287.8085587,0.127833604812622,0.1754627227783203,33.26451157984629,166.32255789923147,98,4.794520547945205,relaxed
r,1759732287.9447098,0.1119048595428466,0.1202223300933837,33.26451157984629,166.32255789923147,98,4.794520547945205,relaxed
i,1759732288.184414,0.1358199119567871,0.2636191844940185,33.26451157984629,166.32255789923147,98,4.794520547945205,relaxed
v,1759732288.3766274,0.0961446762084961,0.1525382995605468,33.26451157984629,166.32255789923147,98,4.794520547945205,relaxed
i,1759732288.568311,0.1522631645202636,0.2478020191192627,33.26451157984629,166.32255789923147,98,4.794520547945205,relaxed
n,1759732288.7766886,0.1122112274169921,0.168325662612915,33.26451157984629,166.32255789923147,98,4.794520547945205,relaxed
g,1759732288.9041226,0.0640583038330078,0.0792810916900634,33.26451157984629,166.32255789923147,98,4.794520547945205,relaxed
Key.space,1759732289.128191,0.0955862998962402,0.255596399307251,33.26451157984629,166.32255789923147,98,4.794520547945205,relaxed
d,1759732289.799704,0.1684753894805908,0.7444021701812744,33.26451157984629,166.32255789923147,98,4.794520547945205,relaxed
u,1759732290.0574403,0.1036028861999511,0.1928637027740478,33.26451157984629,166.32255789923147,98,4.794520547945205,relaxed
r,1759732290.2247844,0.079383373260498,0.1431245803833007,33.26451157984629,166.32255789923147,98,4.794520547945205,relaxed
Key.backspace,1759732290.7123346,0.1199176311492919,0.5280845165252686,33.26451157984629,166.32255789923147,98,4.794520547945205,relaxed
e,1759732290.816867,0.1273307800292968,0.111945629119873,33.26451157984629,166.32255789923147,98,4.794520547945205,relaxed
Key.space,1759732291.111678,0.1363279819488525,0.3038079738616943,33.26451157984629,166.32255789923147,98,4.794520547945205,relaxed
t,1759732291.856645,0.1034061908721923,0.712045431137085,33.26451157984629,166.32255789923147,98,4.794520547945205,relaxed
o,1759732292.0242107,0.136054515838623,0.2002139091491699,33.26451157984629,166.32255789923147,98,4.794520547945205,relaxed
Key.space,1759732292.8646789,0.1359438896179199,0.8403575420379639,33.26451157984629,166.32255789923147,98,4.794520547945205,relaxed
f,1759732293.352899,0.1594367027282714,0.5117130279541016,33.26451157984629,166.32255789923147,98,4.794520547945205,relaxed
o,1759732293.5697007,0.1267728805541992,0.1841378211975097,33.26451157984629,166.32255789923147,98,4.794520547945205,relaxed
r,1759732293.7439928,0.1048963069915771,0.1524155139923095,33.26451157984629,166.32255789923147,98,4.794520547945205,relaxed
b,1759732294.1044662,0.0961136817932128,0.3516907691955566,33.26451157984629,166.32255789923147,98,4.794520547945205,relaxed
i,1759732294.35219,0.1197524070739746,0.2713625431060791,33.26451157984629,166.32255789923147,98,4.794520547945205,relaxed
d,1759732294.480054,0.1440956592559814,0.1522071361541748,33.26451157984629,166.32255789923147,98,4.794520547945205,relaxed
e,1759732294.6728156,0.1431515216827392,0.1918175220489502,33.26451157984629,166.32255789923147,98,4.794520547945205,relaxed
Key.backspace,1759732296.3358347,0.1207733154296875,1.6406409740447998,33.26451157984629,166.32255789923147,98,4.794520547945205,relaxed
d,1759732296.5765886,0.1279120445251464,0.2478926181793213,33.26451157984629,166.32255789923147,98,4.794520547945205,relaxed
e,1759732296.6644905,0.1276729106903076,0.0876626968383789,33.26451157984629,166.32255789923147,98,4.794520547945205,relaxed
n,1759732296.8885512,0.1035053730010986,0.1998932361602783,33.26451157984629,166.32255789923147,98,4.794520547945205,relaxed
Key.space,1759732297.2803757,0.1760544776916504,0.4643735885620117,33.26451157984629,166.32255789923147,98,4.794520547945205,relaxed
p,1759732298.2084377,0.1361820697784423,0.8881895542144775,33.26451157984629,166.32255789923147,98,4.794520547945205,relaxed
r,1759732298.3767433,0.1198842525482177,0.1520078182220459,33.26451157984629,166.32255789923147,98,4.794520547945205,relaxed
a,1759732298.5685694,0.1282181739807129,0.2001600265502929,33.26451157984629,166.32255789923147,98,4.794520547945205,relaxed
c,1759732298.784977,0.1435282230377197,0.2317175865173339,33.26451157984629,166.32255789923147,98,4.794520547945205,relaxed
t,1759732299.0404696,0.0956895351409912,0.2076539993286132,33.26451157984629,166.32255789923147,98,4.794520547945205,relaxed
i,1759732299.1923585,0.1362338066101074,0.1924328804016113,33.26451157984629,166.32255789923147,98,4.794520547945205,relaxed
c,1759732299.3448868,0.183112621307373,0.1994073390960693,33.26451157984629,166.32255789923147,98,4.794520547945205,relaxed
e,1759732299.608601,0.1354668140411377,0.2160687446594238,33.26451157984629,166.32255789923147,98,4.794520547945205,relaxed
Key.space,1759732300.1600792,0.1604347229003906,0.5764458179473877,33.26451157984629,166.32255789923147,98,4.794520547945205,relaxed
o,1759732300.6167076,0.1279351711273193,0.424128770828247,33.26451157984629,166.32255789923147,98,4.794520547945205,relaxed
f,1759732300.7925458,0.0958411693572998,0.1437442302703857,33.26451157984629,166.32255789923147,98,4.794520547945205,relaxed
Key.space,1759732300.9601636,0.1522300243377685,0.2240066528320312,33.26451157984629,166.32255789923147,98,4.794520547945205,relaxed
b,1759732301.2086818,0.0806171894073486,0.1769053936004638,33.26451157984629,166.32255789923147,98,4.794520547945205,relaxed
l,1759732301.432287,0.0881175994873046,0.2311055660247802,33.26451157984629,166.32255789923147,98,4.794520547945205,relaxed
o,1759732301.6894894,0.0715327262878418,0.2406175136566162,33.26451157984629,166.32255789923147,98,4.794520547945205,relaxed
o,1759732301.8799694,0.0732767581939697,0.1922240257263183,33.26451157984629,166.32255789923147,98,4.794520547945205,relaxed
d,1759732302.0569782,0.143824815750122,0.2475569248199463,33.26451157984629,166.32255789923147,98,4.794520547945205,relaxed
Key.space,1759732302.312236,0.136176586151123,0.2476096153259277,33.26451157984629,166.32255789923147,98,4.794520547945205,relaxed
m,1759732302.8728452,0.0877182483673095,0.512150764465332,33.26451157984629,166.32255789923147,98,4.794520547945205,relaxed
i,1759732303.104174,0.1119997501373291,0.2556104660034179,33.26451157984629,166.32255789923147,98,4.794520547945205,relaxed
n,1759732303.337129,0.1113953590393066,0.2323505878448486,33.26451157984629,166.32255789923147,98,4.794520547945205,relaxed
i,1759732305.049014,0.1511063575744629,1.7515957355499268,33.26451157984629,166.32255789923147,98,4.794520547945205,relaxed
s,1759732305.1439168,0.1439149379730224,0.0877115726470947,33.26451157984629,166.32255789923147,98,4.794520547945205,relaxed
t,1759732305.3759692,0.1686744689941406,0.2568118572235107,33.26451157984629,166.32255789923147,98,4.794520547945205,relaxed
r,1759732305.6002183,0.1198999881744384,0.1754748821258545,33.26451157984629,166.32255789923147,98,4.794520547945205,relaxed
a,1759732305.8648405,0.1358892917633056,0.2806110382080078,33.26451157984629,166.32255789923147,98,4.794520547945205,relaxed
t,1759732306.1681874,0.1044027805328369,0.2718605995178222,33.26451157984629,166.32255789923147,98,4.794520547945205,relaxed
i,1759732306.344406,0.1043188571929931,0.1761348247528076,33.26451157984629,166.32255789923147,98,4.794520547945205,relaxed
o,1759732306.5607314,0.1035356521606445,0.2155420780181884,33.26451157984629,166.32255789923147,98,4.794520547945205,relaxed
n,1759732306.993254,0.1440889835357666,0.4730758666992187,33.26451157984629,166.32255789923147,98,4.794520547945205,relaxed
",",1759732308.1763515,0.0717289447784423,1.1107375621795654,33.26451157984629,166.32255789923147,98,4.794520547945205,relaxed
Key.space,1759732308.3841844,0.0720689296722412,0.2081727981567382,33.26451157984629,166.32255789923147,98,4.794520547945205,relaxed
i,1759732308.6083364,0.0885007381439209,0.2405838966369629,33.26451157984629,166.32255789923147,98,4.794520547945205,relaxed
s,1759732308.712606,0.159355878829956,0.1751246452331543,33.26451157984629,166.32255789923147,98,4.794520547945205,relaxed
Key.space,1759732308.879907,0.1044042110443115,0.1123492717742919,33.26451157984629,166.32255789923147,98,4.794520547945205,relaxed
n,1759732309.128398,0.1199326515197753,0.2640194892883301,33.26451157984629,166.32255789923147,98,4.794520547945205,relaxed
o,1759732309.463958,0.1607444286346435,0.3763718605041504,33.26451157984629,166.32255789923147,98,4.794520547945205,relaxed
w,1759732309.648324,0.1361095905303955,0.1597311496734619,33.26451157984629,166.32255789923147,98,4.794520547945205,relaxed
Key.space,1759732309.8642712,0.1441991329193115,0.224036693572998,33.26451157984629,166.32255789923147,98,4.794520547945205,relaxed
g,1759732310.4079463,0.1212410926818847,0.5207171440124512,33.26451157984629,166.32255789923147,98,4.794520547945205,relaxed
r,1759732310.5529227,0.1273641586303711,0.1510994434356689,33.26451157984629,166.32255789923147,98,4.794520547945205,relaxed
i,1759732310.8484893,0.1842708587646484,0.3524732589721679,33.26451157984629,166.32255789923147,98,4.794520547945205,relaxed
p,1759732312.616361,0.0728003978729248,1.6564009189605713,33.26451157984629,166.32255789923147,98,4.794520547945205,relaxed
p,1759732312.8079505,0.0722806453704834,0.1910700798034668,33.26451157984629,166.32255789923147,98,4.794520547945205,relaxed
e,1759732312.944461,0.1355340480804443,0.1997640132904052,33.26451157984629,166.32255789923147,98,4.794520547945205,relaxed
d,1759732313.1121712,0.1280889511108398,0.1602649688720703,33.26451157984629,166.32255789923147,98,4.794520547945205,relaxed
Key.space,1759732313.735716,0.1685097217559814,0.6639654636383057,33.26451157984629,166.32255789923147,98,4.794520547945205,relaxed
b,1759732314.2012875,0.0952639579772949,0.3923261165618896,33.26451157984629,166.32255789923147,98,4.794520547945205,relaxed
y,1759732315.0011897,0.1108756065368652,0.8155133724212646,33.26451157984629,166.32255789923147,98,4.794520547945205,relaxed
Key.space,1759732315.2402208,0.1361865997314453,0.2643423080444336,33.26451157984629,166.32255789923147,98,4.794520547945205,relaxed
a,1759732315.4008012,0.1515374183654785,0.1759312152862548,33.26451157984629,166.32255789923147,98,4.794520547945205,relaxed
Key.space,1759732315.599925,0.1446084976196289,0.1921949386596679,33.26451157984629,166.32255789923147,98,4.794520547945205,relaxed
h,1759732316.2325428,0.0794305801391601,0.5674397945404053,33.26451157984629,166.32255789923147,98,4.794520547945205,relaxed
o,1759732316.5535502,0.1104662418365478,0.3520431518554687,33.26451157984629,166.32255789923147,98,4.794520547945205,relaxed
r,1759732316.7609894,0.096238374710083,0.1932113170623779,33.26451157984629,166.32255789923147,98,4.794520547945205,relaxed
i,1759732317.9842155,0.120800495147705,1.247788429260254,33.26451157984629,166.32255789923147,98,4.794520547945205,relaxed
f,1759732318.208597,0.1032774448394775,0.2068581581115722,33.26451157984629,166.32255789923147,98,4.794520547945205,relaxed
i,1759732318.5519702,0.0966057777404785,0.3367016315460205,33.26451157984629,166.32255789923147,98,4.794520547945205,relaxed
c,1759732319.176936,0.1036291122436523,0.6319890022277832,33.26451157984629,166.32255789923147,98,4.794520547945205,relaxed
Key.space,1759732320.255961,0.1603004932403564,1.1356964111328125,33.26451157984629,166.32255789923147,98,4.794520547945205,relaxed
p,1759732320.8400807,0.1124687194824218,0.5362880229949951,33.26451157984629,166.32255789923147,98,4.794520547945205,relaxed
l,1759732321.0478394,0.0965299606323242,0.1918199062347412,33.26451157984629,166.32255789923147,98,4.794520547945205,relaxed
a,1759732321.2163754,0.1201894283294677,0.1921954154968261,33.26451157984629,166.32255789923147,98,4.794520547945205,relaxed
g,1759732321.5362885,0.1363968849182129,0.33612060546875,33.26451157984629,166.32255789923147,98,4.794520547945205,relaxed
u,1759732321.8484938,0.1439123153686523,0.3197207450866699,33.26451157984629,166.32255789923147,98,4.794520547945205,relaxed
e,1759732321.9999435,0.1289925575256347,0.1365299224853515,33.26451157984629,166.32255789923147,98,4.794520547945205,relaxed
Key.space,1759732322.2724,0.168252944946289,0.3117167949676513,33.26451157984629,166.32255789923147,98,4.794520547945205,relaxed
t,1759732323.111516,0.1212220191955566,0.7920851707458496,33.26451157984629,166.32255789923147,98,4.794520547945205,relaxed
h,1759732323.2968793,0.1275343894958496,0.1916756629943847,33.26451157984629,166.32255789923147,98,4.794520547945205,relaxed
a,1759732323.4000168,0.1620221138000488,0.1376252174377441,33.26451157984629,166.32255789923147,98,4.794520547945205,relaxed
t,1759732323.6569088,0.1031429767608642,0.1980128288269043,33.26451157984629,166.32255789923147,98,4.794520547945205,relaxed
Key.space,1759732323.8000162,0.1442270278930664,0.1841914653778076,33.26451157984629,166.32255789923147,98,4.794520547945205,relaxed
r,1759732324.4005165,0.1515069007873535,0.6077802181243896,33.26451157984629,166.32255789923147,98,4.794520547945205,relaxed
e,1759732324.512885,0.1673212051391601,0.1281828880310058,33.26451157984629,166.32255789923147,98,4.794520547945205,relaxed
Key.backspace,1759732325.352275,0.1198177337646484,0.7918863296508789,33.26451157984629,166.32255789923147,98,4.794520547945205,relaxed
Key.backspace,1759732325.576522,0.1116652488708496,0.2160944938659668,33.26451157984629,166.32255789923147,98,4.794520547945205,relaxed
t,1759732326.448208,0.1596922874450683,0.919713020324707,33.26451157984629,166.32255789923147,98,4.794520547945205,relaxed
r,1759732326.625203,0.1592376232147216,0.1765401363372802,33.26451157984629,166.32255789923147,98,4.794520547945205,relaxed
a,1759732326.9204187,0.1687574386596679,0.3047358989715576,33.26451157984629,166.32255789923147,98,4.794520547945205,relaxed
n,1759732327.888811,0.1194880008697509,0.9191229343414308,33.26451157984629,166.32255789923147,98,4.794520547945205,relaxed
s,1759732328.0399003,0.113008975982666,0.1446101665496826,33.26451157984629,166.32255789923147,98,4.794520547945205,relaxed
f,1759732328.256575,0.1515555381774902,0.2552216053009033,33.26451157984629,166.32255789923147,98,4.794520547945205,relaxed
o,1759732328.4641123,0.1117894649505615,0.1677708625793457,33.26451157984629,166.32255789923147,98,4.794520547945205,relaxed
r,1759732328.5847552,0.112091064453125,0.1209444999694824,33.26451157984629,166.32255789923147,98,4.794520547945205,relaxed
m,1759732328.7679756,0.1283831596374511,0.1995124816894531,33.26451157984629,166.32255789923147,98,4.794520547945205,relaxed
s,1759732328.9687936,0.1675026416778564,0.2399375438690185,33.26451157984629,166.32255789923147,98,4.794520547945205,relaxed
Key.space,1759732332.2558763,0.1763441562652588,3.295924186706543,33.26451157984629,166.32255789923147,98,4.794520547945205,relaxed
i,1759732332.5287218,0.1604394912719726,0.2569408416748047,33.26451157984629,166.32255789923147,98,4.794520547945205,relaxed
t,1759732332.695926,0.0882761478424072,0.0950407981872558,33.26451157984629,166.32255789923147,98,4.794520547945205,relaxed
s,1759732332.9929688,0.1197140216827392,0.3284807205200195,33.26451157984629,166.32255789923147,98,4.794520547945205,relaxed
Key.space,1759732333.4567878,0.1353480815887451,0.4794530868530273,33.26451157984629,166.32255789923147,98,4.794520547945205,relaxed
c,1759732334.008604,0.1437432765960693,0.5602114200592041,33.26451157984629,166.32255789923147,98,4.794520547945205,relaxed
i,1759732334.2483225,0.1206064224243164,0.2165815830230713,33.26451157984629,166.32255789923147,98,4.794520547945205,relaxed
t,1759732334.400354,0.1123840808868408,0.1438093185424804,33.26451157984629,166.32255789923147,98,4.794520547945205,relaxed
i,1759732334.592704,0.1358671188354492,0.2158329486846923,33.26451157984629,166.32255789923147,98,4.794520547945205,relaxed
z,1759732335.376011,0.1764674186706543,0.8239071369171143,33.26451157984629,166.32255789923147,98,4.794520547945205,relaxed
e,1759732335.608495,0.1527626514434814,0.2087793350219726,33.26451157984629,166.32255789923147,98,4.794520547945205,relaxed
n,1759732335.8484168,0.1522486209869384,0.2394077777862548,33.26451157984629,166.32255789923147,98,4.794520547945205,relaxed
s,1759732336.0086122,0.1515376567840576,0.1594843864440918,33.26451157984629,166.32255789923147,98,4.794520547945205,relaxed
Key.space,1759732336.4961798,0.1603801250457763,0.4964101314544678,33.26451157984629,166.32255789923147,98,4.794520547945205,relaxed
i,1759732337.0319304,0.1442277431488037,0.5195982456207275,33.26451157984629,166.32255789923147,98,4.794520547945205,relaxed
n,1759732337.2162998,0.1281492710113525,0.1682908535003662,33.26451157984629,166.32255789923147,98,4.794520547945205,relaxed
t,1759732337.320685,0.0880556106567382,0.0642914772033691,33.26451157984629,166.32255789923147,98,4.794520547945205,relaxed
o,1759732337.5518055,0.1605737209320068,0.3036389350891113,33.26451157984629,166.32255789923147,98,4.794520547945205,relaxed
Key.space,1759732337.9286182,0.1357214450836181,0.3519601821899414,33.26451157984629,166.32255789923147,98,4.794520547945205,relaxed
s,1759732338.0882666,0.2242705821990966,0.2481975555419922,33.26451157984629,166.32255789923147,98,4.794520547945205,relaxed
a,1759732338.5846016,0.1355981826782226,0.4076626300811767,33.26451157984629,166.32255789923147,98,4.794520547945205,relaxed
l,1759732338.8006384,0.1438617706298828,0.2243003845214843,33.26451157984629,166.32255789923147,98,4.794520547945205,relaxed
Key.backspace,1759732340.3679993,0.1037487983703613,1.5272479057312012,33.26451157984629,166.32255789923147,98,4.794520547945205,relaxed
v,1759732341.1365206,0.1200067996978759,0.7847793102264404,33.26451157984629,166.32255789923147,98,4.794520547945205,relaxed
a,1759732341.384521,0.1282761096954345,0.2562696933746338,33.26451157984629,166.32255789923147,98,4.794520547945205,relaxed
g,1759732341.584785,0.1360962390899658,0.2080841064453125,33.26451157984629,166.32255789923147,98,4.794520547945205,relaxed
e,1759732341.7606995,0.1034531593322753,0.1432714462280273,33.26451157984629,166.32255789923147,98,4.794520547945205,relaxed
Key.space,1759732341.9358823,0.1596989631652832,0.2314286231994629,33.26451157984629,166.32255789923147,98,4.794520547945205,relaxed
b,1759732344.0170808,0.14396333694458,2.065462827682495,33.26451157984629,166.32255789923147,98,4.794520547945205,relaxed
e,1759732344.2971702,0.1434123516082763,0.2795383930206299,33.26451157984629,166.32255789923147,98,4.794520547945205,relaxed
a,1759732344.4486947,0.2238781452178955,0.2319903373718261,33.26451157984629,166.32255789923147,98,4.794520547945205,relaxed
s,1759732344.7045865,0.1522560119628906,0.1842694282531738,33.26451157984629,166.32255789923147,98,4.794520547945205,relaxed
t,1759732345.080541,0.1279549598693847,0.3516533374786377,33.26451157984629,166.32255789923147,98,4.794520547945205,relaxed
s,1759732345.592558,0.1114294528961181,0.4954917430877685,33.26451157984629,166.32255789923147,98,4.794520547945205,relaxed
.,1759732346.0401149,0.0884885787963867,0.4246160984039306,33.26451157984629,166.32255789923147,98,4.794520547945205,relaxed
Key.shift,1759732346.2247624,0.2555122375488281,0.3516712188720703,33.26451157984629,166.32255789923147,98,4.794520547945205,relaxed
s,1759732346.5371528,0.1190404891967773,0.1759185791015625,33.26451157984629,166.32255789923147,98,4.794520547945205,relaxed
Key.space,1759732346.9686978,0.1674673557281494,0.4799718856811523,33.26451157984629,166.32255789923147,98,4.794520547945205,relaxed
t,1759732347.2005746,0.1043295860290527,0.1687390804290771,33.26451157984629,166.32255789923147,98,4.794520547945205,relaxed
h,1759732347.4317858,0.0964436531066894,0.2233252525329589,33.26451157984629,166.32255789923147,98,4.794520547945205,relaxed
e,1759732347.5766811,0.1037495136260986,0.1522011756896972,33.26451157984629,166.32255789923147,98,4.794520547945205,relaxed
Key.space,1759732347.7523737,0.1600644588470459,0.2320072650909423,33.26451157984629,166.32255789923147,98,4.794520547945205,relaxed
Key.shift,1759732348.0718627,0.1688199043273925,0.328244686126709,33.26451157984629,166.32255789923147,98,4.794520547945205,relaxed
h,1759732347.4317858,0.8562166690826416,0.0473198890686035,33.26451157984629,166.32255789923147,98,4.794520547945205,relaxed
u,1759732348.4252443,0.1193366050720214,0.2565784454345703,33.26451157984629,166.32255789923147,98,4.794520547945205,relaxed
n,1759732348.5527358,0.1681756973266601,0.17633056640625,33.26451157984629,166.32255789923147,98,4.794520547945205,relaxed
e,1759732348.7049575,0.1516380310058593,0.1356842517852783,33.26451157984629,166.32255789923147,98,4.794520547945205,relaxed
t,1759732348.9759295,0.1201858520507812,0.2395195960998535,33.26451157984629,166.32255789923147,98,4.794520547945205,relaxed
e,1759732349.2005146,0.1594946384429931,0.2638938426971435,33.26451157984629,166.32255789923147,98,4.794520547945205,relaxed
Key.backspace,1759732350.751871,0.096677541732788,1.488539695739746,33.26451157984629,166.32255789923147,98,4.794520547945205,relaxed
Key.backspace,1759732350.9521103,0.1279914379119873,0.2315530776977539,33.26451157984629,166.32255789923147,98,4.794520547945205,relaxed
Key.backspace,1759732351.1523,0.1118555068969726,0.1840534210205078,33.26451157984629,166.32255789923147,98,4.794520547945205,relaxed
t,1759732351.5370674,0.1192483901977539,0.392160415649414,33.26451157984629,166.32255789923147,98,4.794520547945205,relaxed
e,1759732351.7211156,0.1591811180114746,0.2239809036254882,33.26451157984629,166.32255789923147,98,4.794520547945205,relaxed
r,1759732351.848167,0.089240550994873,0.0571107864379882,33.26451157984629,166.32255789923147,98,4.794520547945205,relaxed
Key.space,1759732351.9039214,0.1200563907623291,0.0865702629089355,33.26451157984629,166.32255789923147,98,4.794520547945205,relaxed
p,1759732352.2800145,0.1123771667480468,0.3684139251708984,33.26451157984629,166.32255789923147,98,4.794520547945205,relaxed
r,1759732352.4404178,0.1116018295288086,0.1596279144287109,33.26451157984629,166.32255789923147,98,4.794520547945205,relaxed
o,1759732352.623959,0.1281566619873047,0.2000961303710937,33.26451157984629,166.32255789923147,98,4.794520547945205,relaxed
t,1759732352.8089223,0.1206259727478027,0.1774325370788574,33.26451157984629,166.32255789923147,98,4.794520547945205,relaxed
a,1759732353.0644443,0.1284151077270507,0.2633111476898193,33.26451157984629,166.32255789923147,98,4.794520547945205,relaxed
g,1759732353.29623,0.1204116344451904,0.2237823009490966,33.26451157984629,166.32255789923147,98,4.794520547945205,relaxed
g,1759732353.5521772,0.0726511478424072,0.2081866264343261,33.26451157984629,166.32255789923147,98,4.794520547945205,relaxed
o,1759732353.9445682,0.1031029224395752,0.4228427410125732,33.26451157984629,166.32255789923147,98,4.794520547945205,relaxed
n,1759732354.3926404,0.1280124187469482,0.4729816913604736,33.26451157984629,166.32255789923147,98,4.794520547945205,relaxed
u,1759732354.80026,0.1685934066772461,0.4482007026672363,33.26451157984629,166.32255789923147,98,4.794520547945205,relaxed
s,1759732355.096864,0.1031491756439209,0.2311596870422363,33.26451157984629,166.32255789923147,98,4.794520547945205,relaxed
Key.backspace,1759732355.560084,0.1360864639282226,0.496157169342041,33.26451157984629,166.32255789923147,98,4.794520547945205,relaxed
Key.backspace,1759732355.8079054,0.0960700511932373,0.2078051567077636,33.26451157984629,166.32255789923147,98,4.794520547945205,relaxed
Key.backspace,1759732356.0163813,0.1196849346160888,0.2320907115936279,33.26451157984629,166.32255789923147,98,4.794520547945205,relaxed
Key.backspace,1759732356.344497,0.1278231143951416,0.3362538814544678,33.26451157984629,166.32255789923147,98,4.794520547945205,relaxed
Key.backspace,1759732356.7050042,0.1196105480194091,0.3522946834564209,33.26451157984629,166.32255789923147,98,4.794520547945205,relaxed
o,1759732357.0403962,0.1035609245300293,0.3193423748016357,33.26451157984629,166.32255789923147,98,4.794520547945205,relaxed
n,1759732357.2804823,0.1044902801513671,0.2410154342651367,33.26451157984629,166.32255789923147,98,4.794520547945205,relaxed
i,1759732357.6729257,0.1119368076324462,0.3998899459838867,33.26451157984629,166.32255789923147,98,4.794520547945205,relaxed
s,1759732357.7361908,0.1764061450958252,0.1277344226837158,33.26451157984629,166.32255789923147,98,4.794520547945205,relaxed
t,1759732357.9689157,0.0964026451110839,0.1527214050292968,33.26451157984629,166.32255789923147,98,4.794520547945205,relaxed
Key.space,1759732358.0725307,0.1270310878753662,0.1342434883117675,33.26451157984629,166.32255789923147,98,4.794520547945205,relaxed
b,1759732358.3121426,0.1359128952026367,0.2484936714172363,33.26451157984629,166.32255789923147,98,4.794520547945205,relaxed
e,1759732358.6323977,0.1120028495788574,0.2963449954986572,33.26451157984629,166.32255789923147,98,4.794520547945205,relaxed
o,1759732358.832559,0.1445474624633789,0.232706069946289,33.26451157984629,166.32255789923147,98,4.794520547945205,relaxed
m,1759732359.0967212,0.1123640537261962,0.2319786548614502,33.26451157984629,166.32255789923147,98,4.794520547945205,relaxed
e,1759732359.3044086,0.1286361217498779,0.2239594459533691,33.26451157984629,166.32255789923147,98,4.794520547945205,relaxed
s,1759732360.36819,0.1761417388916015,1.1112871170043943,33.26451157984629,166.32255789923147,98,4.794520547945205,relaxed
Key.space,1759732360.6484964,0.152109146118164,0.2562737464904785,33.26451157984629,166.32255789923147,98,4.794520547945205,relaxed
b,1759732360.9289048,0.0951504707336425,0.22344970703125,33.26451157984629,166.32255789923147,98,4.794520547945205,relaxed
o,1759732361.208431,0.0962769985198974,0.2806527614593506,33.26451157984629,166.32255789923147,98,4.794520547945205,relaxed
u,1759732361.5052357,0.1115036010742187,0.3120312690734863,33.26451157984629,166.32255789923147,98,4.794520547945205,relaxed
n,1759732362.008624,0.095635175704956,0.4875199794769287,33.26451157984629,166.32255789923147,98,4.794520547945205,relaxed
d,1759732362.1529207,0.1515920162200927,0.2002534866333007,33.26451157984629,166.32255789923147,98,4.794520547945205,relaxed
Key.space,1759732362.3117287,0.1124041080474853,0.1196200847625732,33.26451157984629,166.32255789923147,98,4.794520547945205,relaxed
t,1759732362.63245,0.0795323848724365,0.2878496646881103,33.26451157984629,166.32255789923147,98,4.794520547945205,relaxed
o,1759732362.7444713,0.1044561862945556,0.1369450092315673,33.26451157984629,166.32255789923147,98,4.794520547945205,relaxed
Key.space,1759732362.976127,0.1200308799743652,0.2472302913665771,33.26451157984629,166.32255789923147,98,4.794520547945205,relaxed
t,1759732363.0168407,0.1199674606323242,0.0406503677368164,33.26451157984629,166.32255789923147,98,4.794520547945205,relaxed
h,1759732363.240142,0.1046514511108398,0.2079854011535644,33.26451157984629,166.32255789923147,98,4.794520547945205,relaxed
e,1759732363.3519578,0.1281654834747314,0.1353297233581543,33.26451157984629,166.32255789923147,98,4.794520547945205,relaxed
Key.space,1759732363.5278585,0.1447737216949463,0.1925086975097656,33.26451157984629,166.32255789923147,98,4.794520547945205,relaxed
Key.shift,1759732363.8477163,0.2557466030120849,0.4308309555053711,33.26451157984629,166.32255789923147,98,4.794520547945205,relaxed
h,1759732363.240142,0.8969964981079102,0.0336756706237793,33.26451157984629,166.32255789923147,98,4.794520547945205,relaxed
u,1759732364.7286208,0.1512219905853271,0.7427041530609131,33.26451157984629,166.32255789923147,98,4.794520547945205,relaxed
n,1759732364.9127383,0.1274917125701904,0.1603872776031494,33.26451157984629,166.32255789923147,98,4.794520547945205,relaxed
t,1759732365.0806785,0.120154857635498,0.1606032848358154,33.26451157984629,166.32255789923147,98,4.794520547945205,relaxed
e,1759732365.2562652,0.160172700881958,0.215604543685913,33.26451157984629,166.32255789923147,98,4.794520547945205,relaxed
r,1759732365.3845134,0.1127607822418212,0.0808362960815429,33.26451157984629,166.32255789923147,98,4.794520547945205,relaxed
;,1759732365.8003333,0.0957059860229492,0.3987650871276855,33.26451157984629,166.32255789923147,98,4.794520547945205,relaxed
s,1759732366.0000668,0.1689522266387939,0.272979736328125,33.26451157984629,166.32255789923147,98,4.794520547945205,relaxed
Key.space,1759732366.3121605,0.1198961734771728,0.2630374431610107,33.26451157984629,166.32255789923147,98,4.794520547945205,relaxed
Key.shift,1759732366.904528,0.2873156070709228,0.7597873210906982,33.26451157984629,166.32255789923147,98,4.794520547945205,relaxed
Key.backspace,1759732367.3444438,0.1197423934936523,0.2723424434661865,33.26451157984629,166.32255789923147,98,4.794520547945205,relaxed
Key.backspace,1759732367.5526495,0.0711636543273925,0.1596269607543945,33.26451157984629,166.32255789923147,98,4.794520547945205,relaxed
Key.backspace,1759732367.712398,0.0952897071838378,0.1838746070861816,33.26451157984629,166.32255789923147,98,4.794520547945205,relaxed
',1759732368.616326,0.0718591213226318,0.8804972171783447,33.26451157984629,166.32255789923147,98,4.794520547945205,relaxed
s,1759732368.736249,0.1290259361267089,0.1770899295806884,33.26451157984629,166.32255789923147,98,4.794520547945205,relaxed
Key.space,1759732369.0081367,0.0887696743011474,0.2316315174102783,33.26451157984629,166.32255789923147,98,4.794520547945205,relaxed
F,1759732369.5527856,0.1355330944061279,0.5914123058319092,33.26451157984629,166.32255789923147,98,4.794520547945205,relaxed
Key.shift,1759732369.1363797,0.5676836967468262,0.0157446861267089,33.26451157984629,166.32255789923147,98,4.794520547945205,relaxed
r,1759732369.9366806,0.1036081314086914,0.3362252712249756,33.26451157984629,166.32255789923147,98,4.794520547945205,relaxed
e,1759732370.2164316,0.1125683784484863,0.2887113094329834,33.26451157984629,166.32255789923147,98,4.794520547945205,relaxed
Key.backspace,1759732370.9361668,0.10435152053833,0.7115182876586914,33.26451157984629,166.32255789923147,98,4.794520547945205,relaxed
Key.backspace,1759732371.1366105,0.1119365692138671,0.2080285549163818,33.26451157984629,166.32255789923147,98,4.794520547945205,relaxed
Key.backspace,1759732371.3204088,0.1119482517242431,0.1838102340698242,33.26451157984629,166.32255789923147,98,4.794520547945205,relaxed
d,1759732371.4644115,0.151580810546875,0.1836352348327636,33.26451157984629,166.32255789923147,98,4.794520547945205,relaxed
r,1759732372.1125236,0.1618053913116455,0.6583366394042969,33.26451157984629,166.32255789923147,98,4.794520547945205,relaxed
e,1759732372.2561889,0.1521754264831543,0.1340353488922119,33.26451157984629,166.32255789923147,98,4.794520547945205,relaxed
a,1759732372.5364263,0.1038668155670166,0.2319288253784179,33.26451157984629,166.32255789923147,98,4.794520547945205,relaxed
m,1759732372.624352,0.0882420539855957,0.072300910949707,33.26451157984629,166.32255789923147,98,4.794520547945205,relaxed
Key.alt_l,1759732375.351726,0.4639725685119629,3.103104591369629,33.26451157984629,166.32255789923147,98,4.794520547945205,relaxed
Key.tab,1759732375.6326487,0.2017014026641845,0.0186514854431152,33.26451157984629,166.32255789923147,98,4.794520547945205,relaxed
Key.esc,1759732382.0160177,0.1366634368896484,6.318331003189087,33.26451157984629,166.32255789923147,98,4.794520547945205,relaxed
Key.tab,1759732402.4164317,0.1594722270965576,0.0793554782867431,28.650547387839435,143.25273693919715,87,3.125,relaxed
-,1759732406.272449,0.1116902828216552,3.8082354068756095,28.650547387839435,143.25273693919715,87,3.125,relaxed
Key.space,1759732406.5442722,0.1437580585479736,0.3038909435272217,28.650547387839435,143.25273693919715,87,3.125,relaxed
a,1759732407.0241678,0.1285147666931152,0.4646522998809814,28.650547387839435,143.25273693919715,87,3.125,relaxed
Key.space,1759732407.2325227,0.1439411640167236,0.2237813472747802,28.650547387839435,143.25273693919715,87,3.125,relaxed
s,1759732407.7608733,0.1437463760375976,0.5281558036804199,28.650547387839435,143.25273693919715,87,3.125,relaxed
p,1759732408.05631,0.1279456615447998,0.2796359062194824,28.650547387839435,143.25273693919715,87,3.125,relaxed
e,1759732408.1927192,0.119504690170288,0.1279683113098144,28.650547387839435,143.25273693919715,87,3.125,relaxed
c,1759732408.6322262,0.1603524684906005,0.4803547859191894,28.650547387839435,143.25273693919715,87,3.125,relaxed
t,1759732409.0000443,0.1041157245635986,0.3115813732147217,28.650547387839435,143.25273693919715,87,3.125,relaxed
r,1759732409.2323525,0.0963842868804931,0.2245764732360839,28.650547387839435,143.25273693919715,87,3.125,relaxed
l,1759732409.672226,0.1355564594268798,0.4790458679199219,28.650547387839435,143.25273693919715,87,3.125,relaxed
Key.backspace,1759732411.0404072,0.1273162364959716,1.359941005706787,28.650547387839435,143.25273693919715,87,3.125,relaxed
a,1759732411.2084732,0.1274294853210449,0.1681792736053466,28.650547387839435,143.25273693919715,87,3.125,relaxed
l,1759732411.6401472,0.0886609554290771,0.3929054737091064,28.650547387839435,143.25273693919715,87,3.125,relaxed
Key.space,1759732414.3517747,0.1444571018218994,2.767423629760742,28.650547387839435,143.25273693919715,87,3.125,relaxed
r,1759732414.5362556,0.1041579246520996,0.1441817283630371,28.650547387839435,143.25273693919715,87,3.125,relaxed
e,1759732414.648574,0.1439020633697509,0.1520624160766601,28.650547387839435,143.25273693919715,87,3.125,relaxed
l,1759732415.0088573,0.1198015213012695,0.3361828327178955,28.650547387839435,143.25273693919715,87,3.125,relaxed
a,1759732415.1362066,0.1200690269470214,0.1276168823242187,28.650547387839435,143.25273693919715,87,3.125,relaxed
m,1759732415.3206744,0.1117148399353027,0.1761136054992675,28.650547387839435,143.25273693919715,87,3.125,relaxed
Key.space,1759732415.631989,0.1281116008758545,0.3277113437652588,28.650547387839435,143.25273693919715,87,3.125,relaxed
o,1759732416.2481978,0.1522819995880127,0.6403791904449463,28.650547387839435,143.25273693919715,87,3.125,relaxed
v,1759732416.4568148,0.111670970916748,0.1680059432983398,28.650547387839435,143.25273693919715,87,3.125,relaxed
e,1759732416.6565497,0.158954381942749,0.2470183372497558,28.650547387839435,143.25273693919715,87,3.125,relaxed
r,1759732416.847896,0.1208748817443847,0.1532666683197021,28.650547387839435,143.25273693919715,87,3.125,relaxed
s,1759732417.087976,0.1358547210693359,0.2550599575042724,28.650547387839435,143.25273693919715,87,3.125,relaxed
e,1759732417.336259,0.1048505306243896,0.2172787189483642,28.650547387839435,143.25273693919715,87,3.125,relaxed
e,1759732417.5123131,0.0552425384521484,0.12644624710083,28.650547387839435,143.25273693919715,87,3.125,relaxed
n,1759732417.7286682,0.1202561855316162,0.2813687324523926,28.650547387839435,143.25273693919715,87,3.125,relaxed
Key.space,1759732418.008414,0.1121690273284912,0.2716586589813232,28.650547387839435,143.25273693919715,87,3.125,relaxed
b,1759732418.3678844,0.1446027755737304,0.3919041156768799,28.650547387839435,143.25273693919715,87,3.125,relaxed
y,1759732418.8163428,0.0956258773803711,0.3994815349578857,28.650547387839435,143.25273693919715,87,3.125,relaxed
Key.space,1759732419.464017,0.1604678630828857,0.7125158309936523,28.650547387839435,143.25273693919715,87,3.125,relaxed
t,1759732419.633039,0.103381872177124,0.111936330795288,28.650547387839435,143.25273693919715,87,3.125,relaxed
h,1759732419.928998,0.1834352016448974,0.3760123252868652,28.650547387839435,143.25273693919715,87,3.125,relaxed
e,1759732420.08813,0.120255708694458,0.0959525108337402,28.650547387839435,143.25273693919715,87,3.125,relaxed
Key.space,1759732420.336507,0.1360557079315185,0.2641770839691162,28.650547387839435,143.25273693919715,87,3.125,relaxed
e,1759732423.0401986,0.168917179107666,2.7365529537200928,28.650547387839435,143.25273693919715,87,3.125,relaxed
n,1759732423.424384,0.2326247692108154,0.4478931427001953,28.650547387839435,143.25273693919715,87,3.125,relaxed
i,1759732423.85582,0.1445183753967285,0.3433294296264648,28.650547387839435,143.25273693919715,87,3.125,relaxed
g,1759732424.032759,0.0956664085388183,0.128087043762207,28.650547387839435,143.25273693919715,87,3.125,relaxed
m,1759732424.2240024,0.1280949115753173,0.2236719131469726,28.650547387839435,143.25273693919715,87,3.125,relaxed
a,1759732424.320559,0.1360061168670654,0.1044678688049316,28.650547387839435,143.25273693919715,87,3.125,relaxed
t,1759732424.584389,0.0803494453430175,0.2081732749938964,28.650547387839435,143.25273693919715,87,3.125,relaxed
i,1759732424.776787,0.1196546554565429,0.2317032814025879,28.650547387839435,143.25273693919715,87,3.125,relaxed
c,1759732424.9280472,0.1922042369842529,0.2238097190856933,28.650547387839435,143.25273693919715,87,3.125,relaxed
Key.space,1759732428.6970031,0.0716664791107177,3.6484181880950928,28.650547387839435,143.25273693919715,87,3.125,relaxed
Key.shift,1759732428.944337,0.1838157176971435,0.3594827651977539,28.650547387839435,143.25273693919715,87,3.125,relaxed
e,1759732429.2961943,0.0722103118896484,0.1600964069366455,28.650547387839435,143.25273693919715,87,3.125,relaxed
h,1759732429.5200377,0.1205577850341796,0.2721908092498779,28.650547387839435,143.25273693919715,87,3.125,relaxed
r,1759732429.7445784,0.1440038681030273,0.2479867935180664,28.650547387839435,143.25273693919715,87,3.125,relaxed
m,1759732430.9442325,0.0957717895507812,1.1514220237731934,28.650547387839435,143.25273693919715,87,3.125,relaxed
a,1759732431.0802855,0.1759040355682373,0.2161853313446045,28.650547387839435,143.25273693919715,87,3.125,relaxed
n,1759732431.2405243,0.0876109600067138,0.0719456672668457,28.650547387839435,143.25273693919715,87,3.125,relaxed
Key.space,1759732433.7600527,0.1202137470245361,2.552131175994873,28.650547387839435,143.25273693919715,87,3.125,relaxed
a,1759732433.9365003,0.1606955528259277,0.2169296741485595,28.650547387839435,143.25273693919715,87,3.125,relaxed
n,1759732434.2324638,0.1035022735595703,0.2387700080871582,28.650547387839435,143.25273693919715,87,3.125,relaxed
d,1759732434.3127885,0.1194479465484619,0.0962703227996826,28.650547387839435,143.25273693919715,87,3.125,relaxed
Key.space,1759732434.5365703,0.159801959991455,0.2641360759735107,28.650547387839435,143.25273693919715,87,3.125,relaxed
v,1759732434.9606273,0.1278207302093505,0.3920755386352539,28.650547387839435,143.25273693919715,87,3.125,relaxed
i,1759732435.1449494,0.1034076213836669,0.1599090099334716,28.650547387839435,143.25273693919715,87,3.125,relaxed
s,1759732435.2646449,0.1359064579010009,0.1521942615509033,28.650547387839435,143.25273693919715,87,3.125,relaxed
i,1759732435.4165256,0.1274390220642089,0.1434133052825927,28.650547387839435,143.25273693919715,87,3.125,relaxed
t,1759732435.6805284,0.1763467788696289,0.3129105567932129,28.650547387839435,143.25273693919715,87,3.125,relaxed
e,1759732435.9840193,0.176030158996582,0.3031742572784424,28.650547387839435,143.25273693919715,87,3.125,relaxed
d,1759732436.1526024,0.127126932144165,0.1196799278259277,28.650547387839435,143.25273693919715,87,3.125,relaxed
Key.space,1759732436.4245522,0.1276001930236816,0.2724230289459228,28.650547387839435,143.25273693919715,87,3.125,relaxed
o,1759732437.080656,0.1034028530120849,0.6319065093994141,28.650547387839435,143.25273693919715,87,3.125,relaxed
n,1759732437.3047438,0.0962872505187988,0.2169721126556396,28.650547387839435,143.25273693919715,87,3.125,relaxed
l,1759732437.560359,0.1602809429168701,0.3196089267730713,28.650547387839435,143.25273693919715,87,3.125,relaxed
y,1759732437.904498,0.0642075538635253,0.248065710067749,28.650547387839435,143.25273693919715,87,3.125,relaxed
Key.space,1759732438.288616,0.1597914695739746,0.4797017574310303,28.650547387839435,143.25273693919715,87,3.125,relaxed
b,1759732438.688202,0.1124801635742187,0.3522748947143554,28.650547387839435,143.25273693919715,87,3.125,relaxed
e,1759732438.8245564,0.1122710704803466,0.1361451148986816,28.650547387839435,143.25273693919715,87,3.125,relaxed
Key.space,1759732438.9677446,0.160158634185791,0.1910758018493652,28.650547387839435,143.25273693919715,87,3.125,relaxed
c,1759732439.2962902,0.1201980113983154,0.2885849475860595,28.650547387839435,143.25273693919715,87,3.125,relaxed
h,1759732439.464192,0.0884547233581543,0.1361584663391113,28.650547387839435,143.25273693919715,87,3.125,relaxed
o,1759732439.7683132,0.0878472328186035,0.303513765335083,28.650547387839435,143.25273693919715,87,3.125,relaxed
s,1759732439.9841876,0.1604392528533935,0.2884664535522461,28.650547387839435,143.25273693919715,87,3.125,relaxed
Key.backspace,1759732440.5367093,0.039748191833496,0.4318306446075439,28.650547387839435,143.25273693919715,87,3.125,relaxed
s,1759732441.4168065,0.1440794467926025,0.9844284057617188,28.650547387839435,143.25273693919715,87,3.125,relaxed
e,1759732441.640637,0.1038856506347656,0.1836366653442382,28.650547387839435,143.25273693919715,87,3.125,relaxed
n,1759732441.800722,0.1193659305572509,0.1755652427673339,28.650547387839435,143.25273693919715,87,3.125,relaxed
Key.space,1759732442.0964832,0.1196992397308349,0.2960946559906006,28.650547387839435,143.25273693919715,87,3.125,relaxed
H,1759732442.999909,0.0883896350860595,0.8721160888671875,28.650547387839435,143.25273693919715,87,3.125,relaxed
Key.shift,1759732442.775483,0.3283824920654297,0.0155665874481201,28.650547387839435,143.25273693919715,87,3.125,relaxed
u,1759732443.255786,0.1206316947937011,0.272552490234375,28.650547387839435,143.25273693919715,87,3.125,relaxed
n,1759732443.4321854,0.1207368373870849,0.1765046119689941,28.650547387839435,143.25273693919715,87,3.125,relaxed
t,1759732443.6167448,0.1513645648956298,0.2151870727539062,28.650547387839435,143.25273693919715,87,3.125,relaxed
e,1759732443.792146,0.168175458908081,0.1922121047973632,28.650547387839435,143.25273693919715,87,3.125,relaxed
r,1759732443.95232,0.1123309135437011,0.1043295860290527,28.650547387839435,143.25273693919715,87,3.125,relaxed
s,1759732444.2087898,0.1357984542846679,0.2799372673034668,28.650547387839435,143.25273693919715,87,3.125,relaxed
",",1759732445.4244,0.080137014389038,1.1599488258361816,28.650547387839435,143.25273693919715,87,3.125,relaxed
Key.backspace,1759732446.0723774,0.1277692317962646,0.6956095695495605,28.650547387839435,143.25273693919715,87,3.125,relaxed
.,1759732446.3917146,0.0564057826995849,0.2479736804962158,28.650547387839435,143.25273693919715,87,3.125,relaxed
G,1759732447.081156,0.1029736995697021,0.7360093593597412,28.650547387839435,143.25273693919715,87,3.125,relaxed
Key.shift,1759732446.6798966,0.5127851963043213,0.008552074432373,28.650547387839435,143.25273693919715,87,3.125,relaxed
i,1759732447.4725127,0.1119508743286132,0.3917818069458008,28.650547387839435,143.25273693919715,87,3.125,relaxed
o,1759732447.7201524,0.0883994102478027,0.2240881919860839,28.650547387839435,143.25273693919715,87,3.125,relaxed
d,1759732447.8723843,0.1679074764251709,0.2317402362823486,28.650547387839435,143.25273693919715,87,3.125,relaxed
e,1759732448.0322204,0.1437211036682129,0.1356494426727295,28.650547387839435,143.25273693919715,87,3.125,relaxed
d,1759732448.2160404,0.1205830574035644,0.1606819629669189,28.650547387839435,143.25273693919715,87,3.125,relaxed
Key.space,1759732448.6720264,0.1685945987701416,0.5039975643157959,28.650547387839435,143.25273693919715,87,3.125,relaxed
b,1759732449.0165951,0.103447675704956,0.2794218063354492,28.650547387839435,143.25273693919715,87,3.125,relaxed
y,1759732449.3922431,0.1439557075500488,0.4161560535430908,28.650547387839435,143.25273693919715,87,3.125,relaxed
Key.space,1759732449.695782,0.1037859916687011,0.263369083404541,28.650547387839435,143.25273693919715,87,3.125,relaxed
c,1759732449.792639,0.1519978046417236,0.145068883895874,28.650547387839435,143.25273693919715,87,3.125,relaxed
r,1759732450.0326648,0.1041774749755859,0.1922054290771484,28.650547387839435,143.25273693919715,87,3.125,relaxed
y,1759732450.4717877,0.0968103408813476,0.431755781173706,28.650547387839435,143.25273693919715,87,3.125,relaxed
p,1759732450.8247716,0.0884230136871337,0.3445966243743896,28.650547387839435,143.25273693919715,87,3.125,relaxed
t,1759732451.585209,0.1352548599243164,0.8072688579559326,28.650547387839435,143.25273693919715,87,3.125,relaxed
i,1759732451.792319,0.1438596248626709,0.2157151699066162,28.650547387839435,143.25273693919715,87,3.125,relaxed
c,1759732452.0487497,0.1520562171936035,0.2646272182464599,28.650547387839435,143.25273693919715,87,3.125,relaxed
Key.space,1759732452.304172,0.144275426864624,0.2476415634155273,28.650547387839435,143.25273693919715,87,3.125,relaxed
m,1759732453.8160996,0.0724134445190429,1.440065622329712,28.650547387839435,143.25273693919715,87,3.125,relaxed
e,1759732453.927776,0.1364619731903076,0.1757247447967529,28.650547387839435,143.25273693919715,87,3.125,relaxed
s,1759732454.224943,0.1190512180328369,0.2797563076019287,28.650547387839435,143.25273693919715,87,3.125,relaxed
s,1759732454.4080288,0.1437499523162841,0.2077846527099609,28.650547387839435,143.25273693919715,87,3.125,relaxed
a,1759732454.8006108,0.1277534961700439,0.3765854835510254,28.650547387839435,143.25273693919715,87,3.125,relaxed
g,1759732454.993549,0.119586706161499,0.1847717761993408,28.650547387839435,143.25273693919715,87,3.125,relaxed
e,1759732455.113136,0.0795660018920898,0.0795660018920898,28.650547387839435,143.25273693919715,87,3.125,relaxed
s,1759732455.3445709,0.112476110458374,0.2643449306488037,28.650547387839435,143.25273693919715,87,3.125,relaxed
Key.space,1759732456.5041823,0.1362545490264892,1.1833899021148682,28.650547387839435,143.25273693919715,87,3.125,relaxed
c,1759732456.6641328,0.1286451816558838,0.1523411273956298,28.650547387839435,143.25273693919715,87,3.125,relaxed
h,1759732456.848531,0.0557880401611328,0.1115410327911377,28.650547387839435,143.25273693919715,87,3.125,relaxed
i,1759732457.096538,0.1435184478759765,0.3357374668121338,28.650547387839435,143.25273693919715,87,3.125,relaxed
l,1759732457.4167795,0.079766035079956,0.2564890384674072,28.650547387839435,143.25273693919715,87,3.125,relaxed
l,1759732457.6077645,0.0406644344329834,0.1518833637237548,28.650547387839435,143.25273693919715,87,3.125,relaxed
i,1759732457.793378,0.1982970237731933,0.3432459831237793,28.650547387839435,143.25273693919715,87,3.125,relaxed
n,1759732457.9760149,0.136284589767456,0.1206245422363281,28.650547387839435,143.25273693919715,87,3.125,relaxed
g,1759732458.103756,0.1047501564025878,0.0962066650390625,28.650547387839435,143.25273693919715,87,3.125,relaxed
Key.space,1759732458.2401972,0.1364715099334716,0.1681625843048095,28.650547387839435,143.25273693919715,87,3.125,relaxed
d,1759732458.6081774,0.1120626926422119,0.3435714244842529,28.650547387839435,143.25273693919715,87,3.125,relaxed
r,1759732458.8085592,0.1197812557220459,0.2081003189086914,28.650547387839435,143.25273693919715,87,3.125,relaxed
e,1759732459.0646384,0.1202056407928466,0.2565035820007324,28.650547387839435,143.25273693919715,87,3.125,relaxed
a,1759732459.3681772,0.1523709297180175,0.3357040882110595,28.650547387839435,143.25273693919715,87,3.125,relaxed
m,1759732459.6724696,0.0715370178222656,0.2234585285186767,28.650547387839435,143.25273693919715,87,3.125,relaxed
s,1759732459.7360637,0.1121497154235839,0.1042065620422363,28.650547387839435,143.25273693919715,87,3.125,relaxed
Key.space,1759732461.5764334,0.1921310424804687,1.920351266860962,28.650547387839435,143.25273693919715,87,3.125,relaxed
a,1759732461.7361495,0.1523590087890625,0.1199440956115722,28.650547387839435,143.25273693919715,87,3.125,relaxed
d,1759732461.9199247,0.1521389484405517,0.1835551261901855,28.650547387839435,143.25273693919715,87,3.125,relaxed
n,1759732462.0008554,0.1355841159820556,0.0643758773803711,28.650547387839435,143.25273693919715,87,3.125,relaxed
Key.space,1759732462.2961433,0.1114838123321533,0.2711875438690185,28.650547387839435,143.25273693919715,87,3.125,relaxed
t,1759732462.84036,0.1198861598968505,0.5526189804077148,28.650547387839435,143.25273693919715,87,3.125,relaxed
h,1759732463.0323143,0.13606858253479,0.2081367969512939,28.650547387839435,143.25273693919715,87,3.125,relaxed
e,1759732463.159922,0.1283202171325683,0.1198592185974121,28.650547387839435,143.25273693919715,87,3.125,relaxed
Key.space,1759732463.367939,0.1123340129852294,0.1920309066772461,28.650547387839435,143.25273693919715,87,3.125,relaxed
e,1759732464.912942,0.3271608352661133,1.7598297595977783,28.650547387839435,143.25273693919715,87,3.125,relaxed
e,1759732465.8328965,0.1598663330078125,0.7526600360870361,28.650547387839435,143.25273693919715,87,3.125,relaxed
r,1759732466.1358423,0.1129596233367919,0.2560391426086426,28.650547387839435,143.25273693919715,87,3.125,relaxed
i,1759732466.808394,0.1197383403778076,0.6793303489685059,28.650547387839435,143.25273693919715,87,3.125,relaxed
e,1759732466.9201145,0.1203334331512451,0.1123154163360595,28.650547387839435,143.25273693919715,87,3.125,relaxed
Key.space,1759732467.1922803,0.0876641273498535,0.2394969463348388,28.650547387839435,143.25273693919715,87,3.125,relaxed
D,1759732467.800785,0.1278891563415527,0.6487295627593994,28.650547387839435,143.25273693919715,87,3.125,relaxed
Key.shift,1759732467.4483373,0.5043151378631592,0.0239782333374023,28.650547387839435,143.25273693919715,87,3.125,relaxed
o,1759732468.4325607,0.0556268692016601,0.5355350971221924,28.650547387839435,143.25273693919715,87,3.125,relaxed
l,1759732468.680776,0.0556409358978271,0.2482292652130127,28.650547387839435,143.25273693919715,87,3.125,relaxed
l,1759732468.8641386,0.0485081672668457,0.1762299537658691,28.650547387839435,143.25273693919715,87,3.125,relaxed
",",1759732469.2085707,0.055436372756958,0.3513603210449219,28.650547387839435,143.25273693919715,87,3.125,relaxed
Key.space,1759732469.4240203,0.0964977741241455,0.2565112113952636,28.650547387839435,143.25273693919715,87,3.125,relaxed
Key.shift,1759732469.615703,0.192746877670288,0.2879319190979004,28.650547387839435,143.25273693919715,87,3.125,relaxed
t,1759732470.3523962,0.1357719898223877,0.679718017578125,28.650547387839435,143.25273693919715,87,3.125,relaxed
h,1759732470.640483,0.1517395973205566,0.3040542602539062,28.650547387839435,143.25273693919715,87,3.125,relaxed
e,1759732470.823989,0.1365840435028076,0.1683504581451416,28.650547387839435,143.25273693919715,87,3.125,relaxed
Key.space,1759732470.9924512,0.1195344924926757,0.1514127254486084,28.650547387839435,143.25273693919715,87,3.125,relaxed
Key.shift,1759732471.2884169,0.3677337169647217,0.5441648960113525,28.650547387839435,143.25273693919715,87,3.125,relaxed
h,1759732470.640483,1.0396316051483154,0.0239639282226562,28.650547387839435,143.25273693919715,87,3.125,relaxed
u,1759732471.8484154,0.1203219890594482,0.2886228561401367,28.650547387839435,143.25273693919715,87,3.125,relaxed
n,1759732472.0003874,0.1442065238952636,0.1758565902709961,28.650547387839435,143.25273693919715,87,3.125,relaxed
t,1759732472.3685503,0.1600866317749023,0.3840429782867431,28.650547387839435,143.25273693919715,87,3.125,relaxed
e,1759732472.5919795,0.1522526741027832,0.2155954837799072,28.650547387839435,143.25273693919715,87,3.125,relaxed
r,1759732472.7452333,0.1106793880462646,0.111680269241333,28.650547387839435,143.25273693919715,87,3.125,relaxed
Key.space,1759732472.9598489,0.1284756660461425,0.2324118614196777,28.650547387839435,143.25273693919715,87,3.125,relaxed
b,1759732473.8800237,0.1042640209197998,0.8959629535675049,28.650547387839435,143.25273693919715,87,3.125,relaxed
a,1759732474.000622,0.1514139175415039,0.1677484512329101,28.650547387839435,143.25273693919715,87,3.125,relaxed
t,1759732474.3443012,0.1441683769226074,0.3364336490631103,28.650547387839435,143.25273693919715,87,3.125,relaxed
t,1759732475.184217,0.13608980178833,0.8318371772766113,28.650547387839435,143.25273693919715,87,3.125,relaxed
l,1759732477.3044367,0.08829927444458,2.072429180145264,28.650547387839435,143.25273693919715,87,3.125,relaxed
e,1759732477.4402435,0.1117677688598632,0.1592755317687988,28.650547387839435,143.25273693919715,87,3.125,relaxed
s,1759732477.696521,0.1836938858032226,0.3282034397125244,28.650547387839435,143.25273693919715,87,3.125,relaxed
Key.space,1759732477.9524715,0.1594676971435547,0.2317245006561279,28.650547387839435,143.25273693919715,87,3.125,relaxed
t,1759732478.4241416,0.1439416408538818,0.456143856048584,28.650547387839435,143.25273693919715,87,3.125,relaxed
r,1759732478.7446032,0.0877242088317871,0.2642440795898437,28.650547387839435,143.25273693919715,87,3.125,relaxed
Key.backspace,1759732480.3845248,0.0717718601226806,1.623969316482544,28.650547387839435,143.25273693919715,87,3.125,relaxed
h,1759732480.712844,0.1518280506134033,0.4083755016326904,28.650547387839435,143.25273693919715,87,3.125,relaxed
r,1759732480.9126215,0.1047940254211425,0.1527435779571533,28.650547387839435,143.25273693919715,87,3.125,relaxed
o,1759732481.0966644,0.1360597610473632,0.2153084278106689,28.650547387839435,143.25273693919715,87,3.125,relaxed
u,1759732481.3844635,0.1364412307739257,0.2881805896759033,28.650547387839435,143.25273693919715,87,3.125,relaxed
g,1759732481.5526369,0.1117453575134277,0.1434774398803711,28.650547387839435,143.25273693919715,87,3.125,relaxed
h,1759732481.7203856,0.0884847640991211,0.1444880962371826,28.650547387839435,143.25273693919715,87,3.125,relaxed
Key.space,1759732481.9602742,0.0961349010467529,0.2475388050079345,28.650547387839435,143.25273693919715,87,3.125,relaxed
n,1759732482.6881096,0.1121044158935546,0.743804931640625,28.650547387839435,143.25273693919715,87,3.125,relaxed
i,1759732482.929068,0.1191732883453369,0.2480273246765136,28.650547387839435,143.25273693919715,87,3.125,relaxed
g,1759732483.1284869,0.0883080959320068,0.1685535907745361,28.650547387839435,143.25273693919715,87,3.125,relaxed
h,1759732483.2644055,0.103588581085205,0.1511991024017334,28.650547387839435,143.25273693919715,87,3.125,relaxed
t,1759732483.4084585,0.1200346946716308,0.160499095916748,28.650547387839435,143.25273693919715,87,3.125,relaxed
m,1759732483.6807325,0.1192667484283447,0.2715058326721191,28.650547387839435,143.25273693919715,87,3.125,relaxed
a,1759732483.8885624,0.1676206588745117,0.2561841011047363,28.650547387839435,143.25273693919715,87,3.125,relaxed
r,1759732484.0804691,0.1520392894744873,0.1763253211975097,28.650547387839435,143.25273693919715,87,3.125,relaxed
e,1759732484.2569032,0.1279647350311279,0.1523594856262207,28.650547387839435,143.25273693919715,87,3.125,relaxed
Key.space,1759732484.600187,0.1517868041992187,0.3671059608459472,28.650547387839435,143.25273693919715,87,3.125,relaxed
c,1759732486.3841472,0.1366147994995117,1.7687880992889404,28.650547387839435,143.25273693919715,87,3.125,relaxed
r,1759732486.6404626,0.143782377243042,0.2634830474853515,28.650547387839435,143.25273693919715,87,3.125,relaxed
e,1759732486.8639586,0.1196489334106445,0.1993625164031982,28.650547387839435,143.25273693919715,87,3.125,relaxed
a,1759732487.1039202,0.1281521320343017,0.248464822769165,28.650547387839435,143.25273693919715,87,3.125,relaxed
t,1759732487.2964382,0.112034797668457,0.1764006614685058,28.650547387839435,143.25273693919715,87,3.125,relaxed
u,1759732487.6083045,0.0570461750030517,0.2568776607513428,28.650547387839435,143.25273693919715,87,3.125,relaxed
r,1759732487.728939,0.1601331233978271,0.2237215042114257,28.650547387839435,143.25273693919715,87,3.125,relaxed
e,1759732487.8485508,0.1442968845367431,0.1037755012512207,28.650547387839435,143.25273693919715,87,3.125,relaxed
s,1759732488.137015,0.1266207695007324,0.2707881927490234,28.650547387839435,143.25273693919715,87,3.125,relaxed
",",1759732488.9521186,0.0637753009796142,0.7522580623626709,28.650547387839435,143.25273693919715,87,3.125,relaxed
Key.space,1759732489.1839318,0.0959470272064209,0.2639849185943603,28.650547387839435,143.25273693919715,87,3.125,relaxed
f,1759732489.3607156,0.1681430339813232,0.2489798069000244,28.650547387839435,143.25273693919715,87,3.125,relaxed
r,1759732489.5203457,0.1207051277160644,0.112192153930664,28.650547387839435,143.25273693919715,87,3.125,relaxed
e,1759732489.8077111,0.1285116672515869,0.2951719760894775,28.650547387839435,143.25273693919715,87,3.125,relaxed
n,1759732490.560638,0.0719654560089111,0.696380615234375,28.650547387839435,143.25273693919715,87,3.125,relaxed
z,1759732491.2241397,0.1358115673065185,0.7273476123809814,28.650547387839435,143.25273693919715,87,3.125,relaxed
i,1759732491.463698,0.1204433441162109,0.2241902351379394,28.650547387839435,143.25273693919715,87,3.125,relaxed
e,1759732491.5364733,0.1123554706573486,0.0646874904632568,28.650547387839435,143.25273693919715,87,3.125,relaxed
d,1759732491.7757783,0.1042423248291015,0.231191873550415,28.650547387839435,143.25273693919715,87,3.125,relaxed
Key.space,1759732492.5839872,0.1682267189025879,0.8721933364868164,28.650547387839435,143.25273693919715,87,3.125,relaxed
t,1759732493.2325065,0.1278541088104248,0.6081466674804688,28.650547387839435,143.25273693919715,87,3.125,relaxed
o,1759732493.4567337,0.1199903488159179,0.2163631916046142,28.650547387839435,143.25273693919715,87,3.125,relaxed
w,1759732493.6326506,0.1199681758880615,0.1758949756622314,28.650547387839435,143.25273693919715,87,3.125,relaxed
n,1759732493.8717842,0.136073350906372,0.2552387714385986,28.650547387839435,143.25273693919715,87,3.125,relaxed
s,1759732495.2164686,0.1433825492858886,1.3519935607910156,28.650547387839435,143.25273693919715,87,3.125,relaxed
f,1759732496.176239,0.1038691997528076,0.9202570915222168,28.650547387839435,143.25273693919715,87,3.125,relaxed
o,1759732496.3602436,0.079601764678955,0.1597371101379394,28.650547387839435,143.25273693919715,87,3.125,relaxed
l,1759732496.5682886,0.0883281230926513,0.2167713642120361,28.650547387839435,143.25273693919715,87,3.125,relaxed
k,1759732496.7681377,0.0959851741790771,0.2075061798095703,28.650547387839435,143.25273693919715,87,3.125,relaxed
Key.space,1759732497.656246,0.1602253913879394,0.9523484706878662,28.650547387839435,143.25273693919715,87,3.125,relaxed
a,1759732497.816471,0.1673560142517089,0.1673560142517089,28.650547387839435,143.25273693919715,87,3.125,relaxed
n,1759732497.9681375,0.111713171005249,0.0960233211517334,28.650547387839435,143.25273693919715,87,3.125,relaxed
d,1759732498.0959494,0.1206855773925781,0.1367843151092529,28.650547387839435,143.25273693919715,87,3.125,relaxed
Key.space,1759732498.239642,0.1523020267486572,0.1753091812133789,28.650547387839435,143.25273693919715,87,3.125,relaxed
g,1759732498.464136,0.143869400024414,0.2160611152648925,28.650547387839435,143.25273693919715,87,3.125,relaxed
r,1759732498.616277,0.1283020973205566,0.1365737915039062,28.650547387839435,143.25273693919715,87,3.125,relaxed
o,1759732499.0246356,0.0479176044464111,0.3279740810394287,28.650547387839435,143.25273693919715,87,3.125,relaxed
s,1759732499.1848502,0.1515755653381347,0.2638726234436035,28.650547387839435,143.25273693919715,87,3.125,relaxed
t,1759732500.4558752,0.1444621086120605,1.263911485671997,28.650547387839435,143.25273693919715,87,3.125,relaxed
e,1759732502.7123597,0.1199429035186767,2.2319653034210205,28.650547387839435,143.25273693919715,87,3.125,relaxed
s,1759732503.3125582,0.2153668403625488,0.695622444152832,28.650547387839435,143.25273693919715,87,3.125,relaxed
q,1759732503.7847807,0.0878024101257324,0.3446581363677978,28.650547387839435,143.25273693919715,87,3.125,relaxed
u,1759732504.0087051,0.1194338798522949,0.2555558681488037,28.650547387839435,143.25273693919715,87,3.125,relaxed
e,1759732504.129217,0.1026155948638916,0.1036932468414306,28.650547387839435,143.25273693919715,87,3.125,relaxed
Key.space,1759732504.5918767,0.0959582328796386,0.4560027122497558,28.650547387839435,143.25273693919715,87,3.125,relaxed
u,1759732505.5130427,0.1189713478088378,0.9441790580749512,28.650547387839435,143.25273693919715,87,3.125,relaxed
n,1759732505.840757,0.1191463470458984,0.3278892040252685,28.650547387839435,143.25273693919715,87,3.125,relaxed
c,1759732506.0083122,0.1437888145446777,0.1921977996826172,28.650547387839435,143.25273693919715,87,3.125,relaxed
o,1759732506.320539,0.0799312591552734,0.2483692169189453,28.650547387839435,143.25273693919715,87,3.125,relaxed
v,1759732506.4964693,0.1281957626342773,0.2241947650909423,28.650547387839435,143.25273693919715,87,3.125,relaxed
e,1759732506.7200663,0.1603693962097168,0.2557706832885742,28.650547387839435,143.25273693919715,87,3.125,relaxed
r,1759732506.9120927,0.1126489639282226,0.144305944442749,28.650547387839435,143.25273693919715,87,3.125,relaxed
i,1759732507.1124794,0.1517527103424072,0.2394905090332031,28.650547387839435,143.25273693919715,87,3.125,relaxed
n,1759732507.3842008,0.0795257091522216,0.1994943618774414,28.650547387839435,143.25273693919715,87,3.125,relaxed
g,1759732507.4884758,0.0637855529785156,0.0885348320007324,28.650547387839435,143.25273693919715,87,3.125,relaxed
Key.space,1759732507.72006,0.1122798919677734,0.2800784111022949,28.650547387839435,143.25273693919715,87,3.125,relaxed
t,1759732508.3523958,0.1199915409088134,0.640047550201416,28.650547387839435,143.25273693919715,87,3.125,relaxed
h,1759732508.5281367,0.1115956306457519,0.1673450469970703,28.650547387839435,143.25273693919715,87,3.125,relaxed
e,1759732508.6327374,0.0952410697937011,0.0882461071014404,28.650547387839435,143.25273693919715,87,3.125,relaxed
Key.space,1759732508.808247,0.0957601070404052,0.1760289669036865,28.650547387839435,143.25273693919715,87,3.125,relaxed
d,1759732508.895978,0.1840081214904785,0.1759786605834961,28.650547387839435,143.25273693919715,87,3.125,relaxed
a,1759732509.0637586,0.1528255939483642,0.1365981101989746,28.650547387839435,143.25273693919715,87,3.125,relaxed
r,1759732509.2726471,0.0873034000396728,0.1433663368225097,28.650547387839435,143.25273693919715,87,3.125,relaxed
k,1759732509.4563625,0.0721678733825683,0.1685798168182373,28.650547387839435,143.25273693919715,87,3.125,relaxed
Key.space,1759732509.6801004,0.0964150428771972,0.2479851245880127,28.650547387839435,143.25273693919715,87,3.125,relaxed
l,1759732510.6724951,0.1116418838500976,1.0076215267181396,28.650547387839435,143.25273693919715,87,3.125,relaxed
e,1759732510.8403518,0.1359002590179443,0.1921150684356689,28.650547387839435,143.25273693919715,87,3.125,relaxed
g,1759732511.2967954,0.0878133773803711,0.4083566665649414,28.650547387839435,143.25273693919715,87,3.125,relaxed
a,1759732511.544139,0.1281254291534423,0.2876555919647217,28.650547387839435,143.25273693919715,87,3.125,relaxed
c,1759732511.7767184,0.1194598674774169,0.2239139080047607,28.650547387839435,143.25273693919715,87,3.125,relaxed
y,1759732512.0724432,0.1355757713317871,0.3118407726287842,28.650547387839435,143.25273693919715,87,3.125,relaxed
Key.space,1759732512.3360353,0.0802316665649414,0.2082479000091552,28.650547387839435,143.25273693919715,87,3.125,relaxed
o,1759732514.1127598,0.0875518321990966,1.7840447425842283,28.650547387839435,143.25273693919715,87,3.125,relaxed
f,1759732514.2641118,0.088578462600708,0.1523785591125488,28.650547387839435,143.25273693919715,87,3.125,relaxed
Key.space,1759732514.4321346,0.1039528846740722,0.1833972930908203,28.650547387839435,143.25273693919715,87,3.125,relaxed
Key.shift,1759732514.6316285,0.1927437782287597,0.2882847785949707,28.650547387839435,143.25273693919715,87,3.125,relaxed
h,1759732515.2486236,0.1273410320281982,0.5116386413574219,28.650547387839435,143.25273693919715,87,3.125,relaxed
a,1759732515.432102,0.1519129276275634,0.20805025100708,28.650547387839435,143.25273693919715,87,3.125,relaxed
r,1759732515.6732273,0.0796935558319091,0.1689059734344482,28.650547387839435,143.25273693919715,87,3.125,relaxed
a,1759732518.1593611,0.121791124343872,2.528231382369995,28.650547387839435,143.25273693919715,87,3.125,relaxed
m,1759732518.344809,0.0720062255859375,0.1356630325317382,28.650547387839435,143.25273693919715,87,3.125,relaxed
',1759732519.7363842,0.0956926345825195,1.4152615070343018,28.650547387839435,143.25273693919715,87,3.125,relaxed
s,1759732519.888742,0.13602876663208,0.1926939487457275,28.650547387839435,143.25273693919715,87,3.125,relaxed
Key.space,1759732520.200112,0.1039893627166748,0.2793304920196533,28.650547387839435,143.25273693919715,87,3.125,relaxed
r,1759732520.6720662,0.1452991962432861,0.5132641792297363,28.650547387839435,143.25273693919715,87,3.125,relaxed
e,1759732520.800672,0.1194708347320556,0.1027774810791015,28.650547387839435,143.25273693919715,87,3.125,relaxed
s,1759732521.0804586,0.1515405178070068,0.3118562698364258,28.650547387839435,143.25273693919715,87,3.125,relaxed
e,1759732521.3202643,0.152076244354248,0.2403414249420166,28.650547387839435,143.25273693919715,87,3.125,relaxed
a,1759732521.5601678,0.1517956256866455,0.2396228313446045,28.650547387839435,143.25273693919715,87,3.125,relaxed
c,1759732523.1371772,0.1276435852050781,1.5528573989868164,28.650547387839435,143.25273693919715,87,3.125,relaxed
h,1759732523.3686774,0.1918637752532959,0.2957203388214111,28.650547387839435,143.25273693919715,87,3.125,relaxed
Key.backspace,1759732524.5444224,0.1350717544555664,1.118952989578247,28.650547387839435,143.25273693919715,87,3.125,relaxed
Key.backspace,1759732524.7684443,0.1119635105133056,0.200913667678833,28.650547387839435,143.25273693919715,87,3.125,relaxed
r,1759732524.8723874,0.1360747814178466,0.1280543804168701,28.650547387839435,143.25273693919715,87,3.125,relaxed
c,1759732525.328132,0.2009589672088623,0.5206286907196045,28.650547387839435,143.25273693919715,87,3.125,relaxed
h,1759732525.632538,0.1034185886383056,0.2068657875061035,28.650547387839435,143.25273693919715,87,3.125,relaxed
Key.space,1759732525.9521315,0.1511924266815185,0.3673672676086426,28.650547387839435,143.25273693919715,87,3.125,relaxed
i,1759732526.7760878,0.1768581867218017,0.8496220111846924,28.650547387839435,143.25273693919715,87,3.125,relaxed
n,1759732526.9924624,0.1352806091308593,0.1747970581054687,28.650547387839435,143.25273693919715,87,3.125,relaxed
t,1759732527.1603498,0.111823558807373,0.14443039894104,28.650547387839435,143.25273693919715,87,3.125,relaxed
o,1759732527.464157,0.1124353408813476,0.3044190406799316,28.650547387839435,143.25273693919715,87,3.125,relaxed
Key.space,1759732527.7761328,0.1284155845642089,0.327955961227417,28.650547387839435,143.25273693919715,87,3.125,relaxed
e,1759732527.9446666,0.1522243022918701,0.1923425197601318,28.650547387839435,143.25273693919715,87,3.125,relaxed
d,1759732528.3042808,0.0964539051055908,0.3038437366485595,28.650547387839435,143.25273693919715,87,3.125,relaxed
l,1759732528.640511,0.0884695053100586,0.3282458782196045,28.650547387839435,143.25273693919715,87,3.125,relaxed
Key.backspace,1759732529.2321465,0.1276912689208984,0.630856990814209,28.650547387839435,143.25273693919715,87,3.125,relaxed
Key.backspace,1759732529.44816,0.0873496532440185,0.1756720542907714,28.650547387839435,143.25273693919715,87,3.125,relaxed
l,1759732530.3043666,0.1038122177124023,0.8726692199707031,28.650547387839435,143.25273693919715,87,3.125,relaxed
d,1759732530.4799488,0.1201839447021484,0.1919538974761963,28.650547387839435,143.25273693919715,87,3.125,relaxed
r,1759732532.2967782,0.1437125205993652,1.840358018875122,28.650547387839435,143.25273693919715,87,3.125,relaxed
i,1759732532.5039637,0.1046133041381836,0.168086290359497,28.650547387839435,143.25273693919715,87,3.125,relaxed
t,1759732533.3442934,0.1355805397033691,0.8712968826293945,28.650547387839435,143.25273693919715,87,3.125,relaxed
e,1759732533.5603163,0.1286766529083252,0.2091190814971923,28.650547387839435,143.25273693919715,87,3.125,relaxed
c,1759732533.8647065,0.1514136791229248,0.3271269798278808,28.650547387839435,143.25273693919715,87,3.125,relaxed
Key.backspace,1759732535.0397942,0.1282222270965576,1.1518964767456057,28.650547387839435,143.25273693919715,87,3.125,relaxed
Key.backspace,1759732535.4321597,0.1516926288604736,0.4158358573913574,28.650547387839435,143.25273693919715,87,3.125,relaxed
c,1759732535.9524455,0.1441900730133056,0.5127835273742676,28.650547387839435,143.25273693919715,87,3.125,relaxed
h,1759732536.1201456,0.1279699802398681,0.1514797210693359,28.650547387839435,143.25273693919715,87,3.125,relaxed
Key.space,1759732536.512377,0.1525187492370605,0.4167802333831787,28.650547387839435,143.25273693919715,87,3.125,relaxed
b,1759732537.0805025,0.1115589141845703,0.527165412902832,28.650547387839435,143.25273693919715,87,3.125,relaxed
e,1759732537.256071,0.1047639846801757,0.168774127960205,28.650547387839435,143.25273693919715,87,3.125,relaxed
i,1759732537.4087503,0.1597533226013183,0.2076683044433593,28.650547387839435,143.25273693919715,87,3.125,relaxed
n,1759732537.6409748,0.1190187931060791,0.1914899349212646,28.650547387839435,143.25273693919715,87,3.125,relaxed
g,1759732537.752633,0.1199691295623779,0.1126086711883544,28.650547387839435,143.25273693919715,87,3.125,relaxed
s,1759732538.024058,0.144216775894165,0.2956724166870117,28.650547387839435,143.25273693919715,87,3.125,relaxed
Key.space,1759732538.2242136,0.120133638381958,0.1760725975036621,28.650547387839435,143.25273693919715,87,3.125,relaxed
c,1759732538.415685,0.1358492374420166,0.2071869373321533,28.650547387839435,143.25273693919715,87,3.125,relaxed
a,1759732538.6800318,0.1282229423522949,0.2567205429077148,28.650547387839435,143.25273693919715,87,3.125,relaxed
l,1759732538.848246,0.1043658256530761,0.1443572044372558,28.650547387839435,143.25273693919715,87,3.125,relaxed
l,1759732539.0641308,0.088425874710083,0.1999447345733642,28.650547387839435,143.25273693919715,87,3.125,relaxed
e,1759732539.2402325,0.1603772640228271,0.2480530738830566,28.650547387839435,143.25273693919715,87,3.125,relaxed
d,1759732539.423749,0.1196234226226806,0.1427626609802246,28.650547387839435,143.25273693919715,87,3.125,relaxed
Key.space,1759732539.5759263,0.1124539375305175,0.145007848739624,28.650547387839435,143.25273693919715,87,3.125,relaxed
Key.shift,1759732539.792529,0.2398548126220703,0.344003677368164,28.650547387839435,143.25273693919715,87,3.125,relaxed
r,1759732540.2724006,0.1596767902374267,0.327481746673584,28.650547387839435,143.25273693919715,87,3.125,relaxed
e,1759732540.4241288,0.1440877914428711,0.1361391544342041,28.650547387839435,143.25273693919715,87,3.125,relaxed
a,1759732540.6317794,0.1445538997650146,0.2081167697906494,28.650547387839435,143.25273693919715,87,3.125,relaxed
t,1759732541.1842985,0.0317325592041015,0.4396977424621582,28.650547387839435,143.25273693919715,87,3.125,relaxed
Key.space,1759732541.4325967,0.1195416450500488,0.3361072540283203,28.650547387839435,143.25273693919715,87,3.125,relaxed
Key.shift,1759732541.672464,0.3757140636444092,0.4960396289825439,28.650547387839435,143.25273693919715,87,3.125,relaxed
n,1759732542.2643485,0.1288409233093261,0.3129467964172363,28.650547387839435,143.25273693919715,87,3.125,relaxed
e,1759732542.456102,0.1678497791290283,0.2307624816894531,28.650547387839435,143.25273693919715,87,3.125,relaxed
s,1759732543.0799327,0.1915173530578613,0.647498369216919,28.650547387839435,143.25273693919715,87,3.125,relaxed
;,1759732543.712015,0.1043808460235595,0.544945478439331,28.650547387839435,143.25273693919715,87,3.125,relaxed
Key.backspace,1759732544.335505,0.1284670829772949,0.6475765705108643,28.650547387839435,143.25273693919715,87,3.125,relaxed
.,1759732544.8006322,0.0874905586242675,0.4241507053375244,28.650547387839435,143.25273693919715,87,3.125,relaxed
Key.alt_l,1759732545.8485615,0.2554082870483398,1.2158470153808594,28.650547387839435,143.25273693919715,87,3.125,relaxed
Key.tab,1759732546.0401394,0.1526679992675781,0.0888376235961914,28.650547387839435,143.25273693919715,87,3.125,relaxed
Key.esc,1759732549.632352,0.1605386734008789,3.600083351135254,28.650547387839435,143.25273693919715,87,3.125,relaxed
Key.enter,1759733038.8322115,0.151822805404663,0.3601508140563965,32.210209287264014,161.0510464363201,127,2.247191011235955,relaxed
T,1759733039.456072,0.0801124572753906,0.5521500110626221,32.210209287264014,161.0510464363201,127,2.247191011235955,relaxed
Key.shift,1759733039.1441782,0.4559178352355957,0.0639116764068603,32.210209287264014,161.0510464363201,127,2.247191011235955,relaxed
h,1759733039.7202115,0.1280505657196045,0.2481660842895507,32.210209287264014,161.0510464363201,127,2.247191011235955,relaxed
e,1759733039.9205403,0.0952613353729248,0.1675395965576172,32.210209287264014,161.0510464363201,127,2.247191011235955,relaxed
Key.space,1759733040.1442463,0.1193714141845703,0.2478160858154297,32.210209287264014,161.0510464363201,127,2.247191011235955,relaxed
h,1759733040.6646686,0.111804723739624,0.5128555297851562,32.210209287264014,161.0510464363201,127,2.247191011235955,relaxed
u,1759733040.911907,0.0721058845520019,0.2075395584106445,32.210209287264014,161.0510464363201,127,2.247191011235955,relaxed
n,1759733041.0723047,0.1197760105133056,0.2080678939819336,32.210209287264014,161.0510464363201,127,2.247191011235955,relaxed
t,1759733041.3759022,0.1217148303985595,0.3055362701416015,32.210209287264014,161.0510464363201,127,2.247191011235955,relaxed
e,1759733041.552194,0.1363494396209716,0.1909265518188476,32.210209287264014,161.0510464363201,127,2.247191011235955,relaxed
r,1759733041.6960642,0.0803291797637939,0.0878498554229736,32.210209287264014,161.0510464363201,127,2.247191011235955,relaxed
Key.space,1759733041.8879385,0.1122553348541259,0.2238001823425293,32.210209287264014,161.0510464363201,127,2.247191011235955,relaxed
j,1759733043.8557086,0.1127445697784423,1.968259572982788,32.210209287264014,161.0510464363201,127,2.247191011235955,relaxed
o,1759733044.1283326,0.0878615379333496,0.2477409839630127,32.210209287264014,161.0510464363201,127,2.247191011235955,relaxed
u,1759733044.3998015,0.1125516891479492,0.296159029006958,32.210209287264014,161.0510464363201,127,2.247191011235955,relaxed
r,1759733044.5841484,0.0965595245361328,0.1683547496795654,32.210209287264014,161.0510464363201,127,2.247191011235955,relaxed
n,1759733044.80779,0.152501106262207,0.279583215713501,32.210209287264014,161.0510464363201,127,2.247191011235955,relaxed
e,1759733044.944375,0.1360321044921875,0.1201159954071044,32.210209287264014,161.0510464363201,127,2.247191011235955,relaxed
y,1759733045.2078998,0.0874583721160888,0.2149510383605957,32.210209287264014,161.0510464363201,127,2.247191011235955,relaxed
Key.space,1759733045.95232,0.1034817695617675,0.7604436874389648,32.210209287264014,161.0510464363201,127,2.247191011235955,relaxed
t,1759733046.3119123,0.1522319316864013,0.4083423614501953,32.210209287264014,161.0510464363201,127,2.247191011235955,relaxed
r,1759733046.5352187,0.1288158893585205,0.1998903751373291,32.210209287264014,161.0510464363201,127,2.247191011235955,relaxed
a,1759733046.8803716,0.1436655521392822,0.3600025177001953,32.210209287264014,161.0510464363201,127,2.247191011235955,relaxed
c,1759733047.1360557,0.1196041107177734,0.2316226959228515,32.210209287264014,161.0510464363201,127,2.247191011235955,relaxed
e,1759733047.3517363,0.1043517589569091,0.2004282474517822,32.210209287264014,161.0510464363201,127,2.247191011235955,relaxed
s,1759733047.5841806,0.1197075843811035,0.2478001117706298,32.210209287264014,161.0510464363201,127,2.247191011235955,relaxed
Key.space,1759733047.8804505,0.1356780529022216,0.3122403621673584,32.210209287264014,161.0510464363201,127,2.247191011235955,relaxed
h,1759733048.360194,0.0240635871887207,0.368129014968872,32.210209287264014,161.0510464363201,127,2.247191011235955,relaxed
Key.backspace,1759733051.17565,0.1365971565246582,2.9279897212982178,32.210209287264014,161.0510464363201,127,2.247191011235955,relaxed
t,1759733051.3282094,0.1360242366790771,0.1519863605499267,32.210209287264014,161.0510464363201,127,2.247191011235955,relaxed
h,1759733051.9681437,0.1031255722045898,0.6070356369018555,32.210209287264014,161.0510464363201,127,2.247191011235955,relaxed
e,1759733052.0567193,0.1514167785644531,0.136866807937622,32.210209287264014,161.0510464363201,127,2.247191011235955,relaxed
Key.space,1759733052.239812,0.1041240692138671,0.1358001232147216,32.210209287264014,161.0510464363201,127,2.247191011235955,relaxed
r,1759733052.4003286,0.1281542778015136,0.1845467090606689,32.210209287264014,161.0510464363201,127,2.247191011235955,relaxed
o,1759733052.6644113,0.0634536743164062,0.1993820667266845,32.210209287264014,161.0510464363201,127,2.247191011235955,relaxed
o,1759733052.8801622,0.0560712814331054,0.2083685398101806,32.210209287264014,161.0510464363201,127,2.247191011235955,relaxed
r,1759733053.112502,0.0867121219635009,0.2629804611206054,32.210209287264014,161.0510464363201,127,2.247191011235955,relaxed
s,1759733053.432447,0.1678426265716552,0.4010756015777588,32.210209287264014,161.0510464363201,127,2.247191011235955,relaxed
Key.backspace,1759733054.2886438,0.1037771701812744,0.7921314239501953,32.210209287264014,161.0510464363201,127,2.247191011235955,relaxed
Key.backspace,1759733054.4960315,0.1046211719512939,0.2082316875457763,32.210209287264014,161.0510464363201,127,2.247191011235955,relaxed
t,1759733054.679758,0.1124703884124755,0.1915757656097412,32.210209287264014,161.0510464363201,127,2.247191011235955,relaxed
s,1759733055.0405626,0.1513323783874511,0.3996665477752685,32.210209287264014,161.0510464363201,127,2.247191011235955,relaxed
Key.space,1759733055.4884348,0.1112070083618164,0.4077467918395996,32.210209287264014,161.0510464363201,127,2.247191011235955,relaxed
o,1759733056.0000834,0.1280646324157714,0.5285062789916992,32.210209287264014,161.0510464363201,127,2.247191011235955,relaxed
f,1759733056.176349,0.1282293796539306,0.1764302253723144,32.210209287264014,161.0510464363201,127,2.247191011235955,relaxed
Key.space,1759733056.3764403,0.1602623462677002,0.2321243286132812,32.210209287264014,161.0510464363201,127,2.247191011235955,relaxed
t,1759733056.5203722,0.1279983520507812,0.1116678714752197,32.210209287264014,161.0510464363201,127,2.247191011235955,relaxed
h,1759733057.2321856,0.14394211769104,0.7277572154998779,32.210209287264014,161.0510464363201,127,2.247191011235955,relaxed
e,1759733057.4876244,0.1125879287719726,0.2240846157073974,32.210209287264014,161.0510464363201,127,2.247191011235955,relaxed
Key.space,1759733057.6637402,0.1285674571990966,0.1920952796936035,32.210209287264014,161.0510464363201,127,2.247191011235955,relaxed
p,1759733058.128508,0.1035194396972656,0.4397196769714355,32.210209287264014,161.0510464363201,127,2.247191011235955,relaxed
l,1759733058.391955,0.0565669536590576,0.2164943218231201,32.210209287264014,161.0510464363201,127,2.247191011235955,relaxed
a,1759733058.5922608,0.1365387439727783,0.2802779674530029,32.210209287264014,161.0510464363201,127,2.247191011235955,relaxed
g,1759733058.8479743,0.1040198802947998,0.2231945991516113,32.210209287264014,161.0510464363201,127,2.247191011235955,relaxed
u,1759733059.1201353,0.0882387161254882,0.2563798427581787,32.210209287264014,161.0510464363201,127,2.247191011235955,relaxed
e,1759733059.2565253,0.1034119129180908,0.1515631675720214,32.210209287264014,161.0510464363201,127,2.247191011235955,relaxed
Key.space,1759733059.568521,0.1435098648071289,0.3520936965942383,32.210209287264014,161.0510464363201,127,2.247191011235955,relaxed
t,1759733060.272289,0.1280138492584228,0.6882719993591309,32.210209287264014,161.0510464363201,127,2.247191011235955,relaxed
o,1759733060.424713,0.103752851486206,0.1281626224517822,32.210209287264014,161.0510464363201,127,2.247191011235955,relaxed
Key.space,1759733060.719769,0.0959012508392334,0.2872047424316406,32.210209287264014,161.0510464363201,127,2.247191011235955,relaxed
t,1759733060.808122,0.1200470924377441,0.1124987602233886,32.210209287264014,161.0510464363201,127,2.247191011235955,relaxed
h,1759733061.0723476,0.1047165393829345,0.2488951683044433,32.210209287264014,161.0510464363201,127,2.247191011235955,relaxed
e,1759733061.2083266,0.0799839496612548,0.1112463474273681,32.210209287264014,161.0510464363201,127,2.247191011235955,relaxed
Key.space,1759733061.3929572,0.1185584068298339,0.2232050895690918,32.210209287264014,161.0510464363201,127,2.247191011235955,relaxed
Key.shift,1759733061.71147,0.3449461460113525,0.5449004173278809,32.210209287264014,161.0510464363201,127,2.247191011235955,relaxed
h,1759733061.0723476,1.096104383468628,0.1120359897613525,32.210209287264014,161.0510464363201,127,2.247191011235955,relaxed
e,1759733062.264327,0.1204164028167724,0.2162914276123047,32.210209287264014,161.0510464363201,127,2.247191011235955,relaxed
a,1759733062.4719083,0.1522719860076904,0.2394368648529052,32.210209287264014,161.0510464363201,127,2.247191011235955,relaxed
l,1759733063.288202,0.0800197124481201,0.7440414428710938,32.210209287264014,161.0510464363201,127,2.247191011235955,relaxed
i,1759733063.584593,0.1830978393554687,0.3994691371917724,32.210209287264014,161.0510464363201,127,2.247191011235955,relaxed
n,1759733063.839759,0.1200230121612548,0.1920914649963379,32.210209287264014,161.0510464363201,127,2.247191011235955,relaxed
g,1759733064.0166996,0.0793254375457763,0.1362426280975341,32.210209287264014,161.0510464363201,127,2.247191011235955,relaxed
Key.space,1759733064.2636998,0.1283280849456787,0.2960028648376465,32.210209287264014,161.0510464363201,127,2.247191011235955,relaxed
C,1759733064.8489716,0.0949211120605468,0.5518648624420166,32.210209287264014,161.0510464363201,127,2.247191011235955,relaxed
Key.shift,1759733064.5520017,0.4003684520721435,0.0084774494171142,32.210209287264014,161.0510464363201,127,2.247191011235955,relaxed
h,1759733065.0486257,0.1046814918518066,0.2009370326995849,32.210209287264014,161.0510464363201,127,2.247191011235955,relaxed
r,1759733065.568014,0.0799462795257568,0.4946532249450683,32.210209287264014,161.0510464363201,127,2.247191011235955,relaxed
Key.backspace,1759733066.5044549,0.1918745040893554,1.0483689308166504,32.210209287264014,161.0510464363201,127,2.247191011235955,relaxed
u,1759733067.151804,0.1606521606445312,0.6161267757415771,32.210209287264014,161.0510464363201,127,2.247191011235955,relaxed
r,1759733067.3204508,0.111701488494873,0.1196961402893066,32.210209287264014,161.0510464363201,127,2.247191011235955,relaxed
c,1759733067.584565,0.1440498828887939,0.2964625358581543,32.210209287264014,161.0510464363201,127,2.247191011235955,relaxed
h,1759733067.8162036,0.1199216842651367,0.2075104713439941,32.210209287264014,161.0510464363201,127,2.247191011235955,relaxed
Key.space,1759733068.232628,0.1349377632141113,0.4314405918121338,32.210209287264014,161.0510464363201,127,2.247191011235955,relaxed
a,1759733068.73646,0.1278715133666992,0.4967656135559082,32.210209287264014,161.0510464363201,127,2.247191011235955,relaxed
n,1759733068.9679742,0.119328498840332,0.2229712009429931,32.210209287264014,161.0510464363201,127,2.247191011235955,relaxed
d,1759733069.0803025,0.1041886806488037,0.0971884727478027,32.210209287264014,161.0510464363201,127,2.247191011235955,relaxed
Key.space,1759733069.3205595,0.1352770328521728,0.2713453769683838,32.210209287264014,161.0510464363201,127,2.247191011235955,relaxed
t,1759733070.960619,0.0877296924591064,1.592512130737305,32.210209287264014,161.0510464363201,127,2.247191011235955,relaxed
h,1759733071.2323403,0.1274120807647705,0.311403751373291,32.210209287264014,161.0510464363201,127,2.247191011235955,relaxed
e,1759733071.4236732,0.0801942348480224,0.1441149711608886,32.210209287264014,161.0510464363201,127,2.247191011235955,relaxed
Key.space,1759733071.631819,0.1359565258026123,0.2639081478118896,32.210209287264014,161.0510464363201,127,2.247191011235955,relaxed
h,1759733072.0245428,0.0721809864044189,0.3289482593536377,32.210209287264014,161.0510464363201,127,2.247191011235955,relaxed
i,1759733072.32849,0.151315689086914,0.3830819129943847,32.210209287264014,161.0510464363201,127,2.247191011235955,relaxed
d,1759733072.7211225,0.1187582015991211,0.3600749969482422,32.210209287264014,161.0510464363201,127,2.247191011235955,relaxed
d,1759733072.9677808,0.1206367015838623,0.2485368251800537,32.210209287264014,161.0510464363201,127,2.247191011235955,relaxed
e,1759733073.3048203,0.0708427429199218,0.287245512008667,32.210209287264014,161.0510464363201,127,2.247191011235955,relaxed
n,1759733073.6327727,0.0873181819915771,0.3444278240203857,32.210209287264014,161.0510464363201,127,2.247191011235955,relaxed
Key.space,1759733074.232087,0.1598434448242187,0.6718394756317139,32.210209287264014,161.0510464363201,127,2.247191011235955,relaxed
r,1759733074.959227,0.0895450115203857,0.6568419933319092,32.210209287264014,161.0510464363201,127,2.247191011235955,relaxed
i,1759733075.3604803,0.1037886142730712,0.415496826171875,32.210209287264014,161.0510464363201,127,2.247191011235955,relaxed
t,1759733075.672711,0.1117122173309326,0.3201537132263183,32.210209287264014,161.0510464363201,127,2.247191011235955,relaxed
u,1759733075.840308,0.0804028511047363,0.1362879276275634,32.210209287264014,161.0510464363201,127,2.247191011235955,relaxed
a,1759733076.0964756,0.1596772670745849,0.3354420661926269,32.210209287264014,161.0510464363201,127,2.247191011235955,relaxed
l,1759733076.32008,0.1285884380340576,0.1925156116485595,32.210209287264014,161.0510464363201,127,2.247191011235955,relaxed
s,1759733076.5066094,0.1491670608520507,0.2071080207824707,32.210209287264014,161.0510464363201,127,2.247191011235955,relaxed
Key.space,1759733076.896123,0.1351377964019775,0.3754842281341553,32.210209287264014,161.0510464363201,127,2.247191011235955,relaxed
o,1759733077.38442,0.1518130302429199,0.5049722194671631,32.210209287264014,161.0510464363201,127,2.247191011235955,relaxed
f,1759733077.5521472,0.1515731811523437,0.1674873828887939,32.210209287264014,161.0510464363201,127,2.247191011235955,relaxed
Key.space,1759733077.752056,0.1608636379241943,0.2091994285583496,32.210209287264014,161.0510464363201,127,2.247191011235955,relaxed
t,1759733077.920154,0.1361422538757324,0.143376350402832,32.210209287264014,161.0510464363201,127,2.247191011235955,relaxed
h,1759733078.144221,0.1281256675720214,0.2160506248474121,32.210209287264014,161.0510464363201,127,2.247191011235955,relaxed
e,1759733078.296386,0.0960798263549804,0.1201190948486328,32.210209287264014,161.0510464363201,127,2.247191011235955,relaxed
Key.space,1759733078.4805422,0.0957353115081787,0.1838116645812988,32.210209287264014,161.0510464363201,127,2.247191011235955,relaxed
S,1759733079.327446,0.1370091438293457,0.8881776332855225,32.210209287264014,161.0510464363201,127,2.247191011235955,relaxed
Key.shift,1759733079.2981985,0.1820545196533203,0.0157978534698486,32.210209287264014,161.0510464363201,127,2.247191011235955,relaxed
c,1759733079.87239,0.1203222274780273,0.5124592781066895,32.210209287264014,161.0510464363201,127,2.247191011235955,relaxed
h,1759733080.128333,0.0956053733825683,0.2312264442443847,32.210209287264014,161.0510464363201,127,2.247191011235955,relaxed
o,1759733080.4643102,0.0808773040771484,0.3212487697601318,32.210209287264014,161.0510464363201,127,2.247191011235955,relaxed
o,1759733080.6555762,0.0641813278198242,0.174570083618164,32.210209287264014,161.0510464363201,127,2.247191011235955,relaxed
l,1759733080.9123263,0.1281795501708984,0.3207483291625976,32.210209287264014,161.0510464363201,127,2.247191011235955,relaxed
Key.space,1759733081.6001842,0.1442024707794189,0.703880786895752,32.210209287264014,161.0510464363201,127,2.247191011235955,relaxed
o,1759733082.104467,0.1195936203002929,0.4796736240386963,32.210209287264014,161.0510464363201,127,2.247191011235955,relaxed
f,1759733082.3200054,0.0961012840270996,0.1920464038848877,32.210209287264014,161.0510464363201,127,2.247191011235955,relaxed
Key.space,1759733082.519951,0.1286046504974365,0.2324492931365966,32.210209287264014,161.0510464363201,127,2.247191011235955,relaxed
Key.shift,1759733082.688385,0.2554061412811279,0.2952351570129394,32.210209287264014,161.0510464363201,127,2.247191011235955,relaxed
Key.shift,1759733083.0644865,0.5270862579345703,0.6477816104888916,32.210209287264014,161.0510464363201,127,2.247191011235955,relaxed
e,1759733083.880799,0.1191835403442382,0.3597805500030517,32.210209287264014,161.0510464363201,127,2.247191011235955,relaxed
n,1759733084.344049,0.1523575782775879,0.4964239597320556,32.210209287264014,161.0510464363201,127,2.247191011235955,relaxed
s,1759733084.6239276,0.1607036590576172,0.2882246971130371,32.210209287264014,161.0510464363201,127,2.247191011235955,relaxed
i,1759733084.8085494,0.1037554740905761,0.1276736259460449,32.210209287264014,161.0510464363201,127,2.247191011235955,relaxed
s,1759733084.9362662,0.1117801666259765,0.1357414722442627,32.210209287264014,161.0510464363201,127,2.247191011235955,relaxed
Key.space,1759733086.3525865,0.1358823776245117,1.440422534942627,32.210209287264014,161.0510464363201,127,2.247191011235955,relaxed
r,1759733086.5524902,0.1516766548156738,0.2156980037689209,32.210209287264014,161.0510464363201,127,2.247191011235955,relaxed
e,1759733086.7366748,0.1358060836791992,0.168313980102539,32.210209287264014,161.0510464363201,127,2.247191011235955,relaxed
v,1759733087.0086436,0.1352808475494384,0.2714436054229736,32.210209287264014,161.0510464363201,127,2.247191011235955,relaxed
e,1759733087.2405343,0.1280286312103271,0.2246384620666504,32.210209287264014,161.0510464363201,127,2.247191011235955,relaxed
a,1759733087.464678,0.1435797214508056,0.2396948337554931,32.210209287264014,161.0510464363201,127,2.247191011235955,relaxed
l,1759733087.6319394,0.1365835666656494,0.1602652072906494,32.210209287264014,161.0510464363201,127,2.247191011235955,relaxed
i,1759733088.288636,0.1357984542846679,0.6559114456176758,32.210209287264014,161.0510464363201,127,2.247191011235955,relaxed
n,1759733088.504065,0.1360046863555908,0.2156352996826172,32.210209287264014,161.0510464363201,127,2.247191011235955,relaxed
g,1759733088.6484632,0.0882728099822998,0.0966663360595703,32.210209287264014,161.0510464363201,127,2.247191011235955,relaxed
Key.space,1759733089.064397,0.1835861206054687,0.5112471580505371,32.210209287264014,161.0510464363201,127,2.247191011235955,relaxed
t,1759733089.83288,0.1433472633361816,0.7282440662384033,32.210209287264014,161.0510464363201,127,2.247191011235955,relaxed
h,1759733090.0005713,0.1121203899383544,0.1364643573760986,32.210209287264014,161.0510464363201,127,2.247191011235955,relaxed
a,1759733090.2079403,0.1362280845642089,0.2314767837524414,32.210209287264014,161.0510464363201,127,2.247191011235955,relaxed
t,1759733090.5205655,0.1435623168945312,0.3199594020843506,32.210209287264014,161.0510464363201,127,2.247191011235955,relaxed
Key.space,1759733090.8243206,0.1038708686828613,0.2640635967254638,32.210209287264014,161.0510464363201,127,2.247191011235955,relaxed
Y,1759733091.568281,0.1124210357666015,0.7525105476379395,32.210209287264014,161.0510464363201,127,2.247191011235955,relaxed
Key.shift,1759733091.064501,0.6711893081665039,0.0549883842468261,32.210209287264014,161.0510464363201,127,2.247191011235955,relaxed
h,1759733092.623912,0.1289310455322265,1.0171525478363037,32.210209287264014,161.0510464363201,127,2.247191011235955,relaxed
a,1759733092.8083944,0.14347505569458,0.1990265846252441,32.210209287264014,161.0510464363201,127,2.247191011235955,relaxed
r,1759733093.0560238,0.1204359531402587,0.2245903015136718,32.210209287264014,161.0510464363201,127,2.247191011235955,relaxed
a,1759733093.3201685,0.1276421546936035,0.271350622177124,32.210209287264014,161.0510464363201,127,2.247191011235955,relaxed
m,1759733094.9205258,0.0878205299377441,1.560535907745361,32.210209287264014,161.0510464363201,127,2.247191011235955,relaxed
',1759733095.7202344,0.1039140224456787,0.8158020973205566,32.210209287264014,161.0510464363201,127,2.247191011235955,relaxed
s,1759733096.2158086,0.1607742309570312,0.5524344444274902,32.210209287264014,161.0510464363201,127,2.247191011235955,relaxed
Key.space,1759733096.6642718,0.1518542766571045,0.4395432472229004,32.210209287264014,161.0510464363201,127,2.247191011235955,relaxed
w,1759733096.85577,0.1604869365692138,0.2001307010650634,32.210209287264014,161.0510464363201,127,2.247191011235955,relaxed
e,1759733097.256255,0.0955736637115478,0.3355717658996582,32.210209287264014,161.0510464363201,127,2.247191011235955,relaxed
l,1759733097.504058,0.0882246494293212,0.2404541969299316,32.210209287264014,161.0510464363201,127,2.247191011235955,relaxed
l,1759733097.7119143,0.0489637851715087,0.1685953140258789,32.210209287264014,161.0510464363201,127,2.247191011235955,relaxed
s,1759733098.3602805,0.1606309413909912,0.760033130645752,32.210209287264014,161.0510464363201,127,2.247191011235955,relaxed
p,1759733098.600215,0.1286044120788574,0.2079081535339355,32.210209287264014,161.0510464363201,127,2.247191011235955,relaxed
r,1759733098.784489,0.1189005374908447,0.1588344573974609,32.210209287264014,161.0510464363201,127,2.247191011235955,relaxed
i,1759733098.9522524,0.1845970153808593,0.2334599494934082,32.210209287264014,161.0510464363201,127,2.247191011235955,relaxed
n,1759733099.1676652,0.1362888813018798,0.1671047210693359,32.210209287264014,161.0510464363201,127,2.247191011235955,relaxed
g,1759733099.296153,0.0727276802062988,0.0649266242980957,32.210209287264014,161.0510464363201,127,2.247191011235955,relaxed
Key.space,1759733100.2004864,0.1276333332061767,0.9592390060424804,32.210209287264014,161.0510464363201,127,2.247191011235955,relaxed
o,1759733100.577262,0.1267354488372802,0.3758776187896728,32.210209287264014,161.0510464363201,127,2.247191011235955,relaxed
f,1759733101.0807438,0.119607925415039,0.496354341506958,32.210209287264014,161.0510464363201,127,2.247191011235955,relaxed
Key.space,1759733101.1765742,0.0954096317291259,0.0716321468353271,32.210209287264014,161.0510464363201,127,2.247191011235955,relaxed
p,1759733101.4649017,0.0795578956604003,0.2724757194519043,32.210209287264014,161.0510464363201,127,2.247191011235955,relaxed
o,1759733101.7039783,0.0803976058959961,0.2399163246154785,32.210209287264014,161.0510464363201,127,2.247191011235955,relaxed
w,1759733101.8405566,0.1998581886291504,0.2560389041900635,32.210209287264014,161.0510464363201,127,2.247191011235955,relaxed
e,1759733102.0243986,0.1279952526092529,0.1119790077209472,32.210209287264014,161.0510464363201,127,2.247191011235955,relaxed
r,1759733102.2806478,0.0959303379058837,0.2241842746734619,32.210209287264014,161.0510464363201,127,2.247191011235955,relaxed
Key.space,1759733103.672052,0.1045398712158203,1.4000139236450195,32.210209287264014,161.0510464363201,127,2.247191011235955,relaxed
d,1759733103.848797,0.1435689926147461,0.2157740592956543,32.210209287264014,161.0510464363201,127,2.247191011235955,relaxed
e,1759733103.9761465,0.1444447040557861,0.1282250881195068,32.210209287264014,161.0510464363201,127,2.247191011235955,relaxed
r,1759733104.184378,0.1030876636505127,0.1668746471405029,32.210209287264014,161.0510464363201,127,2.247191011235955,relaxed
i,1759733104.408486,0.0957984924316406,0.2168188095092773,32.210209287264014,161.0510464363201,127,2.247191011235955,relaxed
v,1759733104.592024,0.1044771671295166,0.1922166347503662,32.210209287264014,161.0510464363201,127,2.247191011235955,relaxed
e,1759733104.8247075,0.1199750900268554,0.2481813430786132,32.210209287264014,161.0510464363201,127,2.247191011235955,relaxed
s,1759733105.087964,0.1525344848632812,0.2958159446716308,32.210209287264014,161.0510464363201,127,2.247191011235955,relaxed
Key.space,1759733105.4243815,0.1761302947998047,0.3600132465362549,32.210209287264014,161.0510464363201,127,2.247191011235955,relaxed
f,1759733105.80855,0.1600439548492431,0.3680822849273681,32.210209287264014,161.0510464363201,127,2.247191011235955,relaxed
r,1759733105.936519,0.1110520362854003,0.0789768695831298,32.210209287264014,161.0510464363201,127,2.247191011235955,relaxed
o,1759733106.0963297,0.1674635410308838,0.2162222862243652,32.210209287264014,161.0510464363201,127,2.247191011235955,relaxed
m,1759733106.560784,0.1115860939025878,0.4085767269134521,32.210209287264014,161.0510464363201,127,2.247191011235955,relaxed
Key.space,1759733106.9441152,0.1115252971649169,0.3832705020904541,32.210209287264014,161.0510464363201,127,2.247191011235955,relaxed
e,1759733107.2484446,0.1836659908294677,0.3764700889587402,32.210209287264014,161.0510464363201,127,2.247191011235955,relaxed
x,1759733107.6091835,0.1751041412353515,0.3521771430969238,32.210209287264014,161.0510464363201,127,2.247191011235955,relaxed
p,1759733108.0727892,0.1353440284729004,0.4238455295562744,32.210209287264014,161.0510464363201,127,2.247191011235955,relaxed
e,1759733108.248247,0.1519134044647216,0.1920268535614013,32.210209287264014,161.0510464363201,127,2.247191011235955,relaxed
r,1759733108.432538,0.1193094253540039,0.1516873836517334,32.210209287264014,161.0510464363201,127,2.247191011235955,relaxed
i,1759733108.6330678,0.0873575210571289,0.1685779094696045,32.210209287264014,161.0510464363201,127,2.247191011235955,relaxed
m,1759733108.8479185,0.1366181373596191,0.2641112804412842,32.210209287264014,161.0510464363201,127,2.247191011235955,relaxed
e,1759733108.992411,0.1361238956451416,0.1439981460571289,32.210209287264014,161.0510464363201,127,2.247191011235955,relaxed
n,1759733109.1520548,0.1281609535217285,0.1516809463500976,32.210209287264014,161.0510464363201,127,2.247191011235955,relaxed
t,1759733109.3600223,0.1119351387023925,0.191741943359375,32.210209287264014,161.0510464363201,127,2.247191011235955,relaxed
s,1759733109.7045166,0.1433627605438232,0.3759217262268066,32.210209287264014,161.0510464363201,127,2.247191011235955,relaxed
Key.space,1759733110.0965033,0.1837344169616699,0.4323582649230957,32.210209287264014,161.0510464363201,127,2.247191011235955,relaxed
a,1759733110.5042489,0.1846470832824707,0.4086582660675049,32.210209287264014,161.0510464363201,127,2.247191011235955,relaxed
n,1759733110.7128274,0.1192808151245117,0.1432123184204101,32.210209287264014,161.0510464363201,127,2.247191011235955,relaxed
d,1759733110.8160608,0.1206624507904052,0.1046149730682373,32.210209287264014,161.0510464363201,127,2.247191011235955,relaxed
Key.space,1759733110.967996,0.1363997459411621,0.1676723957061767,32.210209287264014,161.0510464363201,127,2.247191011235955,relaxed
c,1759733111.1356778,0.0965747833251953,0.127856969833374,32.210209287264014,161.0510464363201,127,2.247191011235955,relaxed
o,1759733111.3124735,0.1361916065216064,0.2164125442504882,32.210209287264014,161.0510464363201,127,2.247191011235955,relaxed
n,1759733111.5685456,0.1189460754394531,0.2388265132904052,32.210209287264014,161.0510464363201,127,2.247191011235955,relaxed
t,1759733111.7679386,0.1207048892974853,0.2011518478393554,32.210209287264014,161.0510464363201,127,2.247191011235955,relaxed
a,1759733112.0083776,0.1676704883575439,0.2874045372009277,32.210209287264014,161.0510464363201,127,2.247191011235955,relaxed
c,1759733112.1922772,0.1525812149047851,0.1688103675842285,32.210209287264014,161.0510464363201,127,2.247191011235955,relaxed
t,1759733112.4879043,0.1362979412078857,0.2793440818786621,32.210209287264014,161.0510464363201,127,2.247191011235955,relaxed
Key.space,1759733113.6880963,0.1835136413574218,1.2474074363708496,32.210209287264014,161.0510464363201,127,2.247191011235955,relaxed
w,1759733113.8886578,0.1274783611297607,0.1445262432098388,32.210209287264014,161.0510464363201,127,2.247191011235955,relaxed
i,1759733114.1367033,0.1353011131286621,0.2558681964874267,32.210209287264014,161.0510464363201,127,2.247191011235955,relaxed
t,1759733114.327751,0.1130504608154296,0.1687970161437988,32.210209287264014,161.0510464363201,127,2.247191011235955,relaxed
h,1759733114.496473,0.1041159629821777,0.1597876548767089,32.210209287264014,161.0510464363201,127,2.247191011235955,relaxed
Key.space,1759733114.7361343,0.1039540767669677,0.2394993305206298,32.210209287264014,161.0510464363201,127,2.247191011235955,relaxed
c,1759733115.0965369,0.1279017925262451,0.3843502998352051,32.210209287264014,161.0510464363201,127,2.247191011235955,relaxed
o,1759733115.8567204,0.1512470245361328,0.7835288047790527,32.210209287264014,161.0510464363201,127,2.247191011235955,relaxed
s,1759733116.0642395,0.1356220245361328,0.1918940544128418,32.210209287264014,161.0510464363201,127,2.247191011235955,relaxed
m,1759733116.2644303,0.1438879966735839,0.2084567546844482,32.210209287264014,161.0510464363201,127,2.247191011235955,relaxed
i,1759733116.5769048,0.1434149742126464,0.3120014667510986,32.210209287264014,161.0510464363201,127,2.247191011235955,relaxed
c,1759733116.792566,0.0882320404052734,0.1604783535003662,32.210209287264014,161.0510464363201,127,2.247191011235955,relaxed
Key.space,1759733117.1684546,0.1513111591339111,0.4389677047729492,32.210209287264014,161.0510464363201,127,2.247191011235955,relaxed
e,1759733117.503614,0.1765422821044922,0.3603904247283935,32.210209287264014,161.0510464363201,127,2.247191011235955,relaxed
n,1759733117.7359092,0.1207466125488281,0.176499605178833,32.210209287264014,161.0510464363201,127,2.247191011235955,relaxed
t,1759733117.9840753,0.1207160949707031,0.2481355667114257,32.210209287264014,161.0510464363201,127,2.247191011235955,relaxed
i,1759733118.1685796,0.1276068687438964,0.1913950443267822,32.210209287264014,161.0510464363201,127,2.247191011235955,relaxed
t,1759733118.328139,0.0637037754058837,0.0956563949584961,32.210209287264014,161.0510464363201,127,2.247191011235955,relaxed
i,1759733118.4725466,0.0719211101531982,0.1526248455047607,32.210209287264014,161.0510464363201,127,2.247191011235955,relaxed
e,1759733119.0006742,0.1199316978454589,0.5761382579803467,32.210209287264014,161.0510464363201,127,2.247191011235955,relaxed
s,1759733119.3684783,0.1520190238952636,0.3998916149139404,32.210209287264014,161.0510464363201,127,2.247191011235955,relaxed
.,1759733121.1369655,0.1189577579498291,1.7354257106781006,32.210209287264014,161.0510464363201,127,2.247191011235955,relaxed
T,1759733122.337042,0.126929759979248,1.2080485820770264,32.210209287264014,161.0510464363201,127,2.247191011235955,relaxed
Key.shift,1759733122.325511,0.1940386295318603,0.0555777549743652,32.210209287264014,161.0510464363201,127,2.247191011235955,relaxed
h,1759733122.664303,0.144486665725708,0.2892401218414306,32.210209287264014,161.0510464363201,127,2.247191011235955,relaxed
e,1759733122.8324552,0.0958316326141357,0.1194970607757568,32.210209287264014,161.0510464363201,127,2.247191011235955,relaxed
Key.space,1759733123.0238914,0.1197779178619384,0.2153825759887695,32.210209287264014,161.0510464363201,127,2.247191011235955,relaxed
s,1759733123.2245586,0.1435210704803466,0.2244102954864502,32.210209287264014,161.0510464363201,127,2.247191011235955,relaxed
t,1759733123.5601504,0.1278698444366455,0.3199405670166015,32.210209287264014,161.0510464363201,127,2.247191011235955,relaxed
o,1759733123.784555,0.1432135105133056,0.2397482395172119,32.210209287264014,161.0510464363201,127,2.247191011235955,relaxed
r,1759733123.9604998,0.1121845245361328,0.1449158191680908,32.210209287264014,161.0510464363201,127,2.247191011235955,relaxed
y,1759733124.2162602,0.1361644268035888,0.2797403335571289,32.210209287264014,161.0510464363201,127,2.247191011235955,relaxed
Key.space,1759733124.544581,0.1347315311431884,0.326887845993042,32.210209287264014,161.0510464363201,127,2.247191011235955,relaxed
u,1759733125.3688383,0.1275880336761474,0.8171138763427734,32.210209287264014,161.0510464363201,127,2.247191011235955,relaxed
n,1759733125.8964107,0.1354198455810547,0.5354042053222656,32.210209287264014,161.0510464363201,127,2.247191011235955,relaxed
f,1759733126.008124,0.1120026111602783,0.0882961750030517,32.210209287264014,161.0510464363201,127,2.247191011235955,relaxed
o,1759733126.440021,0.088280439376831,0.4081747531890869,32.210209287264014,161.0510464363201,127,2.247191011235955,relaxed
l,1759733126.6890748,0.1039574146270752,0.26473069190979,32.210209287264014,161.0510464363201,127,2.247191011235955,relaxed
d,1759733126.8085985,0.1677100658416748,0.1832764148712158,32.210209287264014,161.0510464363201,127,2.247191011235955,relaxed
s,1759733126.967856,0.1363770961761474,0.1279244422912597,32.210209287264014,161.0510464363201,127,2.247191011235955,relaxed
Key.space,1759733128.1921828,0.1513431072235107,1.239292860031128,32.210209287264014,161.0510464363201,127,2.247191011235955,relaxed
t,1759733128.664632,0.095383882522583,0.4164900779724121,32.210209287264014,161.0510464363201,127,2.247191011235955,relaxed
h,1759733128.8322325,0.1199591159820556,0.1921756267547607,32.210209287264014,161.0510464363201,127,2.247191011235955,relaxed
r,1759733128.9924612,0.0963315963745117,0.1366012096405029,32.210209287264014,161.0510464363201,127,2.247191011235955,relaxed
o,1759733129.184656,0.1192367076873779,0.2151000499725341,32.210209287264014,161.0510464363201,127,2.247191011235955,relaxed
u,1759733129.5444958,0.0800921916961669,0.320695161819458,32.210209287264014,161.0510464363201,127,2.247191011235955,relaxed
g,1759733129.848364,0.0799102783203125,0.3036861419677734,32.210209287264014,161.0510464363201,127,2.247191011235955,relaxed
h,1759733130.0238242,0.1358675956726074,0.2314176559448242,32.210209287264014,161.0510464363201,127,2.247191011235955,relaxed
Key.space,1759733130.5921829,0.1193470954895019,0.5518381595611572,32.210209287264014,161.0510464363201,127,2.247191011235955,relaxed
c,1759733130.8086855,0.1517534255981445,0.2489089965820312,32.210209287264014,161.0510464363201,127,2.247191011235955,relaxed
r,1759733131.0799055,0.0808806419372558,0.2003471851348877,32.210209287264014,161.0510464363201,127,2.247191011235955,relaxed
y,1759733131.440017,0.1046144962310791,0.3838453292846679,32.210209287264014,161.0510464363201,127,2.247191011235955,relaxed
p,1759733131.9445848,0.119380235671997,0.5193336009979248,32.210209287264014,161.0510464363201,127,2.247191011235955,relaxed
t,1759733132.192419,0.1124343872070312,0.2408883571624755,32.210209287264014,161.0510464363201,127,2.247191011235955,relaxed
i,1759733132.360715,0.1273024082183838,0.1831638813018798,32.210209287264014,161.0510464363201,127,2.247191011235955,relaxed
c,1759733132.5279412,0.136479377746582,0.1764032840728759,32.210209287264014,161.0510464363201,127,2.247191011235955,relaxed
Key.space,1759733132.776502,0.1356580257415771,0.247739553451538,32.210209287264014,161.0510464363201,127,2.247191011235955,relaxed
s,1759733133.2319295,0.1287932395935058,0.4485626220703125,32.210209287264014,161.0510464363201,127,2.247191011235955,relaxed
e,1759733133.4560058,0.1203563213348388,0.2156393527984619,32.210209287264014,161.0510464363201,127,2.247191011235955,relaxed
n,1759733133.70466,0.0954203605651855,0.2237181663513183,32.210209287264014,161.0510464363201,127,2.247191011235955,relaxed
s,1759733133.816027,0.136254072189331,0.152200698852539,32.210209287264014,161.0510464363201,127,2.247191011235955,relaxed
e,1759733134.024592,0.0953545570373535,0.1676654815673828,32.210209287264014,161.0510464363201,127,2.247191011235955,relaxed
Key.backspace,1759733135.5755117,0.1125037670135498,1.5680687427520752,32.210209287264014,161.0510464363201,127,2.247191011235955,relaxed
Key.backspace,1759733135.7839203,0.0805068016052246,0.1764118671417236,32.210209287264014,161.0510464363201,127,2.247191011235955,relaxed
Key.backspace,1759733135.9760735,0.0960407257080078,0.2076871395111084,32.210209287264014,161.0510464363201,127,2.247191011235955,relaxed
Key.backspace,1759733136.1044948,0.1356244087219238,0.1680049896240234,32.210209287264014,161.0510464363201,127,2.247191011235955,relaxed
c,1759733136.5764189,0.1843931674957275,0.5206928253173828,32.210209287264014,161.0510464363201,127,2.247191011235955,relaxed
e,1759733136.7683036,0.1200997829437255,0.1275913715362548,32.210209287264014,161.0510464363201,127,2.247191011235955,relaxed
n,1759733136.935898,0.103830337524414,0.151324987411499,32.210209287264014,161.0510464363201,127,2.247191011235955,relaxed
e,1759733137.1280348,0.0639948844909668,0.1523013114929199,32.210209287264014,161.0510464363201,127,2.247191011235955,relaxed
s,1759733137.3443978,0.1364498138427734,0.2888178825378418,32.210209287264014,161.0510464363201,127,2.247191011235955,relaxed
Key.space,1759733138.208279,0.1764154434204101,0.9038467407226562,32.210209287264014,161.0510464363201,127,2.247191011235955,relaxed
a,1759733138.4084618,0.1598613262176513,0.1836287975311279,32.210209287264014,161.0510464363201,127,2.247191011235955,relaxed
n,1759733138.584566,0.1117870807647705,0.1280298233032226,32.210209287264014,161.0510464363201,127,2.247191011235955,relaxed
d,1759733138.6720178,0.1201114654541015,0.0957763195037841,32.210209287264014,161.0510464363201,127,2.247191011235955,relaxed
Key.space,1759733138.8326292,0.1038157939910888,0.1443157196044922,32.210209287264014,161.0510464363201,127,2.247191011235955,relaxed
f,1759733139.008964,0.1352508068084716,0.2077698707580566,32.210209287264014,161.0510464363201,127,2.247191011235955,relaxed
r,1759733139.1600027,0.128042459487915,0.1438302993774414,32.210209287264014,161.0510464363201,127,2.247191011235955,relaxed
a,1759733139.6637335,0.160236120223999,0.5359246730804443,32.210209287264014,161.0510464363201,127,2.247191011235955,relaxed
g,1759733140.3443274,0.1116881370544433,0.6320457458496094,32.210209287264014,161.0510464363201,127,2.247191011235955,relaxed
m,1759733140.6085043,0.046872854232788,0.1993618011474609,32.210209287264014,161.0510464363201,127,2.247191011235955,relaxed
e,1759733140.6962547,0.1197237968444824,0.1606011390686035,32.210209287264014,161.0510464363201,127,2.247191011235955,relaxed
n,1759733140.9040756,0.1120257377624511,0.2001228332519531,32.210209287264014,161.0510464363201,127,2.247191011235955,relaxed
t,1759733141.1520782,0.0882959365844726,0.2242727279663086,32.210209287264014,161.0510464363201,127,2.247191011235955,relaxed
e,1759733141.3277848,0.1128261089324951,0.2002367973327636,32.210209287264014,161.0510464363201,127,2.247191011235955,relaxed
d,1759733141.4964347,0.1359326839447021,0.1917564868927002,32.210209287264014,161.0510464363201,127,2.247191011235955,relaxed
Key.space,1759733142.455811,0.1200761795043945,0.9435198307037354,32.210209287264014,161.0510464363201,127,2.247191011235955,relaxed
l,1759733143.3758757,0.1044037342071533,0.9043920040130616,32.210209287264014,161.0510464363201,127,2.247191011235955,relaxed
o,1759733143.6477404,0.1041913032531738,0.2716524600982666,32.210209287264014,161.0510464363201,127,2.247191011235955,relaxed
r,1759733143.8320572,0.1445393562316894,0.2246649265289306,32.210209287264014,161.0510464363201,127,2.247191011235955,relaxed
e,1759733143.9527624,0.1354918479919433,0.1116576194763183,32.210209287264014,161.0510464363201,127,2.247191011235955,relaxed
Key.space,1759733144.448406,0.1116731166839599,0.4718248844146728,32.210209287264014,161.0510464363201,127,2.247191011235955,relaxed
a,1759733144.616533,0.1515674591064453,0.2080214023590088,32.210209287264014,161.0510464363201,127,2.247191011235955,relaxed
s,1759733144.7126205,0.1515305042266845,0.0960502624511718,32.210209287264014,161.0510464363201,127,2.247191011235955,relaxed
Key.space,1759733144.9844668,0.1435878276824951,0.2639038562774658,32.210209287264014,161.0510464363201,127,2.247191011235955,relaxed
t,1759733145.2640035,0.128615140914917,0.264564037322998,32.210209287264014,161.0510464363201,127,2.247191011235955,relaxed
h,1759733145.45638,0.10396409034729,0.1677255630493164,32.210209287264014,161.0510464363201,127,2.247191011235955,relaxed
e,1759733145.561342,0.1426355838775634,0.1436333656311035,32.210209287264014,161.0510464363201,127,2.247191011235955,relaxed
Key.space,1759733145.7600129,0.1121001243591308,0.168135404586792,32.210209287264014,161.0510464363201,127,2.247191011235955,relaxed
p,1759733146.383737,0.1362717151641845,0.6478958129882812,32.210209287264014,161.0510464363201,127,2.247191011235955,relaxed
r,1759733146.5280128,0.0959639549255371,0.1039679050445556,32.210209287264014,161.0510464363201,127,2.247191011235955,relaxed
o,1759733146.7206943,0.0712356567382812,0.1679534912109375,32.210209287264014,161.0510464363201,127,2.247191011235955,relaxed
t,1759733147.0002532,0.0803663730621337,0.288689374923706,32.210209287264014,161.0510464363201,127,2.247191011235955,relaxed
a,1759733147.1842008,0.1360073089599609,0.2395884990692138,32.210209287264014,161.0510464363201,127,2.247191011235955,relaxed
g,1759733147.416343,0.1356804370880127,0.2318153381347656,32.210209287264014,161.0510464363201,127,2.247191011235955,relaxed
o,1759733147.728927,0.0874507427215576,0.2643542289733886,32.210209287264014,161.0510464363201,127,2.247191011235955,relaxed
n,1759733147.9442308,0.1037635803222656,0.231616735458374,32.210209287264014,161.0510464363201,127,2.247191011235955,relaxed
i,1759733148.1526058,0.1031148433685302,0.207726240158081,32.210209287264014,161.0510464363201,127,2.247191011235955,relaxed
s,1759733148.2487032,0.1443986892700195,0.1373813152313232,32.210209287264014,161.0510464363201,127,2.247191011235955,relaxed
t,1759733148.608545,0.1517047882080078,0.3671479225158691,32.210209287264014,161.0510464363201,127,2.247191011235955,relaxed
Key.space,1759733149.00006,0.1681907176971435,0.4080009460449219,32.210209287264014,161.0510464363201,127,2.247191011235955,relaxed
p,1759733152.9205291,0.1036989688873291,3.855977296829224,32.210209287264014,161.0510464363201,127,2.247191011235955,relaxed
u,1759733153.2800653,0.1044175624847412,0.3602547645568847,32.210209287264014,161.0510464363201,127,2.247191011235955,relaxed
s,1759733153.424008,0.1764059066772461,0.2159311771392822,32.210209287264014,161.0510464363201,127,2.247191011235955,relaxed
h,1759733153.5923922,0.128126859664917,0.1201050281524658,32.210209287264014,161.0510464363201,127,2.247191011235955,relaxed
e,1759733153.7601228,0.11967134475708,0.1592750549316406,32.210209287264014,161.0510464363201,127,2.247191011235955,relaxed
s,1759733154.0404885,0.1684956550598144,0.3291900157928467,32.210209287264014,161.0510464363201,127,2.247191011235955,relaxed
Key.space,1759733154.5520127,0.1280326843261718,0.4710612297058105,32.210209287264014,161.0510464363201,127,2.247191011235955,relaxed
p,1759733155.4249494,0.0791046619415283,0.8240087032318115,32.210209287264014,161.0510464363201,127,2.247191011235955,relaxed
a,1759733155.5597897,0.1766161918640136,0.2323517799377441,32.210209287264014,161.0510464363201,127,2.247191011235955,relaxed
s,1759733155.680445,0.175485610961914,0.1195247173309326,32.210209287264014,161.0510464363201,127,2.247191011235955,relaxed
t,1759733156.104619,0.1438589096069336,0.3925473690032959,32.210209287264014,161.0510464363201,127,2.247191011235955,relaxed
Key.space,1759733156.311829,0.1441824436187744,0.2075338363647461,32.210209287264014,161.0510464363201,127,2.247191011235955,relaxed
t,1759733156.472245,0.0801858901977539,0.0964190959930419,32.210209287264014,161.0510464363201,127,2.247191011235955,relaxed
h,1759733156.6398942,0.1444015502929687,0.2318649291992187,32.210209287264014,161.0510464363201,127,2.247191011235955,relaxed
e,1759733156.816896,0.1194353103637695,0.1520354747772216,32.210209287264014,161.0510464363201,127,2.247191011235955,relaxed
Key.space,1759733156.984305,0.1273419857025146,0.1753156185150146,32.210209287264014,161.0510464363201,127,2.247191011235955,relaxed
i,1759733157.5037642,0.088914155960083,0.4810314178466797,32.210209287264014,161.0510464363201,127,2.247191011235955,relaxed
l,1759733157.8963902,0.0559518337249755,0.359663724899292,32.210209287264014,161.0510464363201,127,2.247191011235955,relaxed
l,1759733158.0802643,0.0805413722991943,0.2084636688232422,32.210209287264014,161.0510464363201,127,2.247191011235955,relaxed
u,1759733158.415673,0.0968754291534423,0.3517427444458008,32.210209287264014,161.0510464363201,127,2.247191011235955,relaxed
s,1759733158.6245935,0.1282992362976074,0.2403442859649658,32.210209287264014,161.0510464363201,127,2.247191011235955,relaxed
i,1759733158.6968164,0.0948328971862793,0.0387566089630126,32.210209287264014,161.0510464363201,127,2.247191011235955,relaxed
o,1759733159.208078,0.1277797222137451,0.544208288192749,32.210209287264014,161.0510464363201,127,2.247191011235955,relaxed
n,1759733159.4478076,0.1043543815612793,0.2163043022155761,32.210209287264014,161.0510464363201,127,2.247191011235955,relaxed
s,1759733159.6006172,0.135685920715332,0.1841411590576172,32.210209287264014,161.0510464363201,127,2.247191011235955,relaxed
Key.space,1759733160.4159093,0.160104751586914,0.8397109508514404,32.210209287264014,161.0510464363201,127,2.247191011235955,relaxed
o,1759733161.4084766,0.1276524066925048,0.9601149559020996,32.210209287264014,161.0510464363201,127,2.247191011235955,relaxed
f,1759733161.6083283,0.1120147705078125,0.1842141151428222,32.210209287264014,161.0510464363201,127,2.247191011235955,relaxed
Key.space,1759733161.7521136,0.1520721912384033,0.183842658996582,32.210209287264014,161.0510464363201,127,2.247191011235955,relaxed
t,1759733161.9358733,0.1284651756286621,0.1601526737213134,32.210209287264014,161.0510464363201,127,2.247191011235955,relaxed
h,1759733162.1440146,0.1043291091918945,0.1840052604675293,32.210209287264014,161.0510464363201,127,2.247191011235955,relaxed
e,1759733162.264475,0.1120312213897705,0.1281628608703613,32.210209287264014,161.0510464363201,127,2.247191011235955,relaxed
Key.space,1759733162.45632,0.128040075302124,0.2078535556793213,32.210209287264014,161.0510464363201,127,2.247191011235955,relaxed
c,1759733162.7920885,0.1207625865936279,0.3284909725189209,32.210209287264014,161.0510464363201,127,2.247191011235955,relaxed
i,1759733162.9926336,0.1195399761199951,0.1993224620819091,32.210209287264014,161.0510464363201,127,2.247191011235955,relaxed
t,1759733163.2727392,0.0870125293731689,0.2475781440734863,32.210209287264014,161.0510464363201,127,2.247191011235955,relaxed
y,1759733163.5368285,0.0799798965454101,0.257056713104248,32.210209287264014,161.0510464363201,127,2.247191011235955,relaxed
Key.space,1759733163.8321888,0.1040701866149902,0.3194506168365478,32.210209287264014,161.0510464363201,127,2.247191011235955,relaxed
c,1759733164.279674,0.1364660263061523,0.4798810482025146,32.210209287264014,161.0510464363201,127,2.247191011235955,relaxed
l,1759733164.616496,0.1678292751312255,0.36818528175354,32.210209287264014,161.0510464363201,127,2.247191011235955,relaxed
a,1759733165.3527577,0.1202352046966552,0.6886672973632812,32.210209287264014,161.0510464363201,127,2.247191011235955,relaxed
i,1759733165.4962902,0.1361896991729736,0.159487247467041,32.210209287264014,161.0510464363201,127,2.247191011235955,relaxed
m,1759733166.040627,0.1112945079803466,0.5194416046142578,32.210209287264014,161.0510464363201,127,2.247191011235955,relaxed
s,1759733166.272059,0.1529040336608886,0.2730414867401123,32.210209287264014,161.0510464363201,127,2.247191011235955,relaxed
Key.space,1759733166.5039904,0.1037013530731201,0.1827287673950195,32.210209287264014,161.0510464363201,127,2.247191011235955,relaxed
t,1759733167.5686018,0.111936330795288,1.0728464126586914,32.210209287264014,161.0510464363201,127,2.247191011235955,relaxed
h,1759733167.7281404,0.1358931064605713,0.183495283126831,32.210209287264014,161.0510464363201,127,2.247191011235955,relaxed
e,1759733167.8958914,0.1124627590179443,0.1443207263946533,32.210209287264014,161.0510464363201,127,2.247191011235955,relaxed
Key.space,1759733168.0319536,0.1116125583648681,0.1352119445800781,32.210209287264014,161.0510464363201,127,2.247191011235955,relaxed
b,1759733168.928841,0.0794963836669921,0.8647713661193848,32.210209287264014,161.0510464363201,127,2.247191011235955,relaxed
l,1759733169.232713,0.0793642997741699,0.3037397861480713,32.210209287264014,161.0510464363201,127,2.247191011235955,relaxed
o,1759733169.472675,0.1033735275268554,0.2639715671539306,32.210209287264014,161.0510464363201,127,2.247191011235955,relaxed
o,1759733169.7117248,0.0727057456970214,0.2083816528320312,32.210209287264014,161.0510464363201,127,2.247191011235955,relaxed
d,1759733169.911874,0.111783742904663,0.239227294921875,32.210209287264014,161.0510464363201,127,2.247191011235955,relaxed
Key.space,1759733170.143441,0.1128480434417724,0.2326312065124511,32.210209287264014,161.0510464363201,127,2.247191011235955,relaxed
e,1759733170.3120506,0.1283471584320068,0.1841087341308593,32.210209287264014,161.0510464363201,127,2.247191011235955,relaxed
c,1759733170.5764494,0.1523616313934326,0.2884132862091064,32.210209287264014,161.0510464363201,127,2.247191011235955,relaxed
h,1759733170.8163135,0.0804207324981689,0.1679232120513916,32.210209287264014,161.0510464363201,127,2.247191011235955,relaxed
o,1759733171.0881488,0.087717056274414,0.2791316509246826,32.210209287264014,161.0510464363201,127,2.247191011235955,relaxed
e,1759733171.1607866,0.1197681427001953,0.1046888828277587,32.210209287264014,161.0510464363201,127,2.247191011235955,relaxed
s,1759733171.4240043,0.1201212406158447,0.2635707855224609,32.210209287264014,161.0510464363201,127,2.247191011235955,relaxed
Key.space,1759733171.6240604,0.1279611587524414,0.2078959941864013,32.210209287264014,161.0510464363201,127,2.247191011235955,relaxed
o,1759733172.167992,0.1120171546936035,0.5279874801635742,32.210209287264014,161.0510464363201,127,2.247191011235955,relaxed
f,1759733172.296517,0.1279001235961914,0.1444079875946045,32.210209287264014,161.0510464363201,127,2.247191011235955,relaxed
Key.space,1759733172.560145,0.1196076869964599,0.2553355693817138,32.210209287264014,161.0510464363201,127,2.247191011235955,relaxed
d,1759733172.744686,0.143273115158081,0.2082066535949707,32.210209287264014,161.0510464363201,127,2.247191011235955,relaxed
e,1759733172.864462,0.1434326171875,0.1199355125427246,32.210209287264014,161.0510464363201,127,2.247191011235955,relaxed
f,1759733174.072199,0.0963411331176757,1.1606457233428955,32.210209287264014,161.0510464363201,127,2.247191011235955,relaxed
e,1759733174.3041694,0.1363706588745117,0.2719995975494385,32.210209287264014,161.0510464363201,127,2.247191011235955,relaxed
a,1759733174.5366678,0.1365528106689453,0.2326805591583252,32.210209287264014,161.0510464363201,127,2.247191011235955,relaxed
t,1759733175.5844014,0.1354525089263916,1.046633243560791,32.210209287264014,161.0510464363201,127,2.247191011235955,relaxed
e,1759733175.7605493,0.1355443000793457,0.1762397289276123,32.210209287264014,161.0510464363201,127,2.247191011235955,relaxed
d,1759733175.9036956,0.1203136444091796,0.127915620803833,32.210209287264014,161.0510464363201,127,2.247191011235955,relaxed
Key.space,1759733176.0325391,0.1272993087768554,0.135829210281372,32.210209287264014,161.0510464363201,127,2.247191011235955,relaxed
m,1759733176.4565842,0.1034753322601318,0.4002211093902588,32.210209287264014,161.0510464363201,127,2.247191011235955,relaxed
o,1759733176.6971722,0.0712647438049316,0.2083773612976074,32.210209287264014,161.0510464363201,127,2.247191011235955,relaxed
n,1759733176.8883452,0.1197166442871093,0.2396249771118164,32.210209287264014,161.0510464363201,127,2.247191011235955,relaxed
s,1759733177.0161417,0.152390718460083,0.1604704856872558,32.210209287264014,161.0510464363201,127,2.247191011235955,relaxed
t,1759733177.336694,0.1035399436950683,0.2717015743255615,32.210209287264014,161.0510464363201,127,2.247191011235955,relaxed
e,1759733177.4970908,0.1276476383209228,0.1845045089721679,32.210209287264014,161.0510464363201,127,2.247191011235955,relaxed
r,1759733177.6564326,0.0961334705352783,0.1278276443481445,32.210209287264014,161.0510464363201,127,2.247191011235955,relaxed
s,1759733177.871521,0.1290066242218017,0.2479615211486816,32.210209287264014,161.0510464363201,127,2.247191011235955,relaxed
Key.space,1759733183.4957116,0.0883710384368896,5.583554983139038,32.210209287264014,161.0510464363201,127,2.247191011235955,relaxed
a,1759733183.975936,0.1442270278930664,0.5360803604125977,32.210209287264014,161.0510464363201,127,2.247191011235955,relaxed
n,1759733184.1922345,0.1282098293304443,0.2002813816070556,32.210209287264014,161.0510464363201,127,2.247191011235955,relaxed
d,1759733184.311933,0.1041665077209472,0.0956552028656005,32.210209287264014,161.0510464363201,127,2.247191011235955,relaxed
Key.space,1759733184.512335,0.1434087753295898,0.2396442890167236,32.210209287264014,161.0510464363201,127,2.247191011235955,relaxed
u,1759733185.40037,0.1196379661560058,0.8642642498016357,32.210209287264014,161.0510464363201,127,2.247191011235955,relaxed
n,1759733186.287638,0.1049449443817138,0.8725748062133789,32.210209287264014,161.0510464363201,127,2.247191011235955,relaxed
v,1759733186.4245863,0.1194288730621337,0.1514322757720947,32.210209287264014,161.0510464363201,127,2.247191011235955,relaxed
e,1759733186.7123537,0.0873241424560546,0.2556624412536621,32.210209287264014,161.0510464363201,127,2.247191011235955,relaxed
i,1759733186.9599702,0.0242292881011962,0.1845219135284423,32.210209287264014,161.0510464363201,127,2.247191011235955,relaxed
l,1759733187.1995409,0.1367337703704834,0.3520750999450683,32.210209287264014,161.0510464363201,127,2.247191011235955,relaxed
s,1759733187.3602962,0.1601243019104004,0.1841459274291992,32.210209287264014,161.0510464363201,127,2.247191011235955,relaxed
Key.space,1759733188.0960069,0.160203218460083,0.7357895374298096,32.210209287264014,161.0510464363201,127,2.247191011235955,relaxed
t,1759733188.400485,0.0796236991882324,0.2238986492156982,32.210209287264014,161.0510464363201,127,2.247191011235955,relaxed
h,1759733188.5200157,0.1442708969116211,0.1841778755187988,32.210209287264014,161.0510464363201,127,2.247191011235955,relaxed
e,1759733188.672341,0.1281714439392089,0.136225938796997,32.210209287264014,161.0510464363201,127,2.247191011235955,relaxed
Key.space,1759733188.8076658,0.1197903156280517,0.1269435882568359,32.210209287264014,161.0510464363201,127,2.247191011235955,relaxed
d,1759733188.9598222,0.1364016532897949,0.1687676906585693,32.210209287264014,161.0510464363201,127,2.247191011235955,relaxed
i,1759733189.2321718,0.1281204223632812,0.2640683650970459,32.210209287264014,161.0510464363201,127,2.247191011235955,relaxed
s,1759733189.7201066,0.1205866336822509,0.4804010391235351,32.210209287264014,161.0510464363201,127,2.247191011235955,relaxed
t,1759733189.8882997,0.1285278797149658,0.1761341094970703,32.210209287264014,161.0510464363201,127,2.247191011235955,relaxed
u,1759733190.1760976,0.1205146312713623,0.2797849178314209,32.210209287264014,161.0510464363201,127,2.247191011235955,relaxed
r,1759733190.303712,0.0888020992279052,0.0959017276763916,32.210209287264014,161.0510464363201,127,2.247191011235955,relaxed
b,1759733190.7358105,0.1202027797698974,0.4634990692138672,32.210209287264014,161.0510464363201,127,2.247191011235955,relaxed
i,1759733191.016284,0.2235445976257324,0.3838155269622803,32.210209287264014,161.0510464363201,127,2.247191011235955,relaxed
n,1759733191.2243688,0.143848180770874,0.1283884048461914,32.210209287264014,161.0510464363201,127,2.247191011235955,relaxed
g,1759733191.352476,0.1042404174804687,0.0884993076324462,32.210209287264014,161.0510464363201,127,2.247191011235955,relaxed
Key.space,1759733191.912235,0.1844041347503662,0.6399228572845459,32.210209287264014,161.0510464363201,127,2.247191011235955,relaxed
t,1759733192.456318,0.1036200523376464,0.463299036026001,32.210209287264014,161.0510464363201,127,2.247191011235955,relaxed
r,1759733192.7044168,0.0957353115081787,0.2402138710021972,32.210209287264014,161.0510464363201,127,2.247191011235955,relaxed
u,1759733193.0884206,0.159510850906372,0.4477794170379638,32.210209287264014,161.0510464363201,127,2.247191011235955,relaxed
t,1759733193.2884872,0.095468521118164,0.1360242366790771,32.210209287264014,161.0510464363201,127,2.247191011235955,relaxed
h,1759733193.4316423,0.1283833980560302,0.1760702133178711,32.210209287264014,161.0510464363201,127,2.247191011235955,relaxed
Key.space,1759733193.6399412,0.1436612606048584,0.223576545715332,32.210209287264014,161.0510464363201,127,2.247191011235955,relaxed
b,1759733194.392609,0.1352336406707763,0.7442400455474854,32.210209287264014,161.0510464363201,127,2.247191011235955,relaxed
e,1759733194.5124362,0.1040551662445068,0.0886487960815429,32.210209287264014,161.0510464363201,127,2.247191011235955,relaxed
h,1759733194.680459,0.1116189956665039,0.1755867004394531,32.210209287264014,161.0510464363201,127,2.247191011235955,relaxed
i,1759733194.9277492,0.1848375797271728,0.3205087184906006,32.210209287264014,161.0510464363201,127,2.247191011235955,relaxed
n,1759733195.1282935,0.1363866329193115,0.1520934104919433,32.210209287264014,161.0510464363201,127,2.247191011235955,relaxed
d,1759733195.3608832,0.1036174297332763,0.1998205184936523,32.210209287264014,161.0510464363201,127,2.247191011235955,relaxed
Key.space,1759733195.8802016,0.168267011642456,0.583967924118042,32.210209287264014,161.0510464363201,127,2.247191011235955,relaxed
t,1759733196.2159529,0.1209409236907959,0.2884252071380615,32.210209287264014,161.0510464363201,127,2.247191011235955,relaxed
h,1759733196.3684754,0.1354763507843017,0.167057991027832,32.210209287264014,161.0510464363201,127,2.247191011235955,relaxed
e,1759733196.5049512,0.1193721294403076,0.1203715801239013,32.210209287264014,161.0510464363201,127,2.247191011235955,relaxed
Key.space,1759733196.631986,0.1278190612792968,0.1354818344116211,32.210209287264014,161.0510464363201,127,2.247191011235955,relaxed
v,1759733196.8806405,0.0962684154510498,0.2171034812927246,32.210209287264014,161.0510464363201,127,2.247191011235955,relaxed
a,1759733197.1124065,0.1516921520233154,0.2871899604797363,32.210209287264014,161.0510464363201,127,2.247191011235955,relaxed
n,1759733197.3834586,0.1048858165740966,0.2242457866668701,32.210209287264014,161.0510464363201,127,2.247191011235955,relaxed
i,1759733197.640619,0.0882315635681152,0.2405061721801757,32.210209287264014,161.0510464363201,127,2.247191011235955,relaxed
s,1759733197.7683532,0.1037845611572265,0.143287181854248,32.210209287264014,161.0510464363201,127,2.247191011235955,relaxed
h,1759733197.919752,0.08123779296875,0.1288518905639648,32.210209287264014,161.0510464363201,127,2.247191011235955,relaxed
i,1759733198.1436236,0.1125893592834472,0.255223274230957,32.210209287264014,161.0510464363201,127,2.247191011235955,relaxed
n,1759733198.313034,0.1358740329742431,0.192695140838623,32.210209287264014,161.0510464363201,127,2.247191011235955,relaxed
g,1759733198.464299,0.0963494777679443,0.1117403507232666,32.210209287264014,161.0510464363201,127,2.247191011235955,relaxed
Key.space,1759733202.6557734,0.1445026397705078,4.2396275997161865,32.210209287264014,161.0510464363201,127,2.247191011235955,relaxed
l,1759733202.7917132,0.0889794826507568,0.0804166793823242,32.210209287264014,161.0510464363201,127,2.247191011235955,relaxed
i,1759733203.0162675,0.1354796886444091,0.2710545063018799,32.210209287264014,161.0510464363201,127,2.247191011235955,relaxed
n,1759733203.2563837,0.1122090816497802,0.2168455123901367,32.210209287264014,161.0510464363201,127,2.247191011235955,relaxed
e,1759733203.3762238,0.1201865673065185,0.1278176307678222,32.210209287264014,161.0510464363201,127,2.247191011235955,relaxed
Key.space,1759733203.656489,0.1352720260620117,0.2953503131866455,32.210209287264014,161.0510464363201,127,2.247191011235955,relaxed
b,1759733205.527723,0.1526947021484375,1.888657093048096,32.210209287264014,161.0510464363201,127,2.247191011235955,relaxed
e,1759733205.736009,0.1441307067871093,0.1997218132019043,32.210209287264014,161.0510464363201,127,2.247191011235955,relaxed
t,1759733206.0802534,0.1120469570159912,0.3121607303619385,32.210209287264014,161.0510464363201,127,2.247191011235955,relaxed
w,1759733206.6879883,0.1360459327697754,0.6317341327667236,32.210209287264014,161.0510464363201,127,2.247191011235955,relaxed
e,1759733206.904468,0.1044156551361084,0.1848492622375488,32.210209287264014,161.0510464363201,127,2.247191011235955,relaxed
e,1759733207.087922,0.0884821414947509,0.167520523071289,32.210209287264014,161.0510464363201,127,2.247191011235955,relaxed
b,1759733207.5523942,0.15950608253479,0.5354959964752197,32.210209287264014,161.0510464363201,127,2.247191011235955,relaxed
Key.space,1759733207.9836874,0.1117668151855468,0.3835539817810058,32.210209287264014,161.0510464363201,127,2.247191011235955,relaxed
Key.backspace,1759733210.7201438,0.1360280513763427,2.7607176303863525,32.210209287264014,161.0510464363201,127,2.247191011235955,relaxed
Key.backspace,1759733211.51206,0.1126596927642822,0.768547773361206,32.210209287264014,161.0510464363201,127,2.247191011235955,relaxed
n,1759733212.0798433,0.0969080924987793,0.5520317554473877,32.210209287264014,161.0510464363201,127,2.247191011235955,relaxed
Key.space,1759733212.304197,0.1440298557281494,0.2714755535125732,32.210209287264014,161.0510464363201,127,2.247191011235955,relaxed
m,1759733212.7281716,0.1516082286834716,0.4315528869628906,32.210209287264014,161.0510464363201,127,2.247191011235955,relaxed
a,1759733212.9604256,0.1844875812530517,0.2651333808898926,32.210209287264014,161.0510464363201,127,2.247191011235955,relaxed
n,1759733213.1842809,0.1440014839172363,0.1833691596984863,32.210209287264014,161.0510464363201,127,2.247191011235955,relaxed
Key.space,1759733213.535817,0.1048042774200439,0.3123385906219482,32.210209287264014,161.0510464363201,127,2.247191011235955,relaxed
a,1759733214.023978,0.1682956218719482,0.5516526699066162,32.210209287264014,161.0510464363201,127,2.247191011235955,relaxed
n,1759733214.2322285,0.1363732814788818,0.1763281822204589,32.210209287264014,161.0510464363201,127,2.247191011235955,relaxed
d,1759733214.400639,0.1032702922821044,0.1353075504302978,32.210209287264014,161.0510464363201,127,2.247191011235955,relaxed
Key.space,1759733214.5999415,0.1202588081359863,0.2162909507751464,32.210209287264014,161.0510464363201,127,2.247191011235955,relaxed
b,1759733215.0726404,0.1363172531127929,0.4887573719024658,32.210209287264014,161.0510464363201,127,2.247191011235955,relaxed
e,1759733215.25657,0.136476993560791,0.1840894222259521,32.210209287264014,161.0510464363201,127,2.247191011235955,relaxed
a,1759733215.4165847,0.2154569625854492,0.2389945983886718,32.210209287264014,161.0510464363201,127,2.247191011235955,relaxed
s,1759733215.616271,0.1677188873291015,0.1519482135772705,32.210209287264014,161.0510464363201,127,2.247191011235955,relaxed
t,1759733216.2320054,0.1119725704193115,0.5599880218505859,32.210209287264014,161.0510464363201,127,2.247191011235955,relaxed
Key.space,1759733216.816439,0.1834161281585693,0.655876874923706,32.210209287264014,161.0510464363201,127,2.247191011235955,relaxed
Key.backspace,1759733218.903592,0.2084910869598388,2.1122283935546875,32.210209287264014,161.0510464363201,127,2.247191011235955,relaxed
.,1759733221.1524763,0.0795326232910156,2.119925737380981,32.210209287264014,161.0510464363201,127,2.247191011235955,relaxed
Y,1759733221.6878607,0.1287097930908203,0.5845615863800049,32.210209287264014,161.0510464363201,127,2.247191011235955,relaxed
Key.shift,1759733221.3601973,0.6716609001159668,0.2152876853942871,32.210209287264014,161.0510464363201,127,2.247191011235955,relaxed
Key.backspace,1759733222.1842182,0.1038825511932373,0.2562425136566162,32.210209287264014,161.0510464363201,127,2.247191011235955,relaxed
U,1759733222.56095,0.0953657627105712,0.3682150840759277,32.210209287264014,161.0510464363201,127,2.247191011235955,relaxed
Key.shift,1759733222.375702,0.3357763290405273,0.0551624298095703,32.210209287264014,161.0510464363201,127,2.247191011235955,relaxed
l,1759733222.9284904,0.1271824836730957,0.3441946506500244,32.210209287264014,161.0510464363201,127,2.247191011235955,relaxed
t,1759733223.9360087,0.1283144950866699,1.008650302886963,32.210209287264014,161.0510464363201,127,2.247191011235955,relaxed
i,1759733224.1365554,0.1200270652770996,0.1922593116760254,32.210209287264014,161.0510464363201,127,2.247191011235955,relaxed
m,1759733224.3119843,0.136472463607788,0.1918742656707763,32.210209287264014,161.0510464363201,127,2.247191011235955,relaxed
a,1759733224.4564564,0.1435267925262451,0.1515264511108398,32.210209287264014,161.0510464363201,127,2.247191011235955,relaxed
t,1759733224.8161864,0.1199090480804443,0.3361122608184814,32.210209287264014,161.0510464363201,127,2.247191011235955,relaxed
e,1759733225.0078652,0.1274614334106445,0.1992311477661132,32.210209287264014,161.0510464363201,127,2.247191011235955,relaxed
l,1759733225.160217,0.136012315750122,0.160902738571167,32.210209287264014,161.0510464363201,127,2.247191011235955,relaxed
y,1759733225.600239,0.1440470218658447,0.448056697845459,32.210209287264014,161.0510464363201,127,2.247191011235955,relaxed
Key.space,1759733226.583999,0.1364147663116455,0.9761273860931396,32.210209287264014,161.0510464363201,127,2.247191011235955,relaxed
t,1759733227.1523666,0.1041345596313476,0.5360877513885498,32.210209287264014,161.0510464363201,127,2.247191011235955,relaxed
h,1759733227.328534,0.119492769241333,0.1915256977081298,32.210209287264014,161.0510464363201,127,2.247191011235955,relaxed
e,1759733227.4634354,0.0965638160705566,0.1119723320007324,32.210209287264014,161.0510464363201,127,2.247191011235955,relaxed
Key.space,1759733227.5920236,0.1357073783874511,0.167731761932373,32.210209287264014,161.0510464363201,127,2.247191011235955,relaxed
Key.shift,1759733227.7599175,0.2084279060363769,0.240614652633667,32.210209287264014,161.0510464363201,127,2.247191011235955,relaxed
h,1759733227.328534,0.6883492469787598,0.0485377311706543,32.210209287264014,161.0510464363201,127,2.247191011235955,relaxed
u,1759733228.1519752,0.1284286975860595,0.2635204792022705,32.210209287264014,161.0510464363201,127,2.247191011235955,relaxed
n,1759733228.3044653,0.1514837741851806,0.1755452156066894,32.210209287264014,161.0510464363201,127,2.247191011235955,relaxed
t,1759733228.4881227,0.1207504272460937,0.1529240608215332,32.210209287264014,161.0510464363201,127,2.247191011235955,relaxed
e,1759733228.657116,0.1909668445587158,0.2392096519470214,32.210209287264014,161.0510464363201,127,2.247191011235955,relaxed
r,1759733228.840576,0.1193952560424804,0.1118884086608886,32.210209287264014,161.0510464363201,127,2.247191011235955,relaxed
Key.space,1759733230.480363,0.1671254634857177,1.687517166137695,32.210209287264014,161.0510464363201,127,2.247191011235955,relaxed
f,1759733230.7445552,0.1278891563415527,0.2249560356140136,32.210209287264014,161.0510464363201,127,2.247191011235955,relaxed
a,1759733230.9599116,0.1924619674682617,0.2799291610717773,32.210209287264014,161.0510464363201,127,2.247191011235955,relaxed
c,1759733231.2881126,0.1609857082366943,0.296724796295166,32.210209287264014,161.0510464363201,127,2.247191011235955,relaxed
e,1759733231.4803257,0.1038243770599365,0.1350517272949218,32.210209287264014,161.0510464363201,127,2.247191011235955,relaxed
s,1759733231.7282257,0.1036703586578369,0.2477457523345947,32.210209287264014,161.0510464363201,127,2.247191011235955,relaxed
Key.alt_l,1759733232.999786,0.2488605976104736,1.41675066947937,32.210209287264014,161.0510464363201,127,2.247191011235955,relaxed
Key.tab,1759733233.176442,0.1601052284240722,0.0879008769989013,32.210209287264014,161.0510464363201,127,2.247191011235955,relaxed
Key.tab,1759733234.295999,0.1765453815460205,1.1359970569610596,32.210209287264014,161.0510464363201,127,2.247191011235955,relaxed
Key.alt_l,1759733234.104119,1.0004770755767822,0.6320517063140869,32.210209287264014,161.0510464363201,127,2.247191011235955,relaxed
Key.tab,1759733235.0238388,0.1456015110015869,0.0648441314697265,32.210209287264014,161.0510464363201,127,2.247191011235955,relaxed
Key.esc,1759733237.3838863,0.120854377746582,2.3353004455566406,32.210209287264014,161.0510464363201,127,2.247191011235955,relaxed
Key.space,1759735946.1749663,0.126993179321289,4.919052362442017,33.84550750892461,169.22753754462303,92,2.295918367346939,relaxed
G,1759735946.799126,0.1113805770874023,0.6085469722747803,33.84550750892461,169.22753754462303,92,2.295918367346939,relaxed
Key.shift,1759735946.462313,0.4964394569396972,0.0482459068298339,33.84550750892461,169.22753754462303,92,2.295918367346939,relaxed
e,1759735947.350947,0.1036572456359863,0.4958517551422119,33.84550750892461,169.22753754462303,92,2.295918367346939,relaxed
r,1759735947.5822754,0.0318987369537353,0.1595699787139892,33.84550750892461,169.22753754462303,92,2.295918367346939,relaxed
Key.backspace,1759735948.2466648,0.1275365352630615,0.7600271701812744,33.84550750892461,169.22753754462303,92,2.295918367346939,relaxed
h,1759735948.7182014,0.0954906940460205,0.439490795135498,33.84550750892461,169.22753754462303,92,2.295918367346939,relaxed
r,1759735948.8544383,0.1038737297058105,0.1446201801300048,33.84550750892461,169.22753754462303,92,2.295918367346939,relaxed
m,1759735949.3989103,0.1192970275878906,0.5598952770233154,33.84550750892461,169.22753754462303,92,2.295918367346939,relaxed
a,1759735949.534246,0.1358020305633545,0.1518404483795166,33.84550750892461,169.22753754462303,92,2.295918367346939,relaxed
n,1759735949.7981946,0.103795051574707,0.2319416999816894,33.84550750892461,169.22753754462303,92,2.295918367346939,relaxed
Key.space,1759735950.2378435,0.1204915046691894,0.4563453197479248,33.84550750892461,169.22753754462303,92,2.295918367346939,relaxed
a,1759735950.3986397,0.1431646347045898,0.1834692955017089,33.84550750892461,169.22753754462303,92,2.295918367346939,relaxed
n,1759735951.3343873,0.1117124557495117,0.9042954444885254,33.84550750892461,169.22753754462303,92,2.295918367346939,relaxed
d,1759735951.486925,0.1195285320281982,0.1603536605834961,33.84550750892461,169.22753754462303,92,2.295918367346939,relaxed
Key.space,1759735951.5899825,0.1930956840515136,0.1766247749328613,33.84550750892461,169.22753754462303,92,2.295918367346939,relaxed
t,1759735951.878451,0.1123361587524414,0.2077090740203857,33.84550750892461,169.22753754462303,92,2.295918367346939,relaxed
h,1759735952.062296,0.1199450492858886,0.1914536952972412,33.84550750892461,169.22753754462303,92,2.295918367346939,relaxed
e,1759735952.2223816,0.1122207641601562,0.1523613929748535,33.84550750892461,169.22753754462303,92,2.295918367346939,relaxed
Key.space,1759735952.5504918,0.1513304710388183,0.3672199249267578,33.84550750892461,169.22753754462303,92,2.295918367346939,relaxed
c,1759735953.4543452,0.0883066654205322,0.840829610824585,33.84550750892461,169.22753754462303,92,2.295918367346939,relaxed
o,1759735953.590559,0.1444220542907714,0.1923291683197021,33.84550750892461,169.22753754462303,92,2.295918367346939,relaxed
s,1759735953.86236,0.0563228130340576,0.183701753616333,33.84550750892461,169.22753754462303,92,2.295918367346939,relaxed
m,1759735954.182969,0.1350934505462646,0.3993797302246094,33.84550750892461,169.22753754462303,92,2.295918367346939,relaxed
i,1759735954.4224164,0.120154857635498,0.2245087623596191,33.84550750892461,169.22753754462303,92,2.295918367346939,relaxed
c,1759735954.5436528,0.1026802062988281,0.1037616729736328,33.84550750892461,169.22753754462303,92,2.295918367346939,relaxed
Key.space,1759735954.773768,0.1282718181610107,0.255706787109375,33.84550750892461,169.22753754462303,92,2.295918367346939,relaxed
Key.shift,1759735955.894561,0.3833410739898681,1.3758623600006104,33.84550750892461,169.22753754462303,92,2.295918367346939,relaxed
o,1759735956.5020938,0.088224172592163,0.263211727142334,33.84550750892461,169.22753754462303,92,2.295918367346939,relaxed
o,1759735956.662533,0.0803596973419189,0.1525747776031494,33.84550750892461,169.22753754462303,92,2.295918367346939,relaxed
n,1759735958.278934,0.1037206649780273,1.6397619247436523,33.84550750892461,169.22753754462303,92,2.295918367346939,relaxed
Key.space,1759735959.3260837,0.1364936828613281,1.0799226760864258,33.84550750892461,169.22753754462303,92,2.295918367346939,relaxed
Key.shift,1759735959.5661998,0.2158901691436767,0.3195126056671142,33.84550750892461,169.22753754462303,92,2.295918367346939,relaxed
p,1759735960.0632093,0.1429786682128906,0.4240980148315429,33.84550750892461,169.22753754462303,92,2.295918367346939,relaxed
Key.backspace,1759735960.7504745,0.1514143943786621,0.6957008838653564,33.84550750892461,169.22753754462303,92,2.295918367346939,relaxed
Key.shift,1759735960.9499352,0.3768379688262939,0.4248843193054199,33.84550750892461,169.22753754462303,92,2.295918367346939,relaxed
p,1759735960.0632093,1.3034110069274902,0.0398471355438232,33.84550750892461,169.22753754462303,92,2.295918367346939,relaxed
r,1759735961.5266285,0.1352994441986084,0.2953076362609863,33.84550750892461,169.22753754462303,92,2.295918367346939,relaxed
e,1759735961.6547823,0.1195321083068847,0.1123864650726318,33.84550750892461,169.22753754462303,92,2.295918367346939,relaxed
s,1759735961.9108088,0.1114745140075683,0.2479689121246338,33.84550750892461,169.22753754462303,92,2.295918367346939,relaxed
e,1759735962.118205,0.1124300956726074,0.2083518505096435,33.84550750892461,169.22753754462303,92,2.295918367346939,relaxed
n,1759735962.2944832,0.1196653842926025,0.1835134029388427,33.84550750892461,169.22753754462303,92,2.295918367346939,relaxed
c,1759735962.517991,0.1527433395385742,0.2565858364105224,33.84550750892461,169.22753754462303,92,2.295918367346939,relaxed
e,1759735962.7508216,0.1198368072509765,0.1999239921569824,33.84550750892461,169.22753754462303,92,2.295918367346939,relaxed
Key.space,1759735963.0065887,0.1201057434082031,0.2560360431671142,33.84550750892461,169.22753754462303,92,2.295918367346939,relaxed
l,1759735963.822618,0.1595160961151123,0.8554396629333496,33.84550750892461,169.22753754462303,92,2.295918367346939,relaxed
e,1759735963.974207,0.1442492008209228,0.136322021484375,33.84550750892461,169.22753754462303,92,2.295918367346939,relaxed
a,1759735964.142483,0.1363470554351806,0.1603739261627197,33.84550750892461,169.22753754462303,92,2.295918367346939,relaxed
d,1759735964.3500235,0.1289653778076172,0.2001590728759765,33.84550750892461,169.22753754462303,92,2.295918367346939,relaxed
i,1759735964.470756,0.1601824760437011,0.151949405670166,33.84550750892461,169.22753754462303,92,2.295918367346939,relaxed
n,1759735964.654763,0.1437525749206543,0.1675770282745361,33.84550750892461,169.22753754462303,92,2.295918367346939,relaxed
g,1759735965.606324,0.1042816638946533,0.9120900630950928,33.84550750892461,169.22753754462303,92,2.295918367346939,relaxed
Key.space,1759735965.726144,0.1607029438018798,0.176241397857666,33.84550750892461,169.22753754462303,92,2.295918367346939,relaxed
t,1759735965.9185972,0.1359798908233642,0.1677300930023193,33.84550750892461,169.22753754462303,92,2.295918367346939,relaxed
o,1759735966.1348524,0.0953567028045654,0.1756319999694824,33.84550750892461,169.22753754462303,92,2.295918367346939,relaxed
Key.space,1759735966.3977742,0.0964858531951904,0.2640509605407715,33.84550750892461,169.22753754462303,92,2.295918367346939,relaxed
m,1759735968.0699463,0.1043426990509033,1.6800289154052734,33.84550750892461,169.22753754462303,92,2.295918367346939,relaxed
u,1759735968.3662643,0.0805273056030273,0.2725026607513428,33.84550750892461,169.22753754462303,92,2.295918367346939,relaxed
l,1759735969.3587458,0.1595113277435302,1.0714654922485352,33.84550750892461,169.22753754462303,92,2.295918367346939,relaxed
t,1759735969.6059492,0.0560059547424316,0.14369797706604,33.84550750892461,169.22753754462303,92,2.295918367346939,relaxed
i,1759735969.734329,0.0643758773803711,0.1367497444152832,33.84550750892461,169.22753754462303,92,2.295918367346939,relaxed
p,1759735969.942593,0.0961425304412841,0.2400310039520263,33.84550750892461,169.22753754462303,92,2.295918367346939,relaxed
l,1759735970.2387042,0.0874695777893066,0.2874379158020019,33.84550750892461,169.22753754462303,92,2.295918367346939,relaxed
e,1759735970.3822534,0.0880274772644043,0.1441071033477783,33.84550750892461,169.22753754462303,92,2.295918367346939,relaxed
Key.space,1759735970.7985053,0.1276588439941406,0.455883264541626,33.84550750892461,169.22753754462303,92,2.295918367346939,relaxed
p,1759735971.4303887,0.1117689609527587,0.6159934997558594,33.84550750892461,169.22753754462303,92,2.295918367346939,relaxed
o,1759735971.717971,0.0805099010467529,0.2563233375549316,33.84550750892461,169.22753754462303,92,2.295918367346939,relaxed
s,1759735971.87045,0.1033542156219482,0.1753232479095459,33.84550750892461,169.22753754462303,92,2.295918367346939,relaxed
s,1759735972.062484,0.0726821422576904,0.1613619327545166,33.84550750892461,169.22753754462303,92,2.295918367346939,relaxed
i,1759735972.2148037,0.0875239372253418,0.1671614646911621,33.84550750892461,169.22753754462303,92,2.295918367346939,relaxed
b,1759735972.422675,0.0804114341735839,0.2007584571838379,33.84550750892461,169.22753754462303,92,2.295918367346939,relaxed
l,1759735972.6707923,0.1114194393157959,0.2791256904602051,33.84550750892461,169.22753754462303,92,2.295918367346939,relaxed
e,1759735972.8068085,0.1038105487823486,0.1284072399139404,33.84550750892461,169.22753754462303,92,2.295918367346939,relaxed
Key.space,1759735972.9744065,0.1281723976135254,0.1919598579406738,33.84550750892461,169.22753754462303,92,2.295918367346939,relaxed
e,1759735973.598516,0.1673076152801513,0.6632447242736816,33.84550750892461,169.22753754462303,92,2.295918367346939,relaxed
n,1759735974.158586,0.1676106452941894,0.560373067855835,33.84550750892461,169.22753754462303,92,2.295918367346939,relaxed
d,1759735974.310233,0.1282556056976318,0.1122920513153076,33.84550750892461,169.22753754462303,92,2.295918367346939,relaxed
i,1759735974.5023024,0.1605398654937744,0.224353551864624,33.84550750892461,169.22753754462303,92,2.295918367346939,relaxed
n,1759735974.6860049,0.1201915740966796,0.1433541774749755,33.84550750892461,169.22753754462303,92,2.295918367346939,relaxed
g,1759735974.814371,0.0634443759918212,0.0716192722320556,33.84550750892461,169.22753754462303,92,2.295918367346939,relaxed
s,1759735975.5984075,0.1440558433532714,0.8646478652954102,33.84550750892461,169.22753754462303,92,2.295918367346939,relaxed
Key.space,1759735975.7664895,0.079890489578247,0.1039166450500488,33.84550750892461,169.22753754462303,92,2.295918367346939,relaxed
-,1759735976.071041,0.0799152851104736,0.3045761585235595,33.84550750892461,169.22753754462303,92,2.295918367346939,relaxed
Key.space,1759735976.310751,0.1113467216491699,0.2711412906646728,33.84550750892461,169.22753754462303,92,2.295918367346939,relaxed
i,1759735976.5260324,0.1601881980895996,0.2641229629516601,33.84550750892461,169.22753754462303,92,2.295918367346939,relaxed
n,1759735976.734119,0.1279237270355224,0.1758220195770263,33.84550750892461,169.22753754462303,92,2.295918367346939,relaxed
c,1759735976.90414,0.1022899150848388,0.1443872451782226,33.84550750892461,169.22753754462303,92,2.295918367346939,relaxed
l,1759735976.9983892,0.1199676990509033,0.1119270324707031,33.84550750892461,169.22753754462303,92,2.295918367346939,relaxed
u,1759735977.270533,0.0957088470458984,0.24788498878479,33.84550750892461,169.22753754462303,92,2.295918367346939,relaxed
d,1759735977.5507264,0.0962741374969482,0.2807586193084717,33.84550750892461,169.22753754462303,92,2.295918367346939,relaxed
i,1759735977.7098956,0.1761476993560791,0.2390427589416504,33.84550750892461,169.22753754462303,92,2.295918367346939,relaxed
n,1759735977.925874,0.1439607143402099,0.1837913990020752,33.84550750892461,169.22753754462303,92,2.295918367346939,relaxed
g,1759735978.0548298,0.0710151195526123,0.0560102462768554,33.84550750892461,169.22753754462303,92,2.295918367346939,relaxed
Key.space,1759735978.7417953,0.1682274341583252,0.7841777801513672,33.84550750892461,169.22753754462303,92,2.295918367346939,relaxed
b,1759735979.4060068,0.088226318359375,0.5842103958129883,33.84550750892461,169.22753754462303,92,2.295918367346939,relaxed
r,1759735979.550294,0.1595857143402099,0.2156465053558349,33.84550750892461,169.22753754462303,92,2.295918367346939,relaxed
e,1759735979.7023716,0.112001895904541,0.1044938564300537,33.84550750892461,169.22753754462303,92,2.295918367346939,relaxed
a,1759735979.9426506,0.1355929374694824,0.2638700008392334,33.84550750892461,169.22753754462303,92,2.295918367346939,relaxed
k,1759735980.0547743,0.0875365734100341,0.0640676021575927,33.84550750892461,169.22753754462303,92,2.295918367346939,relaxed
i,1759735980.2697957,0.1123998165130615,0.2398843765258789,33.84550750892461,169.22753754462303,92,2.295918367346939,relaxed
g,1759735980.5824234,0.0555255413055419,0.2557535171508789,33.84550750892461,169.22753754462303,92,2.295918367346939,relaxed
n,1759735980.5589056,0.0963997840881347,0.0173563957214355,33.84550750892461,169.22753754462303,92,2.295918367346939,relaxed
Key.space,1759735981.981945,0.1048448085784912,1.4314844608306885,33.84550750892461,169.22753754462303,92,2.295918367346939,relaxed
f,1759735982.2221944,0.1044449806213378,0.23984956741333,33.84550750892461,169.22753754462303,92,2.295918367346939,relaxed
r,1759735982.4392982,0.0631155967712402,0.175774335861206,33.84550750892461,169.22753754462303,92,2.295918367346939,relaxed
e,1759735982.6706924,0.0640566349029541,0.2323353290557861,33.84550750892461,169.22753754462303,92,2.295918367346939,relaxed
e,1759735982.8384538,0.0640513896942138,0.1677560806274414,33.84550750892461,169.22753754462303,92,2.295918367346939,relaxed
Key.space,1759735983.422166,0.1360554695129394,0.6557161808013916,33.84550750892461,169.22753754462303,92,2.295918367346939,relaxed
f,1759735983.8862708,0.127739667892456,0.4557890892028808,33.84550750892461,169.22753754462303,92,2.295918367346939,relaxed
r,1759735983.990655,0.0956907272338867,0.0723352432250976,33.84550750892461,169.22753754462303,92,2.295918367346939,relaxed
o,1759735984.1103854,0.1442065238952636,0.1682462692260742,33.84550750892461,169.22753754462303,92,2.295918367346939,relaxed
m,1759735984.389916,0.0800113677978515,0.2153353691101074,33.84550750892461,169.22753754462303,92,2.295918367346939,relaxed
Key.space,1759735984.590143,0.1606974601745605,0.2809131145477295,33.84550750892461,169.22753754462303,92,2.295918367346939,relaxed
t,1759735984.686585,0.1039087772369384,0.0396533012390136,33.84550750892461,169.22753754462303,92,2.295918367346939,relaxed
h,1759735984.9028034,0.1431782245635986,0.2554879188537597,33.84550750892461,169.22753754462303,92,2.295918367346939,relaxed
e,1759735985.0541434,0.1203241348266601,0.1284859180450439,33.84550750892461,169.22753754462303,92,2.295918367346939,relaxed
Key.space,1759735985.2379408,0.1360039710998535,0.1994771957397461,33.84550750892461,169.22753754462303,92,2.295918367346939,relaxed
e,1759735985.6221948,0.1521553993225097,0.4004054069519043,33.84550750892461,169.22753754462303,92,2.295918367346939,relaxed
t,1759735985.9189737,0.1111762523651123,0.2557997703552246,33.84550750892461,169.22753754462303,92,2.295918367346939,relaxed
e,1759735986.109836,0.104691743850708,0.1843776702880859,33.84550750892461,169.22753754462303,92,2.295918367346939,relaxed
r,1759735986.2223475,0.080029010772705,0.0878491401672363,33.84550750892461,169.22753754462303,92,2.295918367346939,relaxed
n,1759735986.406664,0.0962030887603759,0.2004902362823486,33.84550750892461,169.22753754462303,92,2.295918367346939,relaxed
a,1759735986.5267055,0.1276779174804687,0.1515166759490966,33.84550750892461,169.22753754462303,92,2.295918367346939,relaxed
l,1759735986.9507337,0.1364946365356445,0.4328446388244629,33.84550750892461,169.22753754462303,92,2.295918367346939,relaxed
Key.space,1759735988.4065754,0.1116180419921875,1.4309651851654053,33.84550750892461,169.22753754462303,92,2.295918367346939,relaxed
Key.shift,1759735988.6701944,0.1603515148162841,0.3123524188995361,33.84550750892461,169.22753754462303,92,2.295918367346939,relaxed
u,1759735989.0224645,0.1364617347717285,0.2806730270385742,33.84550750892461,169.22753754462303,92,2.295918367346939,relaxed
n,1759735989.1821315,0.0884010791778564,0.1116063594818115,33.84550750892461,169.22753754462303,92,2.295918367346939,relaxed
t,1759735989.3981593,0.0879750251770019,0.2156016826629638,33.84550750892461,169.22753754462303,92,2.295918367346939,relaxed
",",1759735990.3103907,0.0718777179718017,0.8961341381072998,33.84550750892461,169.22753754462303,92,2.295918367346939,relaxed
Key.space,1759735990.5025,0.1033174991607666,0.2235491275787353,33.84550750892461,169.22753754462303,92,2.295918367346939,relaxed
i,1759735990.718524,0.1202318668365478,0.2329382896423339,33.84550750892461,169.22753754462303,92,2.295918367346939,relaxed
n,1759735990.9025872,0.1119167804718017,0.1757481098175048,33.84550750892461,169.22753754462303,92,2.295918367346939,relaxed
h,1759735991.8066158,0.1118223667144775,0.9039342403411864,33.84550750892461,169.22753754462303,92,2.295918367346939,relaxed
e,1759735991.9184382,0.152278184890747,0.152278184890747,33.84550750892461,169.22753754462303,92,2.295918367346939,relaxed
r,1759735992.1667562,0.1195554733276367,0.2155952453613281,33.84550750892461,169.22753754462303,92,2.295918367346939,relaxed
i,1759735995.078197,0.1601338386535644,2.952019214630127,33.84550750892461,169.22753754462303,92,2.295918367346939,relaxed
t,1759735995.309589,0.0883188247680664,0.1595768928527832,33.84550750892461,169.22753754462303,92,2.295918367346939,relaxed
i,1759735995.43075,0.1114783287048339,0.1443207263946533,33.84550750892461,169.22753754462303,92,2.295918367346939,relaxed
n,1759735995.6545165,0.1282107830047607,0.2404987812042236,33.84550750892461,169.22753754462303,92,2.295918367346939,relaxed
g,1759735995.7981815,0.0800974369049072,0.0955517292022705,33.84550750892461,169.22753754462303,92,2.295918367346939,relaxed
Key.space,1759735997.0384293,0.1278860569000244,1.2880363464355469,33.84550750892461,169.22753754462303,92,2.295918367346939,relaxed
Key.shift,1759735997.2150126,0.2478466033935547,0.2965438365936279,33.84550750892461,169.22753754462303,92,2.295918367346939,relaxed
g,1759735995.7981815,1.711744785308838,0.0470671653747558,33.84550750892461,169.22753754462303,92,2.295918367346939,relaxed
e,1759735997.6380136,0.1206281185150146,0.2487154006958007,33.84550750892461,169.22753754462303,92,2.295918367346939,relaxed
h,1759735997.854106,0.135962963104248,0.2314271926879882,33.84550750892461,169.22753754462303,92,2.295918367346939,relaxed
r,1759735998.0703363,0.1277942657470703,0.2080616950988769,33.84550750892461,169.22753754462303,92,2.295918367346939,relaxed
m,1759736000.1506903,0.0961096286773681,2.0486693382263184,33.84550750892461,169.22753754462303,92,2.295918367346939,relaxed
a,1759736000.2863867,0.1197626590728759,0.1593494415283203,33.84550750892461,169.22753754462303,92,2.295918367346939,relaxed
n,1759736000.6631866,0.079075813293457,0.3361129760742187,33.84550750892461,169.22753754462303,92,2.295918367346939,relaxed
',1759736001.0704286,0.1445229053497314,0.472689151763916,33.84550750892461,169.22753754462303,92,2.295918367346939,relaxed
s,1759736001.2466686,0.1122183799743652,0.1439354419708252,33.84550750892461,169.22753754462303,92,2.295918367346939,relaxed
Key.space,1759736001.550012,0.1363711357116699,0.3274960517883301,33.84550750892461,169.22753754462303,92,2.295918367346939,relaxed
r,1759736002.1429434,0.0878431797027587,0.5444035530090332,33.84550750892461,169.22753754462303,92,2.295918367346939,relaxed
o,1759736002.2941856,0.0562212467193603,0.1196203231811523,33.84550750892461,169.22753754462303,92,2.295918367346939,relaxed
l,1759736002.4863408,0.1042013168334961,0.2401351928710937,33.84550750892461,169.22753754462303,92,2.295918367346939,relaxed
e,1759736002.6305313,0.0967624187469482,0.136751651763916,33.84550750892461,169.22753754462303,92,2.295918367346939,relaxed
Key.space,1759736003.6866035,0.1035876274108886,1.0628974437713623,33.84550750892461,169.22753754462303,92,2.295918367346939,relaxed
o,1759736003.9506109,0.1519739627838134,0.3123936653137207,33.84550750892461,169.22753754462303,92,2.295918367346939,relaxed
r,1759736004.103132,0.0635368824005127,0.0640840530395507,33.84550750892461,169.22753754462303,92,2.295918367346939,relaxed
Key.space,1759736004.2861743,0.1197946071624755,0.23930025100708,33.84550750892461,169.22753754462303,92,2.295918367346939,relaxed
a,1759736004.6308794,0.1593899726867675,0.3843002319335937,33.84550750892461,169.22753754462303,92,2.295918367346939,relaxed
s,1759736004.767082,0.1351780891418457,0.1119906902313232,33.84550750892461,169.22753754462303,92,2.295918367346939,relaxed
c,1759736005.0866897,0.1115047931671142,0.2959344387054443,33.84550750892461,169.22753754462303,92,2.295918367346939,relaxed
e,1759736005.3026612,0.103311538696289,0.2077782154083252,33.84550750892461,169.22753754462303,92,2.295918367346939,relaxed
n,1759736005.5666497,0.1917979717254638,0.3524749279022217,33.84550750892461,169.22753754462303,92,2.295918367346939,relaxed
d,1759736005.7426145,0.1443374156951904,0.1285042762756347,33.84550750892461,169.22753754462303,92,2.295918367346939,relaxed
i,1759736005.9821508,0.2166178226470947,0.3118166923522949,33.84550750892461,169.22753754462303,92,2.295918367346939,relaxed
n,1759736006.190345,0.176142930984497,0.1677193641662597,33.84550750892461,169.22753754462303,92,2.295918367346939,relaxed
g,1759736006.3901074,0.0401217937469482,0.0637412071228027,33.84550750892461,169.22753754462303,92,2.295918367346939,relaxed
Key.space,1759736006.7421465,0.1602871417999267,0.4722044467926025,33.84550750892461,169.22753754462303,92,2.295918367346939,relaxed
b,1759736007.3024526,0.1362843513488769,0.5363032817840576,33.84550750892461,169.22753754462303,92,2.295918367346939,relaxed
e,1759736007.517995,0.1201708316802978,0.1994290351867675,33.84550750892461,169.22753754462303,92,2.295918367346939,relaxed
y,1759736007.7824018,0.0953803062438964,0.2396161556243896,33.84550750892461,169.22753754462303,92,2.295918367346939,relaxed
o,1759736008.0544689,0.1434633731842041,0.3201501369476318,33.84550750892461,169.22753754462303,92,2.295918367346939,relaxed
n,1759736008.3904762,0.1519825458526611,0.3445265293121338,33.84550750892461,169.22753754462303,92,2.295918367346939,relaxed
d,1759736008.5828173,0.0953688621520996,0.1357274055480957,33.84550750892461,169.22753754462303,92,2.295918367346939,relaxed
Key.space,1759736008.7505298,0.1190319061279296,0.1913754940032959,33.84550750892461,169.22753754462303,92,2.295918367346939,relaxed
h,1759736009.1663437,0.0964157581329345,0.3931977748870849,33.84550750892461,169.22753754462303,92,2.295918367346939,relaxed
u,1759736009.4308977,0.0314743518829345,0.1996126174926757,33.84550750892461,169.22753754462303,92,2.295918367346939,relaxed
m,1759736009.8147144,0.1281793117523193,0.4805216789245605,33.84550750892461,169.22753754462303,92,2.295918367346939,relaxed
a,1759736010.0062065,0.1280102729797363,0.1913230419158935,33.84550750892461,169.22753754462303,92,2.295918367346939,relaxed
n,1759736010.174559,0.1280164718627929,0.1683588027954101,33.84550750892461,169.22753754462303,92,2.295918367346939,relaxed
i,1759736010.926818,0.1518361568450927,0.7760787010192871,33.84550750892461,169.22753754462303,92,2.295918367346939,relaxed
t,1759736011.1185277,0.1036555767059326,0.143528938293457,33.84550750892461,169.22753754462303,92,2.295918367346939,relaxed
y,1759736011.3194375,0.1351814270019531,0.232435941696167,33.84550750892461,169.22753754462303,92,2.295918367346939,relaxed
Key.space,1759736012.0701025,0.1596705913543701,0.7751538753509521,33.84550750892461,169.22753754462303,92,2.295918367346939,relaxed
t,1759736012.342801,0.1026995182037353,0.2157275676727295,33.84550750892461,169.22753754462303,92,2.295918367346939,relaxed
o,1759736012.5110917,0.1352758407592773,0.20086669921875,33.84550750892461,169.22753754462303,92,2.295918367346939,relaxed
Key.space,1759736012.8058631,0.1123020648956298,0.2717978954315185,33.84550750892461,169.22753754462303,92,2.295918367346939,relaxed
b,1759736013.046589,0.1196720600128173,0.2480955123901367,33.84550750892461,169.22753754462303,92,2.295918367346939,relaxed
e,1759736013.1902766,0.1124656200408935,0.1364815235137939,33.84550750892461,169.22753754462303,92,2.295918367346939,relaxed
c,1759736013.414503,0.1278715133666992,0.2396326065063476,33.84550750892461,169.22753754462303,92,2.295918367346939,relaxed
o,1759736013.5342386,0.1206700801849365,0.1125338077545166,33.84550750892461,169.22753754462303,92,2.295918367346939,relaxed
e,1759736013.902573,0.0794084072113037,0.3270728588104248,33.84550750892461,169.22753754462303,92,2.295918367346939,relaxed
Key.backspace,1759736014.6945434,0.1040613651275634,0.8166232109069824,33.84550750892461,169.22753754462303,92,2.295918367346939,relaxed
m,1759736015.0222938,0.103839635848999,0.327528715133667,33.84550750892461,169.22753754462303,92,2.295918367346939,relaxed
e,1759736015.1505792,0.0881471633911132,0.1125929355621337,33.84550750892461,169.22753754462303,92,2.295918367346939,relaxed
Key.space,1759736015.3580723,0.0966138839721679,0.2159597873687744,33.84550750892461,169.22753754462303,92,2.295918367346939,relaxed
a,1759736015.5986135,0.1288561820983886,0.2727835178375244,33.84550750892461,169.22753754462303,92,2.295918367346939,relaxed
Key.space,1759736015.7665694,0.1276462078094482,0.166745901107788,33.84550750892461,169.22753754462303,92,2.295918367346939,relaxed
n,1759736016.014827,0.1271183490753173,0.2477297782897949,33.84550750892461,169.22753754462303,92,2.295918367346939,relaxed
e,1759736016.2146811,0.1274783611297607,0.200214147567749,33.84550750892461,169.22753754462303,92,2.295918367346939,relaxed
w,1759736016.766553,0.1280128955841064,0.5524063110351562,33.84550750892461,169.22753754462303,92,2.295918367346939,relaxed
Key.space,1759736017.0060914,0.1365282535552978,0.2480537891387939,33.84550750892461,169.22753754462303,92,2.295918367346939,relaxed
Key.shift,1759736017.246099,0.3362267017364502,0.4397060871124267,33.84550750892461,169.22753754462303,92,2.295918367346939,relaxed
r,1759736017.9344225,0.1044063568115234,0.3926172256469726,33.84550750892461,169.22753754462303,92,2.295918367346939,relaxed
e,1759736018.07029,0.1278026103973388,0.1592638492584228,33.84550750892461,169.22753754462303,92,2.295918367346939,relaxed
a,1759736018.2783887,0.1285982131958007,0.2088944911956787,33.84550750892461,169.22753754462303,92,2.295918367346939,relaxed
t,1759736018.4385912,0.0795431137084961,0.111147403717041,33.84550750892461,169.22753754462303,92,2.295918367346939,relaxed
Key.space,1759736018.66207,0.0884795188903808,0.2324151992797851,33.84550750892461,169.22753754462303,92,2.295918367346939,relaxed
O,1759736019.4305863,0.0961794853210449,0.7762162685394287,33.84550750892461,169.22753754462303,92,2.295918367346939,relaxed
Key.shift,1759736019.4161825,0.1664764881134033,0.0558929443359375,33.84550750892461,169.22753754462303,92,2.295918367346939,relaxed
n,1759736019.9352374,0.0794308185577392,0.4320094585418701,33.84550750892461,169.22753754462303,92,2.295918367346939,relaxed
e,1759736020.094058,0.1125874519348144,0.1919772624969482,33.84550750892461,169.22753754462303,92,2.295918367346939,relaxed
",",1759736020.598534,0.0799689292907714,0.4718573093414306,33.84550750892461,169.22753754462303,92,2.295918367346939,relaxed
Key.backspace,1759736021.014028,0.0955908298492431,0.4311161041259765,33.84550750892461,169.22753754462303,92,2.295918367346939,relaxed
.,1759736021.3257594,0.0729608535766601,0.2891013622283935,33.84550750892461,169.22753754462303,92,2.295918367346939,relaxed
Key.shift,1759736021.5101266,0.2966260910034179,0.4080324172973633,33.84550750892461,169.22753754462303,92,2.295918367346939,relaxed
l,1759736022.0704973,0.1034908294677734,0.3435430526733398,33.84550750892461,169.22753754462303,92,2.295918367346939,relaxed
o,1759736022.309627,0.0648672580718994,0.2005062103271484,33.84550750892461,169.22753754462303,92,2.295918367346939,relaxed
o,1759736022.7419834,0.0972678661346435,0.464756965637207,33.84550750892461,169.22753754462303,92,2.295918367346939,relaxed
d,1759736022.9582758,0.0886201858520507,0.2076447010040283,33.84550750892461,169.22753754462303,92,2.295918367346939,relaxed
b,1759736023.4467218,0.0956807136535644,0.4955065250396728,33.84550750892461,169.22753754462303,92,2.295918367346939,relaxed
o,1759736023.758253,0.1440320014953613,0.3598828315734863,33.84550750892461,169.22753754462303,92,2.295918367346939,relaxed
r,1759736023.9184728,0.0636403560638427,0.0798277854919433,33.84550750892461,169.22753754462303,92,2.295918367346939,relaxed
n,1759736024.0779889,0.112464427947998,0.2083401679992675,33.84550750892461,169.22753754462303,92,2.295918367346939,relaxed
e,1759736024.2298677,0.1121037006378173,0.1515178680419922,33.84550750892461,169.22753754462303,92,2.295918367346939,relaxed
',1759736024.8541806,0.1121077537536621,0.6243171691894531,33.84550750892461,169.22753754462303,92,2.295918367346939,relaxed
s,1759736025.030918,0.0952589511871337,0.1598885059356689,33.84550750892461,169.22753754462303,92,2.295918367346939,relaxed
Key.space,1759736025.1745193,0.1116049289703369,0.159947395324707,33.84550750892461,169.22753754462303,92,2.295918367346939,relaxed
n,1759736025.822752,0.1038687229156494,0.6404964923858643,33.84550750892461,169.22753754462303,92,2.295918367346939,relaxed
a,1759736025.9280157,0.1102170944213867,0.1116118431091308,33.84550750892461,169.22753754462303,92,2.295918367346939,relaxed
r,1759736026.1509194,0.0642650127410888,0.1769518852233886,33.84550750892461,169.22753754462303,92,2.295918367346939,relaxed
r,1759736026.2945387,0.071984052658081,0.1513383388519287,33.84550750892461,169.22753754462303,92,2.295918367346939,relaxed
t,1759736026.6227045,0.0712323188781738,0.32741379737854,33.84550750892461,169.22753754462303,92,2.295918367346939,relaxed
i,1759736026.7748065,0.1118285655975341,0.1926982402801513,33.84550750892461,169.22753754462303,92,2.295918367346939,relaxed
v,1759736027.0861416,0.1359517574310302,0.3354585170745849,33.84550750892461,169.22753754462303,92,2.295918367346939,relaxed
e,1759736027.2620714,0.0959477424621582,0.1359257698059082,33.84550750892461,169.22753754462303,92,2.295918367346939,relaxed
Key.space,1759736027.5414982,0.1285648345947265,0.3120439052581787,33.84550750892461,169.22753754462303,92,2.295918367346939,relaxed
i,1759736027.990161,0.1116473674774169,0.4317452907562256,33.84550750892461,169.22753754462303,92,2.295918367346939,relaxed
s,1759736028.1505263,0.1204447746276855,0.1691629886627197,33.84550750892461,169.22753754462303,92,2.295918367346939,relaxed
Key.space,1759736028.2783935,0.1200816631317138,0.1275041103363037,33.84550750892461,169.22753754462303,92,2.295918367346939,relaxed
a,1759736028.5019422,0.1286110877990722,0.2320778369903564,33.84550750892461,169.22753754462303,92,2.295918367346939,relaxed
Key.space,1759736028.701571,0.1531000137329101,0.2241177558898925,33.84550750892461,169.22753754462303,92,2.295918367346939,relaxed
l,1759736029.2860172,0.1366920471191406,0.5680382251739502,33.84550750892461,169.22753754462303,92,2.295918367346939,relaxed
a,1759736029.606449,0.1036977767944336,0.2874374389648437,33.84550750892461,169.22753754462303,92,2.295918367346939,relaxed
b,1759736029.8145163,0.1199541091918945,0.2243237495422363,33.84550750892461,169.22753754462303,92,2.295918367346939,relaxed
y,1759736031.0377195,0.0967872142791748,1.2000362873077393,33.84550750892461,169.22753754462303,92,2.295918367346939,relaxed
r,1759736031.237902,0.0640757083892822,0.1674709320068359,33.84550750892461,169.22753754462303,92,2.295918367346939,relaxed
i,1759736031.4540403,0.1445138454437255,0.2965764999389648,33.84550750892461,169.22753754462303,92,2.295918367346939,relaxed
n,1759736032.5827878,0.1837904453277588,1.1680240631103516,33.84550750892461,169.22753754462303,92,2.295918367346939,relaxed
t,1759736032.981918,0.0721018314361572,0.2874414920806885,33.84550750892461,169.22753754462303,92,2.295918367346939,relaxed
h,1759736033.0866544,0.1036100387573242,0.1362447738647461,33.84550750892461,169.22753754462303,92,2.295918367346939,relaxed
i,1759736033.3580253,0.1446094512939453,0.3123703002929687,33.84550750892461,169.22753754462303,92,2.295918367346939,relaxed
n,1759736033.534809,0.1276941299438476,0.1598684787750244,33.84550750892461,169.22753754462303,92,2.295918367346939,relaxed
e,1759736033.702243,0.1361727714538574,0.1759126186370849,33.84550750892461,169.22753754462303,92,2.295918367346939,relaxed
Key.space,1759736034.1901195,0.1603147983551025,0.5120184421539307,33.84550750892461,169.22753754462303,92,2.295918367346939,relaxed
t,1759736034.5591009,0.0877201557159423,0.29638671875,33.84550750892461,169.22753754462303,92,2.295918367346939,relaxed
a,1759736034.7105458,0.1515438556671142,0.2152686119079589,33.84550750892461,169.22753754462303,92,2.295918367346939,relaxed
l,1759736035.118308,0.1198413372039794,0.3760597705841064,33.84550750892461,169.22753754462303,92,2.295918367346939,relaxed
e,1759736035.2788544,0.1120319366455078,0.1527369022369384,33.84550750892461,169.22753754462303,92,2.295918367346939,relaxed
Key.space,1759736035.430325,0.136176586151123,0.1756153106689453,33.84550750892461,169.22753754462303,92,2.295918367346939,relaxed
o,1759736035.7180283,0.1364583969116211,0.28798508644104,33.84550750892461,169.22753754462303,92,2.295918367346939,relaxed
f,1759736035.8710058,0.0957767963409423,0.1122958660125732,33.84550750892461,169.22753754462303,92,2.295918367346939,relaxed
Key.space,1759736036.0626068,0.1516075134277343,0.2474317550659179,33.84550750892461,169.22753754462303,92,2.295918367346939,relaxed
a,1759736036.493992,0.1523652076721191,0.432142972946167,33.84550750892461,169.22753754462303,92,2.295918367346939,relaxed
m,1759736036.7104886,0.0954430103302002,0.159574270248413,33.84550750892461,169.22753754462303,92,2.295918367346939,relaxed
b,1759736036.9499424,0.0967516899108886,0.2407624721527099,33.84550750892461,169.22753754462303,92,2.295918367346939,relaxed
i,1759736037.21422,0.1280770301818847,0.2956030368804931,33.84550750892461,169.22753754462303,92,2.295918367346939,relaxed
t,1759736037.3504093,0.0878396034240722,0.0959517955780029,33.84550750892461,169.22753754462303,92,2.295918367346939,relaxed
i,1759736037.5028925,0.0790302753448486,0.1436736583709716,33.84550750892461,169.22753754462303,92,2.295918367346939,relaxed
o,1759736037.757992,0.112091064453125,0.2881605625152588,33.84550750892461,169.22753754462303,92,2.295918367346939,relaxed
n,1759736037.990461,0.0881812572479248,0.2085592746734619,33.84550750892461,169.22753754462303,92,2.295918367346939,relaxed
Key.space,1759736040.2784178,0.1356611251831054,2.335436582565308,33.84550750892461,169.22753754462303,92,2.295918367346939,relaxed
c,1759736040.454424,0.1120357513427734,0.1523809432983398,33.84550750892461,169.22753754462303,92,2.295918367346939,relaxed
o,1759736041.0866945,0.119910717010498,0.6401453018188477,33.84550750892461,169.22753754462303,92,2.295918367346939,relaxed
s,1759736041.2787457,0.1197767257690429,0.1919171810150146,33.84550750892461,169.22753754462303,92,2.295918367346939,relaxed
m,1759736041.4140708,0.1206045150756836,0.136152982711792,33.84550750892461,169.22753754462303,92,2.295918367346939,relaxed
i,1759736041.6228397,0.10368013381958,0.1918442249298095,33.84550750892461,169.22753754462303,92,2.295918367346939,relaxed
c,1759736041.7745242,0.0957627296447753,0.1437673568725586,33.84550750892461,169.22753754462303,92,2.295918367346939,relaxed
Key.space,1759736041.8856986,0.1204378604888916,0.1358494758605957,33.84550750892461,169.22753754462303,92,2.295918367346939,relaxed
h,1759736042.078334,0.0880999565124511,0.1602973937988281,33.84550750892461,169.22753754462303,92,2.295918367346939,relaxed
o,1759736042.325941,0.1042425632476806,0.2637498378753662,33.84550750892461,169.22753754462303,92,2.295918367346939,relaxed
r,1759736042.4707808,0.0637519359588623,0.104349136352539,33.84550750892461,169.22753754462303,92,2.295918367346939,relaxed
r,1759736042.6307642,0.0725107192993164,0.1687421798706054,33.84550750892461,169.22753754462303,92,2.295918367346939,relaxed
o,1759736042.8229196,0.1031999588012695,0.2228446006774902,33.84550750892461,169.22753754462303,92,2.295918367346939,relaxed
r,1759736043.0626135,0.0881507396697998,0.2246448993682861,33.84550750892461,169.22753754462303,92,2.295918367346939,relaxed
Key.space,1759736043.422564,0.1430294513702392,0.4148290157318115,33.84550750892461,169.22753754462303,92,2.295918367346939,relaxed
a,1759736043.5506475,0.19956636428833,0.1846203804016113,33.84550750892461,169.22753754462303,92,2.295918367346939,relaxed
n,1759736044.4145138,0.1435079574584961,0.8078079223632812,33.84550750892461,169.22753754462303,92,2.295918367346939,relaxed
d,1759736044.510209,0.1442558765411377,0.0964431762695312,33.84550750892461,169.22753754462303,92,2.295918367346939,relaxed
Key.space,1759736044.6220057,0.1366243362426757,0.1041650772094726,33.84550750892461,169.22753754462303,92,2.295918367346939,relaxed
t,1759736044.8547163,0.127467393875122,0.2235536575317382,33.84550750892461,169.22753754462303,92,2.295918367346939,relaxed
h,1759736045.005845,0.1206119060516357,0.1442732810974121,33.84550750892461,169.22753754462303,92,2.295918367346939,relaxed
e,1759736045.150237,0.1129570007324218,0.1367371082305908,33.84550750892461,169.22753754462303,92,2.295918367346939,relaxed
Key.space,1759736045.3340833,0.1275930404663086,0.1984822750091552,33.84550750892461,169.22753754462303,92,2.295918367346939,relaxed
d,1759736045.4862354,0.1439394950866699,0.1684985160827636,33.84550750892461,169.22753754462303,92,2.295918367346939,relaxed
e,1759736045.5905323,0.1358306407928466,0.0961880683898925,33.84550750892461,169.22753754462303,92,2.295918367346939,relaxed
s,1759736045.878339,0.112159252166748,0.2641353607177734,33.84550750892461,169.22753754462303,92,2.295918367346939,relaxed
p,1759736046.5264883,0.1036303043365478,0.6396205425262451,33.84550750892461,169.22753754462303,92,2.295918367346939,relaxed
e,1759736046.7026272,0.1203751564025878,0.1928834915161132,33.84550750892461,169.22753754462303,92,2.295918367346939,relaxed
r,1759736046.8864222,0.104264497756958,0.1676843166351318,33.84550750892461,169.22753754462303,92,2.295918367346939,relaxed
a,1759736047.0781698,0.1282160282135009,0.2156991958618164,33.84550750892461,169.22753754462303,92,2.295918367346939,relaxed
t,1759736047.2541218,0.1283156871795654,0.1760516166687011,33.84550750892461,169.22753754462303,92,2.295918367346939,relaxed
e,1759736047.4389162,0.0632669925689697,0.1197457313537597,33.84550750892461,169.22753754462303,92,2.295918367346939,relaxed
Key.space,1759736047.6866643,0.0958805084228515,0.2803616523742676,33.84550750892461,169.22753754462303,92,2.295918367346939,relaxed
s,1759736047.8057768,0.1686165332794189,0.1918485164642334,33.84550750892461,169.22753754462303,92,2.295918367346939,relaxed
e,1759736047.9658978,0.1362853050231933,0.1277897357940673,33.84550750892461,169.22753754462303,92,2.295918367346939,relaxed
a,1759736048.222226,0.1524653434753418,0.2725083827972412,33.84550750892461,169.22753754462303,92,2.295918367346939,relaxed
r,1759736050.238647,0.1036217212677002,1.9675772190093996,33.84550750892461,169.22753754462303,92,2.295918367346939,relaxed
c,1759736050.511652,0.1107563972473144,0.280139684677124,33.84550750892461,169.22753754462303,92,2.295918367346939,relaxed
h,1759736050.7498362,0.0961298942565918,0.223557710647583,33.84550750892461,169.22753754462303,92,2.295918367346939,relaxed
Key.space,1759736051.022495,0.1358246803283691,0.3123536109924316,33.84550750892461,169.22753754462303,92,2.295918367346939,relaxed
f,1759736051.7744825,0.1436190605163574,0.7597818374633789,33.84550750892461,169.22753754462303,92,2.295918367346939,relaxed
o,1759736051.9666183,0.1282167434692382,0.1767334938049316,33.84550750892461,169.22753754462303,92,2.295918367346939,relaxed
r,1759736052.1180208,0.0966322422027587,0.1198179721832275,33.84550750892461,169.22753754462303,92,2.295918367346939,relaxed
Key.space,1759736052.28614,0.1519231796264648,0.2234101295471191,33.84550750892461,169.22753754462303,92,2.295918367346939,relaxed
t,1759736052.559795,0.0863957405090332,0.2081274986267089,33.84550750892461,169.22753754462303,92,2.295918367346939,relaxed
r,1759736052.7580495,0.1039924621582031,0.2158513069152832,33.84550750892461,169.22753754462303,92,2.295918367346939,relaxed
a,1759736053.366547,0.1040966510772705,0.6086018085479736,33.84550750892461,169.22753754462303,92,2.295918367346939,relaxed
n,1759736053.58217,0.1123290061950683,0.2238552570343017,33.84550750892461,169.22753754462303,92,2.295918367346939,relaxed
s,1759736053.7578669,0.1206250190734863,0.183992862701416,33.84550750892461,169.22753754462303,92,2.295918367346939,relaxed
a,1759736054.3264089,0.120201826095581,0.5681188106536865,33.84550750892461,169.22753754462303,92,2.295918367346939,relaxed
c,1759736054.5185845,0.112337589263916,0.1843111515045166,33.84550750892461,169.22753754462303,92,2.295918367346939,relaxed
t,1759736054.7746558,0.0962285995483398,0.2399625778198242,33.84550750892461,169.22753754462303,92,2.295918367346939,relaxed
i,1759736054.966492,0.0719554424285888,0.1675629615783691,33.84550750892461,169.22753754462303,92,2.295918367346939,relaxed
o,1759736055.206139,0.0957403182983398,0.2634320259094238,33.84550750892461,169.22753754462303,92,2.295918367346939,relaxed
Key.backspace,1759736056.7581055,0.1281497478485107,1.5843758583068848,33.84550750892461,169.22753754462303,92,2.295918367346939,relaxed
Key.backspace,1759736057.0622568,0.1119191646575927,0.2879207134246826,33.84550750892461,169.22753754462303,92,2.295918367346939,relaxed
Key.backspace,1759736057.7106996,0.1280839443206787,0.6646075248718262,33.84550750892461,169.22753754462303,92,2.295918367346939,relaxed
e,1759736058.222756,0.1119792461395263,0.4959518909454345,33.84550750892461,169.22753754462303,92,2.295918367346939,relaxed
d,1759736058.7021365,0.1525371074676513,0.5199382305145264,33.84550750892461,169.22753754462303,92,2.295918367346939,relaxed
e,1759736058.8305354,0.0959651470184326,0.0718269348144531,33.84550750892461,169.22753754462303,92,2.295918367346939,relaxed
n,1759736058.9335003,0.1209433078765869,0.1279432773590088,33.84550750892461,169.22753754462303,92,2.295918367346939,relaxed
c,1759736059.1179836,0.1204895973205566,0.1840293407440185,33.84550750892461,169.22753754462303,92,2.295918367346939,relaxed
e,1759736059.3420875,0.0559234619140625,0.1595380306243896,33.84550750892461,169.22753754462303,92,2.295918367346939,relaxed
Key.space,1759736059.6383913,0.1437540054321289,0.3841340541839599,33.84550750892461,169.22753754462303,92,2.295918367346939,relaxed
a,1759736060.19814,0.1439263820648193,0.5599210262298584,33.84550750892461,169.22753754462303,92,2.295918367346939,relaxed
m,1759736060.4057302,0.1213974952697753,0.1850614547729492,33.84550750892461,169.22753754462303,92,2.295918367346939,relaxed
i,1759736060.6384635,0.1359505653381347,0.247286319732666,33.84550750892461,169.22753754462303,92,2.295918367346939,relaxed
d,1759736060.886928,0.167142629623413,0.2796566486358642,33.84550750892461,169.22753754462303,92,2.295918367346939,relaxed
s,1759736061.0467663,0.1430528163909912,0.1357486248016357,33.84550750892461,169.22753754462303,92,2.295918367346939,relaxed
t,1759736061.446032,0.1524074077606201,0.4086201190948486,33.84550750892461,169.22753754462303,92,2.295918367346939,relaxed
Key.space,1759736062.0863218,0.1832489967346191,0.6711313724517822,33.84550750892461,169.22753754462303,92,2.295918367346939,relaxed
a,1759736062.534525,0.1679332256317138,0.4328870773315429,33.84550750892461,169.22753754462303,92,2.295918367346939,relaxed
n,1759736062.7414627,0.0887699127197265,0.1277747154235839,33.84550750892461,169.22753754462303,92,2.295918367346939,relaxed
Key.space,1759736062.9823186,0.1443417072296142,0.2964277267456054,33.84550750892461,169.22753754462303,92,2.295918367346939,relaxed
u,1759736063.773754,0.1204235553741455,0.76751708984375,33.84550750892461,169.22753754462303,92,2.295918367346939,relaxed
n,1759736063.95883,0.1354446411132812,0.2000973224639892,33.84550750892461,169.22753754462303,92,2.295918367346939,relaxed
d,1759736064.1027148,0.1032459735870361,0.1116859912872314,33.84550750892461,169.22753754462303,92,2.295918367346939,relaxed
e,1759736064.1502576,0.1124892234802246,0.0567860603332519,33.84550750892461,169.22753754462303,92,2.295918367346939,relaxed
n,1759736064.3900623,0.1121859550476074,0.2395014762878418,33.84550750892461,169.22753754462303,92,2.295918367346939,relaxed
i,1759736064.678691,0.1998722553253173,0.376314640045166,33.84550750892461,169.22753754462303,92,2.295918367346939,relaxed
n,1759736064.8704364,0.1358563899993896,0.1277298927307129,33.84550750892461,169.22753754462303,92,2.295918367346939,relaxed
g,1759736065.0628457,0.0394835472106933,0.0960364341735839,33.84550750892461,169.22753754462303,92,2.295918367346939,relaxed
Key.space,1759736066.3421865,0.1363217830657959,1.3761789798736572,33.84550750892461,169.22753754462303,92,2.295918367346939,relaxed
n,1759736066.5499153,0.0967166423797607,0.168123722076416,33.84550750892461,169.22753754462303,92,2.295918367346939,relaxed
i,1759736066.8145318,0.1445488929748535,0.3124487400054931,33.84550750892461,169.22753754462303,92,2.295918367346939,relaxed
g,1759736066.9746437,0.1041033267974853,0.1196663379669189,33.84550750892461,169.22753754462303,92,2.295918367346939,relaxed
h,1759736067.1184576,0.1201405525207519,0.15985107421875,33.84550750892461,169.22753754462303,92,2.295918367346939,relaxed
Key.space,1759736067.485557,0.1206557750701904,0.36761474609375,33.84550750892461,169.22753754462303,92,2.295918367346939,relaxed
o,1759736067.8703706,0.143289566040039,0.407447338104248,33.84550750892461,169.22753754462303,92,2.295918367346939,relaxed
f,1759736068.206682,0.0720789432525634,0.2651007175445556,33.84550750892461,169.22753754462303,92,2.295918367346939,relaxed
Key.space,1759736068.3903923,0.1677436828613281,0.2793750762939453,33.84550750892461,169.22753754462303,92,2.295918367346939,relaxed
m,1759736068.582466,0.1280674934387207,0.1523976325988769,33.84550750892461,169.22753754462303,92,2.295918367346939,relaxed
a,1759736068.7830086,0.2313504219055175,0.3038253784179687,33.84550750892461,169.22753754462303,92,2.295918367346939,relaxed
d,1759736069.054279,0.11165452003479,0.1515748500823974,33.84550750892461,169.22753754462303,92,2.295918367346939,relaxed
n,1759736069.654374,0.1270751953125,0.6155154705047607,33.84550750892461,169.22753754462303,92,2.295918367346939,relaxed
e,1759736069.7744336,0.1043167114257812,0.0973010063171386,33.84550750892461,169.22753754462303,92,2.295918367346939,relaxed
s,1759736070.1425908,0.0951952934265136,0.3590357303619385,33.84550750892461,169.22753754462303,92,2.295918367346939,relaxed
s,1759736070.333886,0.0727109909057617,0.1688110828399658,33.84550750892461,169.22753754462303,92,2.295918367346939,relaxed
Key.space,1759736070.5899713,0.1284689903259277,0.3118431568145752,33.84550750892461,169.22753754462303,92,2.295918367346939,relaxed
a,1759736070.734028,0.136970043182373,0.1525576114654541,33.84550750892461,169.22753754462303,92,2.295918367346939,relaxed
n,1759736070.9106305,0.0956439971923828,0.1352765560150146,33.84550750892461,169.22753754462303,92,2.295918367346939,relaxed
d,1759736070.9818122,0.1046206951141357,0.0801584720611572,33.84550750892461,169.22753754462303,92,2.295918367346939,relaxed
Key.space,1759736071.182177,0.1204509735107421,0.2161951065063476,33.84550750892461,169.22753754462303,92,2.295918367346939,relaxed
b,1759736071.8149123,0.0872771739959716,0.5995614528656006,33.84550750892461,169.22753754462303,92,2.295918367346939,relaxed
l,1759736072.1267292,0.0799031257629394,0.3044428825378418,33.84550750892461,169.22753754462303,92,2.295918367346939,relaxed
o,1759736072.5504515,0.0725281238555908,0.4163472652435303,33.84550750892461,169.22753754462303,92,2.295918367346939,relaxed
o,1759736072.9828694,0.0799040794372558,0.4397938251495361,33.84550750892461,169.22753754462303,92,2.295918367346939,relaxed
a,1759736073.1983027,0.0802953243255615,0.2158246040344238,33.84550750892461,169.22753754462303,92,2.295918367346939,relaxed
d,1759736073.4625752,0.071296215057373,0.2552733421325683,33.84550750892461,169.22753754462303,92,2.295918367346939,relaxed
Key.backspace,1759736073.8379831,0.1041512489318847,0.4082629680633545,33.84550750892461,169.22753754462303,92,2.295918367346939,relaxed
Key.backspace,1759736074.0381436,0.0720231533050537,0.1680324077606201,33.84550750892461,169.22753754462303,92,2.295918367346939,relaxed
d,1759736074.2468257,0.0874035358428955,0.2240622043609619,33.84550750892461,169.22753754462303,92,2.295918367346939,relaxed
.,1759736075.7025738,0.0639095306396484,1.4322543144226074,33.84550750892461,169.22753754462303,92,2.295918367346939,relaxed
Key.tab,1759736076.462137,0.2000463008880615,0.8956999778747559,33.84550750892461,169.22753754462303,92,2.295918367346939,relaxed
Key.tab,1759736077.030373,0.1920588016510009,0.560248613357544,33.84550750892461,169.22753754462303,92,2.295918367346939,relaxed
Key.alt_l,1759736076.1342275,1.1766788959503174,0.0884745121002197,33.84550750892461,169.22753754462303,92,2.295918367346939,relaxed
Key.esc,1759736078.710306,0.1844851970672607,1.5838847160339355,33.84550750892461,169.22753754462303,92,2.295918367346939,relaxed
a,1759833346.4369185,0.1413931846618652,0.1368582248687744,34.187992029504166,170.93996014752082,90,1.2269938650306749,relaxed
r,1759833346.7302868,0.1520190238952636,0.3039944171905517,34.187992029504166,170.93996014752082,90,1.2269938650306749,relaxed
k,1759833346.929655,0.0798583030700683,0.1272075176239013,34.187992029504166,170.93996014752082,90,1.2269938650306749,relaxed
Key.space,1759833347.1223073,0.1750681400299072,0.2878620624542236,34.187992029504166,170.93996014752082,90,1.2269938650306749,relaxed
s,1759833347.3538148,0.1438212394714355,0.2002606391906738,34.187992029504166,170.93996014752082,90,1.2269938650306749,relaxed
o,1759833347.4659183,0.1039326190948486,0.0722148418426513,34.187992029504166,170.93996014752082,90,1.2269938650306749,relaxed
u,1759833347.7226076,0.0794217586517334,0.2321784496307373,34.187992029504166,170.93996014752082,90,1.2269938650306749,relaxed
s,1759833347.969568,0.112335205078125,0.2798738479614258,34.187992029504166,170.93996014752082,90,1.2269938650306749,relaxed
l,1759833347.9771087,0.1202507019042968,0.015456199645996,34.187992029504166,170.93996014752082,90,1.2269938650306749,relaxed
2,1759833348.2984228,0.1436638832092285,0.3447272777557373,34.187992029504166,170.93996014752082,90,1.2269938650306749,relaxed
Key.space,1759833348.5782983,0.1591017246246338,0.2953133583068847,34.187992029504166,170.93996014752082,90,1.2269938650306749,relaxed
s,1759833348.7456892,0.1440908908843994,0.1523799896240234,34.187992029504166,170.93996014752082,90,1.2269938650306749,relaxed
o,1759833348.9140484,0.1434783935546875,0.1677467823028564,34.187992029504166,170.93996014752082,90,1.2269938650306749,relaxed
r,1759833349.0736156,0.1041102409362793,0.1201989650726318,34.187992029504166,170.93996014752082,90,1.2269938650306749,relaxed
t,1759833349.3944592,0.0794620513916015,0.2961955070495605,34.187992029504166,170.93996014752082,90,1.2269938650306749,relaxed
y,1759833349.6018116,0.0558960437774658,0.183786392211914,34.187992029504166,170.93996014752082,90,1.2269938650306749,relaxed
Key.enter,1759833349.8663423,0.1115050315856933,0.3201398849487304,34.187992029504166,170.93996014752082,90,1.2269938650306749,relaxed
Key.shift,1759833355.5220554,0.5200083255767822,6.064216136932373,34.187992029504166,170.93996014752082,90,1.2269938650306749,relaxed
a,1759833356.3134484,0.1601409912109375,0.4240119457244873,34.187992029504166,170.93996014752082,90,1.2269938650306749,relaxed
k,1759833356.7066488,0.1037051677703857,0.3367645740509033,34.187992029504166,170.93996014752082,90,1.2269938650306749,relaxed
Key.backspace,1759833357.8184817,0.1831841468811035,1.1913118362426758,34.187992029504166,170.93996014752082,90,1.2269938650306749,relaxed
r,1759833358.0269313,0.1029272079467773,0.128192663192749,34.187992029504166,170.93996014752082,90,1.2269938650306749,relaxed
k,1759833358.2823205,0.0878100395202636,0.240272045135498,34.187992029504166,170.93996014752082,90,1.2269938650306749,relaxed
Key.space,1759833358.5456083,0.1124944686889648,0.2879724502563476,34.187992029504166,170.93996014752082,90,1.2269938650306749,relaxed
Key.shift,1759833358.8337994,0.2804675102233886,0.4561638832092285,34.187992029504166,170.93996014752082,90,1.2269938650306749,relaxed
u,1759833359.338328,0.0791807174682617,0.2472462654113769,34.187992029504166,170.93996014752082,90,1.2269938650306749,relaxed
l,1759833359.577596,0.1120104789733886,0.2720975875854492,34.187992029504166,170.93996014752082,90,1.2269938650306749,relaxed
s,1759833359.6925435,0.1329326629638672,0.1358697414398193,34.187992029504166,170.93996014752082,90,1.2269938650306749,relaxed
Key.space,1759833359.8979297,0.1274738311767578,0.1999273300170898,34.187992029504166,170.93996014752082,90,1.2269938650306749,relaxed
2,1759833360.338308,0.1198446750640869,0.4327492713928222,34.187992029504166,170.93996014752082,90,1.2269938650306749,relaxed
Key.space,1759833360.536854,0.1366016864776611,0.2153029441833496,34.187992029504166,170.93996014752082,90,1.2269938650306749,relaxed
i,1759833361.1056995,0.0727872848510742,0.5050311088562012,34.187992029504166,170.93996014752082,90,1.2269938650306749,relaxed
s,1759833361.210934,0.1347467899322509,0.1671938896179199,34.187992029504166,170.93996014752082,90,1.2269938650306749,relaxed
Key.space,1759833361.378513,0.1512720584869384,0.1841046810150146,34.187992029504166,170.93996014752082,90,1.2269938650306749,relaxed
t,1759833361.6022978,0.1273717880249023,0.1998841762542724,34.187992029504166,170.93996014752082,90,1.2269938650306749,relaxed
h,1759833361.833447,0.1441175937652588,0.2478950023651123,34.187992029504166,170.93996014752082,90,1.2269938650306749,relaxed
e,1759833362.050092,0.120213508605957,0.1927409172058105,34.187992029504166,170.93996014752082,90,1.2269938650306749,relaxed
Key.space,1759833362.3063948,0.1431686878204345,0.2792580127716064,34.187992029504166,170.93996014752082,90,1.2269938650306749,relaxed
s,1759833362.5140731,0.1680705547332763,0.2325801849365234,34.187992029504166,170.93996014752082,90,1.2269938650306749,relaxed
e,1759833362.7541363,0.0792436599731445,0.1512362957000732,34.187992029504166,170.93996014752082,90,1.2269938650306749,relaxed
t,1759833363.0977106,0.0880367755889892,0.3523674011230469,34.187992029504166,170.93996014752082,90,1.2269938650306749,relaxed
Key.space,1759833363.3381956,0.0956988334655761,0.2481470108032226,34.187992029504166,170.93996014752082,90,1.2269938650306749,relaxed
i,1759833364.5135918,0.1119029521942138,1.191600322723389,34.187992029504166,170.93996014752082,90,1.2269938650306749,relaxed
n,1759833364.6816027,0.1120705604553222,0.1681785583496093,34.187992029504166,170.93996014752082,90,1.2269938650306749,relaxed
Key.space,1759833364.9215574,0.1763181686401367,0.3042023181915283,34.187992029504166,170.93996014752082,90,1.2269938650306749,relaxed
t,1759833364.9790812,0.1269505023956298,0.0081560611724853,34.187992029504166,170.93996014752082,90,1.2269938650306749,relaxed
h,1759833366.17846,0.1518783569335937,1.22430682182312,34.187992029504166,170.93996014752082,90,1.2269938650306749,relaxed
e,1759833366.3855598,0.0892822742462158,0.1445035934448242,34.187992029504166,170.93996014752082,90,1.2269938650306749,relaxed
Key.space,1759833366.5378735,0.1439762115478515,0.207007884979248,34.187992029504166,170.93996014752082,90,1.2269938650306749,relaxed
f,1759833366.8655014,0.1528317928314209,0.3364832401275635,34.187992029504166,170.93996014752082,90,1.2269938650306749,relaxed
a,1759833367.1457217,0.144021987915039,0.2714104652404785,34.187992029504166,170.93996014752082,90,1.2269938650306749,relaxed
l,1759833367.361595,0.0718533992767334,0.1437044143676757,34.187992029504166,170.93996014752082,90,1.2269938650306749,relaxed
l,1759833367.5378666,0.0965480804443359,0.2009665966033935,34.187992029504166,170.93996014752082,90,1.2269938650306749,relaxed
e,1759833367.7059832,0.1040859222412109,0.1756544113159179,34.187992029504166,170.93996014752082,90,1.2269938650306749,relaxed
Key.space,1759833368.0818458,0.1512835025787353,0.4230601787567138,34.187992029504166,170.93996014752082,90,1.2269938650306749,relaxed
k,1759833368.5213375,0.0887520313262939,0.3769605159759521,34.187992029504166,170.93996014752082,90,1.2269938650306749,relaxed
i,1759833368.7227175,0.0870923995971679,0.1997201442718505,34.187992029504166,170.93996014752082,90,1.2269938650306749,relaxed
n,1759833368.8898363,0.128164529800415,0.20819091796875,34.187992029504166,170.93996014752082,90,1.2269938650306749,relaxed
g,1759833369.1456254,0.0888733863830566,0.2164978981018066,34.187992029504166,170.93996014752082,90,1.2269938650306749,relaxed
d,1759833369.393741,0.136286973953247,0.2955288887023926,34.187992029504166,170.93996014752082,90,1.2269938650306749,relaxed
o,1759833369.5454917,0.1202185153961181,0.1356823444366455,34.187992029504166,170.93996014752082,90,1.2269938650306749,relaxed
m,1759833369.7854154,0.1283340454101562,0.2480394840240478,34.187992029504166,170.93996014752082,90,1.2269938650306749,relaxed
Key.space,1759833370.0420594,0.127124547958374,0.255434513092041,34.187992029504166,170.93996014752082,90,1.2269938650306749,relaxed
o,1759833370.3133538,0.1444075107574463,0.2885773181915283,34.187992029504166,170.93996014752082,90,1.2269938650306749,relaxed
f,1759833370.5781963,0.0634069442749023,0.1838421821594238,34.187992029504166,170.93996014752082,90,1.2269938650306749,relaxed
Key.space,1759833370.8970273,0.1446897983551025,0.400113582611084,34.187992029504166,170.93996014752082,90,1.2269938650306749,relaxed
Key.shift,1759833371.8891745,0.144237995147705,0.9916954040527344,34.187992029504166,170.93996014752082,90,1.2269938650306749,relaxed
f,1759833370.5781963,1.463707685470581,0.0084917545318603,34.187992029504166,170.93996014752082,90,1.2269938650306749,relaxed
Key.backspace,1759833372.6175165,0.1443943977355957,0.7200064659118652,34.187992029504166,170.93996014752082,90,1.2269938650306749,relaxed
Key.shift,1759833372.7379563,0.5678415298461914,0.5438873767852783,34.187992029504166,170.93996014752082,90,1.2269938650306749,relaxed
r,1759833373.4334848,0.1038107872009277,0.2229819297790527,34.187992029504166,170.93996014752082,90,1.2269938650306749,relaxed
a,1759833374.1219308,0.1280000209808349,0.7126352787017822,34.187992029504166,170.93996014752082,90,1.2269938650306749,relaxed
g,1759833374.402287,0.0874643325805664,0.2398204803466797,34.187992029504166,170.93996014752082,90,1.2269938650306749,relaxed
e,1759833374.617263,0.1122560501098632,0.2397677898406982,34.187992029504166,170.93996014752082,90,1.2269938650306749,relaxed
n,1759833374.7220106,0.0958824157714843,0.0883738994598388,34.187992029504166,170.93996014752082,90,1.2269938650306749,relaxed
i,1759833374.9857905,0.0965063571929931,0.2644035816192627,34.187992029504166,170.93996014752082,90,1.2269938650306749,relaxed
c,1759833375.1295483,0.1290657520294189,0.1603789329528808,34.187992029504166,170.93996014752082,90,1.2269938650306749,relaxed
Key.space,1759833376.1294937,0.1365599632263183,1.007439374923706,34.187992029504166,170.93996014752082,90,1.2269938650306749,relaxed
a,1759833376.313762,0.1369707584381103,0.1846792697906494,34.187992029504166,170.93996014752082,90,1.2269938650306749,relaxed
Key.space,1759833376.434254,0.103421926498413,0.0869431495666503,34.187992029504166,170.93996014752082,90,1.2269938650306749,relaxed
l,1759833376.7537267,0.1279633045196533,0.3440141677856445,34.187992029504166,170.93996014752082,90,1.2269938650306749,relaxed
a,1759833376.9772398,0.1930968761444091,0.2886466979980469,34.187992029504166,170.93996014752082,90,1.2269938650306749,relaxed
n,1759833377.249626,0.0959136486053466,0.1752028465270996,34.187992029504166,170.93996014752082,90,1.2269938650306749,relaxed
d,1759833377.3701358,0.1363093852996826,0.1609055995941162,34.187992029504166,170.93996014752082,90,1.2269938650306749,relaxed
Key.space,1759833377.537646,0.152646780014038,0.1838476657867431,34.187992029504166,170.93996014752082,90,1.2269938650306749,relaxed
r,1759833378.2582862,0.0960054397583007,0.6639988422393799,34.187992029504166,170.93996014752082,90,1.2269938650306749,relaxed
a,1759833378.4256082,0.151801586151123,0.2231180667877197,34.187992029504166,170.93996014752082,90,1.2269938650306749,relaxed
v,1759833378.7211287,0.1117591857910156,0.2554781436920166,34.187992029504166,170.93996014752082,90,1.2269938650306749,relaxed
a,1759833378.8580484,0.1202647686004638,0.1454253196716308,34.187992029504166,170.93996014752082,90,1.2269938650306749,relaxed
g,1759833379.0662105,0.087299108505249,0.1751964092254638,34.187992029504166,170.93996014752082,90,1.2269938650306749,relaxed
e,1759833379.1460886,0.1439874172210693,0.1365664005279541,34.187992029504166,170.93996014752082,90,1.2269938650306749,relaxed
d,1759833379.3390317,0.1270315647125244,0.1759872436523437,34.187992029504166,170.93996014752082,90,1.2269938650306749,relaxed
Key.space,1759833379.5219812,0.1357076168060302,0.1916255950927734,34.187992029504166,170.93996014752082,90,1.2269938650306749,relaxed
b,1759833379.9138646,0.0888800621032714,0.3450558185577392,34.187992029504166,170.93996014752082,90,1.2269938650306749,relaxed
y,1759833380.3626106,0.103135347366333,0.4630012512207031,34.187992029504166,170.93996014752082,90,1.2269938650306749,relaxed
Key.space,1759833380.6571882,0.1206476688385009,0.3120899200439453,34.187992029504166,170.93996014752082,90,1.2269938650306749,relaxed
w,1759833380.7951288,0.1826517581939697,0.1999447345733642,34.187992029504166,170.93996014752082,90,1.2269938650306749,relaxed
a,1759833381.0022738,0.1760315895080566,0.2005248069763183,34.187992029504166,170.93996014752082,90,1.2269938650306749,relaxed
r,1759833381.2260287,0.0956809520721435,0.1434042453765869,34.187992029504166,170.93996014752082,90,1.2269938650306749,relaxed
Key.space,1759833381.8415954,0.1601274013519287,0.6800131797790527,34.187992029504166,170.93996014752082,90,1.2269938650306749,relaxed
d,1759833382.1137402,0.1839442253112793,0.2959616184234619,34.187992029504166,170.93996014752082,90,1.2269938650306749,relaxed
a,1759833382.265594,0.1762804985046386,0.1441900730133056,34.187992029504166,170.93996014752082,90,1.2269938650306749,relaxed
r,1759833382.6977203,0.0887007713317871,0.3445465564727783,34.187992029504166,170.93996014752082,90,1.2269938650306749,relaxed
k,1759833382.9217415,0.0959956645965576,0.231316328048706,34.187992029504166,170.93996014752082,90,1.2269938650306749,relaxed
n,1759833383.1620862,0.1038484573364257,0.248197317123413,34.187992029504166,170.93996014752082,90,1.2269938650306749,relaxed
e,1759833383.2827318,0.1028892993927002,0.1196863651275634,34.187992029504166,170.93996014752082,90,1.2269938650306749,relaxed
s,1759833383.569793,0.1361589431762695,0.3203308582305908,34.187992029504166,170.93996014752082,90,1.2269938650306749,relaxed
s,1759833383.76998,0.1119163036346435,0.1759443283081054,34.187992029504166,170.93996014752082,90,1.2269938650306749,relaxed
Key.space,1759833384.0970244,0.1208698749542236,0.3359980583190918,34.187992029504166,170.93996014752082,90,1.2269938650306749,relaxed
a,1759833384.201918,0.1439082622528076,0.127932071685791,34.187992029504166,170.93996014752082,90,1.2269938650306749,relaxed
n,1759833384.3539622,0.1034893989562988,0.1116251945495605,34.187992029504166,170.93996014752082,90,1.2269938650306749,relaxed
d,1759833384.449942,0.1041429042816162,0.0966334342956543,34.187992029504166,170.93996014752082,90,1.2269938650306749,relaxed
Key.space,1759833385.330289,0.1750216484069824,0.951225519180298,34.187992029504166,170.93996014752082,90,1.2269938650306749,relaxed
t,1759833385.5620584,0.0872924327850341,0.1440403461456298,34.187992029504166,170.93996014752082,90,1.2269938650306749,relaxed
h,1759833385.6895616,0.1118519306182861,0.1520626544952392,34.187992029504166,170.93996014752082,90,1.2269938650306749,relaxed
e,1759833385.858642,0.135350227355957,0.1925785541534423,34.187992029504166,170.93996014752082,90,1.2269938650306749,relaxed
Key.space,1759833386.0583138,0.1028888225555419,0.167210578918457,34.187992029504166,170.93996014752082,90,1.2269938650306749,relaxed
c,1759833386.4897125,0.1039924621582031,0.432502269744873,34.187992029504166,170.93996014752082,90,1.2269938650306749,relaxed
e,1759833386.6657746,0.120140790939331,0.1922104358673095,34.187992029504166,170.93996014752082,90,1.2269938650306749,relaxed
a,1759833387.553461,0.1604912281036377,0.92803692817688,34.187992029504166,170.93996014752082,90,1.2269938650306749,relaxed
s,1759833387.7054882,0.1602962017059326,0.151832103729248,34.187992029504166,170.93996014752082,90,1.2269938650306749,relaxed
e,1759833387.98521,0.1039588451385498,0.2233843803405761,34.187992029504166,170.93996014752082,90,1.2269938650306749,relaxed
l,1759833388.601851,0.1841230392456054,0.6968052387237549,34.187992029504166,170.93996014752082,90,1.2269938650306749,relaxed
e,1759833388.721791,0.1120979785919189,0.047914981842041,34.187992029504166,170.93996014752082,90,1.2269938650306749,relaxed
s,1759833389.0424364,0.1109082698822021,0.319455623626709,34.187992029504166,170.93996014752082,90,1.2269938650306749,relaxed
s,1759833389.2584956,0.0871064662933349,0.1922574043273925,34.187992029504166,170.93996014752082,90,1.2269938650306749,relaxed
Key.space,1759833389.594101,0.1519320011138916,0.4004309177398681,34.187992029504166,170.93996014752082,90,1.2269938650306749,relaxed
c,1759833389.7702606,0.1514787673950195,0.1757063865661621,34.187992029504166,170.93996014752082,90,1.2269938650306749,relaxed
u,1759833390.0335946,0.0728862285614013,0.1847414970397949,34.187992029504166,170.93996014752082,90,1.2269938650306749,relaxed
r,1759833390.202288,0.0959720611572265,0.1917791366577148,34.187992029504166,170.93996014752082,90,1.2269938650306749,relaxed
s,1759833390.4419718,0.1440711021423339,0.2877829074859619,34.187992029504166,170.93996014752082,90,1.2269938650306749,relaxed
e,1759833390.7379622,0.0801284313201904,0.2320477962493896,34.187992029504166,170.93996014752082,90,1.2269938650306749,relaxed
Key.space,1759833391.2974374,0.1367619037628173,0.6161086559295654,34.187992029504166,170.93996014752082,90,1.2269938650306749,relaxed
o,1759833391.650183,0.1203997135162353,0.3363833427429199,34.187992029504166,170.93996014752082,90,1.2269938650306749,relaxed
f,1759833391.7459974,0.1364305019378662,0.1118452548980712,34.187992029504166,170.93996014752082,90,1.2269938650306749,relaxed
Key.space,1759833391.92996,0.1439495086669922,0.1914815902709961,34.187992029504166,170.93996014752082,90,1.2269938650306749,relaxed
t,1759833392.0653846,0.0889370441436767,0.0804121494293212,34.187992029504166,170.93996014752082,90,1.2269938650306749,relaxed
h,1759833392.2255728,0.1279428005218505,0.1991939544677734,34.187992029504166,170.93996014752082,90,1.2269938650306749,relaxed
e,1759833392.369928,0.1197240352630615,0.1361362934112548,34.187992029504166,170.93996014752082,90,1.2269938650306749,relaxed
Key.space,1759833392.6096642,0.1280205249786377,0.248032808303833,34.187992029504166,170.93996014752082,90,1.2269938650306749,relaxed
u,1759833393.0417745,0.1761708259582519,0.4802603721618652,34.187992029504166,170.93996014752082,90,1.2269938650306749,relaxed
n,1759833393.2651434,0.1602218151092529,0.2074201107025146,34.187992029504166,170.93996014752082,90,1.2269938650306749,relaxed
d,1759833393.378852,0.1513638496398925,0.1048505306243896,34.187992029504166,170.93996014752082,90,1.2269938650306749,relaxed
e,1759833393.489876,0.1525044441223144,0.1121647357940673,34.187992029504166,170.93996014752082,90,1.2269938650306749,relaxed
a,1759833394.0177748,0.1682572364807129,0.5436515808105469,34.187992029504166,170.93996014752082,90,1.2269938650306749,relaxed
d,1759833394.178616,0.1355307102203369,0.1281147003173828,34.187992029504166,170.93996014752082,90,1.2269938650306749,relaxed
/,1759833395.729305,0.1052169799804687,1.5203752517700195,34.187992029504166,170.93996014752082,90,1.2269938650306749,relaxed
T,1759833396.322265,0.1118507385253906,0.5995934009552002,34.187992029504166,170.93996014752082,90,1.2269938650306749,relaxed
Key.shift,1759833396.0573754,0.4165728092193603,0.0398328304290771,34.187992029504166,170.93996014752082,90,1.2269938650306749,relaxed
h,1759833396.5857306,0.1359961032867431,0.2477784156799316,34.187992029504166,170.93996014752082,90,1.2269938650306749,relaxed
e,1759833396.7461703,0.1351759433746338,0.1596198081970214,34.187992029504166,170.93996014752082,90,1.2269938650306749,relaxed
Key.space,1759833396.913937,0.1674506664276123,0.2000415325164795,34.187992029504166,170.93996014752082,90,1.2269938650306749,relaxed
p,1759833397.5618446,0.1034436225891113,0.5839002132415771,34.187992029504166,170.93996014752082,90,1.2269938650306749,relaxed
r,1759833397.7221644,0.1277568340301513,0.1846330165863037,34.187992029504166,170.93996014752082,90,1.2269938650306749,relaxed
o,1759833397.913988,0.0716199874877929,0.1356868743896484,34.187992029504166,170.93996014752082,90,1.2269938650306749,relaxed
t,1759833398.1783078,0.1038897037506103,0.2965893745422363,34.187992029504166,170.93996014752082,90,1.2269938650306749,relaxed
a,1759833398.5305536,0.1764605045318603,0.4248166084289551,34.187992029504166,170.93996014752082,90,1.2269938650306749,relaxed
g,1759833398.8029156,0.0792737007141113,0.1751751899719238,34.187992029504166,170.93996014752082,90,1.2269938650306749,relaxed
o,1759833399.2415888,0.1439769268035888,0.5033764839172363,34.187992029504166,170.93996014752082,90,1.2269938650306749,relaxed
n,1759833399.666385,0.095095157623291,0.3759143352508545,34.187992029504166,170.93996014752082,90,1.2269938650306749,relaxed
i,1759833399.930021,0.1202044486999511,0.2887454032897949,34.187992029504166,170.93996014752082,90,1.2269938650306749,relaxed
s,1759833400.1140137,0.1759126186370849,0.2397007942199707,34.187992029504166,170.93996014752082,90,1.2269938650306749,relaxed
t,1759833400.361344,0.1203582286834716,0.1917757987976074,34.187992029504166,170.93996014752082,90,1.2269938650306749,relaxed
Key.space,1759833400.7136302,0.1279335021972656,0.3598616123199463,34.187992029504166,170.93996014752082,90,1.2269938650306749,relaxed
i,1759833402.0815651,0.120176076889038,1.360177516937256,34.187992029504166,170.93996014752082,90,1.2269938650306749,relaxed
s,1759833402.2419436,0.1445105075836181,0.1847128868103027,34.187992029504166,170.93996014752082,90,1.2269938650306749,relaxed
Key.space,1759833402.8976188,0.1436524391174316,0.6548171043395996,34.187992029504166,170.93996014752082,90,1.2269938650306749,relaxed
a,1759833403.098225,0.1357145309448242,0.1926684379577636,34.187992029504166,170.93996014752082,90,1.2269938650306749,relaxed
Key.space,1759833403.2973795,0.1444830894470214,0.2079231739044189,34.187992029504166,170.93996014752082,90,1.2269938650306749,relaxed
c,1759833403.6407273,0.1291549205780029,0.328019380569458,34.187992029504166,170.93996014752082,90,1.2269938650306749,relaxed
u,1759833403.8094034,0.121337890625,0.1608591079711914,34.187992029504166,170.93996014752082,90,1.2269938650306749,relaxed
r,1759833403.9853263,0.160978078842163,0.2155632972717285,34.187992029504166,170.93996014752082,90,1.2269938650306749,relaxed
s,1759833404.6340835,0.135422945022583,0.623201847076416,34.187992029504166,170.93996014752082,90,1.2269938650306749,relaxed
e,1759833404.8412683,0.0878248214721679,0.1595869064331054,34.187992029504166,170.93996014752082,90,1.2269938650306749,relaxed
d,1759833405.0495918,0.0959894657135009,0.2164878845214843,34.187992029504166,170.93996014752082,90,1.2269938650306749,relaxed
Key.space,1759833405.218553,0.1114752292633056,0.1844470500946045,34.187992029504166,170.93996014752082,90,1.2269938650306749,relaxed
w,1759833405.3779132,0.1523547172546386,0.2002396583557129,34.187992029504166,170.93996014752082,90,1.2269938650306749,relaxed
a,1759833405.7540154,0.1278448104858398,0.3515923023223877,34.187992029504166,170.93996014752082,90,1.2269938650306749,relaxed
n,1759833406.2093575,0.0480895042419433,0.3755867481231689,34.187992029504166,170.93996014752082,90,1.2269938650306749,relaxed
d,1759833406.2732725,0.1682169437408447,0.18404221534729,34.187992029504166,170.93996014752082,90,1.2269938650306749,relaxed
e,1759833406.4976823,0.1048862934112548,0.1610794067382812,34.187992029504166,170.93996014752082,90,1.2269938650306749,relaxed
r,1759833406.6664095,0.143810749053955,0.2076518535614013,34.187992029504166,170.93996014752082,90,1.2269938650306749,relaxed
e,1759833406.8179393,0.0954654216766357,0.1031842231750488,34.187992029504166,170.93996014752082,90,1.2269938650306749,relaxed
Key.space,1759833407.1457944,0.1434104442596435,0.3758001327514648,34.187992029504166,170.93996014752082,90,1.2269938650306749,relaxed
s,1759833407.3622296,0.175337553024292,0.2483623027801513,34.187992029504166,170.93996014752082,90,1.2269938650306749,relaxed
e,1759833407.6095574,0.0886080265045166,0.1605982780456543,34.187992029504166,170.93996014752082,90,1.2269938650306749,relaxed
e,1759833407.7941036,0.0552973747253418,0.1512355804443359,34.187992029504166,170.93996014752082,90,1.2269938650306749,relaxed
k,1759833408.1221151,0.0957081317901611,0.368422269821167,34.187992029504166,170.93996014752082,90,1.2269938650306749,relaxed
i,1759833408.5620196,0.1274373531341552,0.4716336727142334,34.187992029504166,170.93996014752082,90,1.2269938650306749,relaxed
n,1759833408.745649,0.1356251239776611,0.1918175220489502,34.187992029504166,170.93996014752082,90,1.2269938650306749,relaxed
g,1759833408.8745074,0.0792305469512939,0.0724635124206543,34.187992029504166,170.93996014752082,90,1.2269938650306749,relaxed
Key.space,1759833409.154425,0.1113026142120361,0.3119895458221435,34.187992029504166,170.93996014752082,90,1.2269938650306749,relaxed
a,1759833409.3697052,0.136082649230957,0.2400603294372558,34.187992029504166,170.93996014752082,90,1.2269938650306749,relaxed
Key.space,1759833409.5613806,0.136423110961914,0.1920158863067627,34.187992029504166,170.93996014752082,90,1.2269938650306749,relaxed
w,1759833409.7535388,0.1766226291656494,0.2323577404022216,34.187992029504166,170.93996014752082,90,1.2269938650306749,relaxed
a,1759833410.0335011,0.1203892230987548,0.2237288951873779,34.187992029504166,170.93996014752082,90,1.2269938650306749,relaxed
y,1759833410.3460948,0.0872843265533447,0.2794888019561767,34.187992029504166,170.93996014752082,90,1.2269938650306749,relaxed
Key.space,1759833410.5457206,0.1676788330078125,0.2800202369689941,34.187992029504166,170.93996014752082,90,1.2269938650306749,relaxed
t,1759833410.7218273,0.0881576538085937,0.0965855121612548,34.187992029504166,170.93996014752082,90,1.2269938650306749,relaxed
o,1759833410.897686,0.0640013217926025,0.1517024040222168,34.187992029504166,170.93996014752082,90,1.2269938650306749,relaxed
Key.space,1759833411.2814727,0.167781114578247,0.4875664710998535,34.187992029504166,170.93996014752082,90,1.2269938650306749,relaxed
b,1759833411.5698185,0.1524209976196289,0.2729854583740234,34.187992029504166,170.93996014752082,90,1.2269938650306749,relaxed
r,1759833411.761828,0.1283619403839111,0.1679506301879882,34.187992029504166,170.93996014752082,90,1.2269938650306749,relaxed
e,1759833412.0340495,0.1357333660125732,0.2795929908752441,34.187992029504166,170.93996014752082,90,1.2269938650306749,relaxed
a,1759833412.2817245,0.1600196361541748,0.2719612121582031,34.187992029504166,170.93996014752082,90,1.2269938650306749,relaxed
j,1759833412.5292811,0.1208913326263427,0.2084283828735351,34.187992029504166,170.93996014752082,90,1.2269938650306749,relaxed
Key.space,1759833412.8174806,0.1676907539367675,0.3349988460540771,34.187992029504166,170.93996014752082,90,1.2269938650306749,relaxed
t,1759833413.2328591,0.0896680355072021,0.3373558521270752,34.187992029504166,170.93996014752082,90,1.2269938650306749,relaxed
h,1759833413.3621671,0.1515982151031494,0.1912381649017334,34.187992029504166,170.93996014752082,90,1.2269938650306749,relaxed
e,1759833413.5298543,0.1034619808197021,0.1195509433746337,34.187992029504166,170.93996014752082,90,1.2269938650306749,relaxed
Key.space,1759833413.689905,0.1279826164245605,0.1845712661743164,34.187992029504166,170.93996014752082,90,1.2269938650306749,relaxed
u,1759833414.0901053,0.1357929706573486,0.408010721206665,34.187992029504166,170.93996014752082,90,1.2269938650306749,relaxed
n,1759833414.281899,0.1205534934997558,0.1765542030334472,34.187992029504166,170.93996014752082,90,1.2269938650306749,relaxed
d,1759833414.4584916,0.1754460334777832,0.2314851284027099,34.187992029504166,170.93996014752082,90,1.2269938650306749,relaxed
e,1759833414.6172042,0.1604616641998291,0.1437282562255859,34.187992029504166,170.93996014752082,90,1.2269938650306749,relaxed
a,1759833417.4022396,0.1593647003173828,2.783938407897949,34.187992029504166,170.93996014752082,90,1.2269938650306749,relaxed
d,1759833417.5857024,0.1121637821197509,0.1362619400024414,34.187992029504166,170.93996014752082,90,1.2269938650306749,relaxed
Key.space,1759833419.0179996,0.1757209300994873,1.495854377746582,34.187992029504166,170.93996014752082,90,1.2269938650306749,relaxed
c,1759833419.2012303,0.1440913677215576,0.1516010761260986,34.187992029504166,170.93996014752082,90,1.2269938650306749,relaxed
u,1759833419.4098766,0.1123218536376953,0.1768767833709716,34.187992029504166,170.93996014752082,90,1.2269938650306749,relaxed
r,1759833419.5543115,0.0880041122436523,0.1201171875,34.187992029504166,170.93996014752082,90,1.2269938650306749,relaxed
s,1759833420.1295943,0.1599910259246826,0.6472697257995605,34.187992029504166,170.93996014752082,90,1.2269938650306749,relaxed
e,1759833420.3938403,0.1202805042266845,0.2245354652404785,34.187992029504166,170.93996014752082,90,1.2269938650306749,relaxed
Key.space,1759833420.5698943,0.1601238250732422,0.2158973217010498,34.187992029504166,170.93996014752082,90,1.2269938650306749,relaxed
b,1759833421.137719,0.1042525768280029,0.5119531154632568,34.187992029504166,170.93996014752082,90,1.2269938650306749,relaxed
y,1759833421.4496226,0.1038603782653808,0.311511754989624,34.187992029504166,170.93996014752082,90,1.2269938650306749,relaxed
Key.space,1759833421.6816585,0.1281752586364746,0.2563505172729492,34.187992029504166,170.93996014752082,90,1.2269938650306749,relaxed
s,1759833421.858407,0.1273720264434814,0.1759455204010009,34.187992029504166,170.93996014752082,90,1.2269938650306749,relaxed
e,1759833422.1293273,0.0729658603668212,0.2165141105651855,34.187992029504166,170.93996014752082,90,1.2269938650306749,relaxed
e,1759833422.2818618,0.0959005355834961,0.175469160079956,34.187992029504166,170.93996014752082,90,1.2269938650306749,relaxed
k,1759833422.7216072,0.1441249847412109,0.4879698753356933,34.187992029504166,170.93996014752082,90,1.2269938650306749,relaxed
i,1759833423.793689,0.1518287658691406,1.0797855854034424,34.187992029504166,170.93996014752082,90,1.2269938650306749,relaxed
n,1759833423.9941578,0.1118214130401611,0.16046142578125,34.187992029504166,170.93996014752082,90,1.2269938650306749,relaxed
g,1759833424.121874,0.0887641906738281,0.1046590805053711,34.187992029504166,170.93996014752082,90,1.2269938650306749,relaxed
Key.space,1759833424.2415512,0.1445550918579101,0.1754679679870605,34.187992029504166,170.93996014752082,90,1.2269938650306749,relaxed
p,1759833424.993556,0.0959367752075195,0.7033865451812744,34.187992029504166,170.93996014752082,90,1.2269938650306749,relaxed
o,1759833425.2176888,0.0960359573364257,0.2242319583892822,34.187992029504166,170.93996014752082,90,1.2269938650306749,relaxed
w,1759833425.3776398,0.1599650382995605,0.2238800525665283,34.187992029504166,170.93996014752082,90,1.2269938650306749,relaxed
e,1759833425.5694976,0.128873586654663,0.1607663631439209,34.187992029504166,170.93996014752082,90,1.2269938650306749,relaxed
r,1759833425.890218,0.1113078594207763,0.303154706954956,34.187992029504166,170.93996014752082,90,1.2269938650306749,relaxed
f,1759833426.3379717,0.078582763671875,0.4150285720825195,34.187992029504166,170.93996014752082,90,1.2269938650306749,relaxed
u,1759833426.5214012,0.0883460044860839,0.193192720413208,34.187992029504166,170.93996014752082,90,1.2269938650306749,relaxed
l,1759833426.8106065,0.1270585060119629,0.3279178142547607,34.187992029504166,170.93996014752082,90,1.2269938650306749,relaxed
Key.space,1759833428.0975037,0.160414457321167,1.3202531337738037,34.187992029504166,170.93996014752082,90,1.2269938650306749,relaxed
s,1759833428.322374,0.1516385078430175,0.2160942554473877,34.187992029504166,170.93996014752082,90,1.2269938650306749,relaxed
o,1759833428.5143125,0.1438608169555664,0.1841607093811035,34.187992029504166,170.93996014752082,90,1.2269938650306749,relaxed
u,1759833428.8094285,0.0881423950195312,0.2393977642059326,34.187992029504166,170.93996014752082,90,1.2269938650306749,relaxed
l,1759833429.073522,0.136857271194458,0.3128082752227783,34.187992029504166,170.93996014752082,90,1.2269938650306749,relaxed
s,1759833429.2421503,0.1601638793945312,0.1919350624084472,34.187992029504166,170.93996014752082,90,1.2269938650306749,relaxed
Key.space,1759833429.417588,0.1682581901550293,0.1835319995880127,34.187992029504166,170.93996014752082,90,1.2269938650306749,relaxed
r,1759833429.6334374,0.1281700134277343,0.1757612228393554,34.187992029504166,170.93996014752082,90,1.2269938650306749,relaxed
u,1759833430.2578406,0.0886263847351074,0.5848596096038818,34.187992029504166,170.93996014752082,90,1.2269938650306749,relaxed
m,1759833430.5533674,0.1121039390563964,0.3190042972564697,34.187992029504166,170.93996014752082,90,1.2269938650306749,relaxed
o,1759833430.80158,0.1285700798034668,0.2646787166595459,34.187992029504166,170.93996014752082,90,1.2269938650306749,relaxed
r,1759833430.9691477,0.160200834274292,0.1991984844207763,34.187992029504166,170.93996014752082,90,1.2269938650306749,relaxed
e,1759833431.12182,0.1284949779510498,0.1209664344787597,34.187992029504166,170.93996014752082,90,1.2269938650306749,relaxed
d,1759833431.3297148,0.1676158905029297,0.2470157146453857,34.187992029504166,170.93996014752082,90,1.2269938650306749,relaxed
Key.space,1759833431.9136536,0.144766092300415,0.561089038848877,34.187992029504166,170.93996014752082,90,1.2269938650306749,relaxed
t,1759833432.2895672,0.0968449115753173,0.3279924392700195,34.187992029504166,170.93996014752082,90,1.2269938650306749,relaxed
o,1759833432.457397,0.0801730155944824,0.1511578559875488,34.187992029504166,170.93996014752082,90,1.2269938650306749,relaxed
Key.space,1759833432.7292738,0.1360573768615722,0.327761173248291,34.187992029504166,170.93996014752082,90,1.2269938650306749,relaxed
r,1759833432.834237,0.1513755321502685,0.1202814579010009,34.187992029504166,170.93996014752082,90,1.2269938650306749,relaxed
e,1759833432.994189,0.0959169864654541,0.1044933795928955,34.187992029504166,170.93996014752082,90,1.2269938650306749,relaxed
s,1759833433.2664945,0.1268932819366455,0.3032815456390381,34.187992029504166,170.93996014752082,90,1.2269938650306749,relaxed
i,1759833433.4179864,0.1035699844360351,0.1281688213348388,34.187992029504166,170.93996014752082,90,1.2269938650306749,relaxed
d,1759833433.5698004,0.1843738555908203,0.2326178550720214,34.187992029504166,170.93996014752082,90,1.2269938650306749,relaxed
e,1759833433.7382214,0.1113903522491455,0.0954375267028808,34.187992029504166,170.93996014752082,90,1.2269938650306749,relaxed
Key.space,1759833433.889852,0.1677460670471191,0.2079863548278808,34.187992029504166,170.93996014752082,90,1.2269938650306749,relaxed
i,1759833434.2746255,0.1352524757385254,0.3522799015045166,34.187992029504166,170.93996014752082,90,1.2269938650306749,relaxed
n,1759833434.4892094,0.1209473609924316,0.2002787590026855,34.187992029504166,170.93996014752082,90,1.2269938650306749,relaxed
Key.space,1759833434.761405,0.1197905540466308,0.2710387706756592,34.187992029504166,170.93996014752082,90,1.2269938650306749,relaxed
Key.shift,1759833435.3060224,0.38336181640625,0.8081886768341064,34.187992029504166,170.93996014752082,90,1.2269938650306749,relaxed
r,1759833436.161814,0.1040937900543212,0.5598146915435791,34.187992029504166,170.93996014752082,90,1.2269938650306749,relaxed
a,1759833436.5135903,0.1441972255706787,0.3918797969818115,34.187992029504166,170.93996014752082,90,1.2269938650306749,relaxed
n,1759833436.7139995,0.0716125965118408,0.1278245449066162,34.187992029504166,170.93996014752082,90,1.2269938650306749,relaxed
g,1759833437.5858662,0.0961599349975586,0.896414041519165,34.187992029504166,170.93996014752082,90,1.2269938650306749,relaxed
e,1759833437.7145348,0.1032891273498535,0.1357977390289306,34.187992029504166,170.93996014752082,90,1.2269938650306749,relaxed
l,1759833438.0098665,0.1517596244812011,0.3438022136688232,34.187992029504166,170.93996014752082,90,1.2269938650306749,relaxed
Key.backspace,1759833439.2181122,0.1911699771881103,1.2476561069488523,34.187992029504166,170.93996014752082,90,1.2269938650306749,relaxed
Key.backspace,1759833439.449929,0.1441738605499267,0.1848206520080566,34.187992029504166,170.93996014752082,90,1.2269938650306749,relaxed
l,1759833440.201164,0.1854937076568603,0.7925548553466797,34.187992029504166,170.93996014752082,90,1.2269938650306749,relaxed
e,1759833440.4574738,0.1208088397979736,0.1916248798370361,34.187992029504166,170.93996014752082,90,1.2269938650306749,relaxed
i,1759833440.625872,0.1038415431976318,0.1514308452606201,34.187992029504166,170.93996014752082,90,1.2269938650306749,relaxed
c,1759833440.7854187,0.1521084308624267,0.2078137397766113,34.187992029504166,170.93996014752082,90,1.2269938650306749,relaxed
Key.space,1759833441.3616233,0.1198694705963134,0.5439655780792236,34.187992029504166,170.93996014752082,90,1.2269938650306749,relaxed
.,1759833442.897297,0.1129360198974609,1.5287399291992188,34.187992029504166,170.93996014752082,90,1.2269938650306749,relaxed
G,1759833443.401486,0.0882072448730468,0.4794604778289795,34.187992029504166,170.93996014752082,90,1.2269938650306749,relaxed
Key.shift,1759833443.2017026,0.2960224151611328,0.0080318450927734,34.187992029504166,170.93996014752082,90,1.2269938650306749,relaxed
u,1759833443.721423,0.0722756385803222,0.2959733009338379,34.187992029504166,170.93996014752082,90,1.2269938650306749,relaxed
i,1759833443.913545,0.1124429702758789,0.2322893142700195,34.187992029504166,170.93996014752082,90,1.2269938650306749,relaxed
d,1759833444.0501633,0.1280014514923095,0.152177095413208,34.187992029504166,170.93996014752082,90,1.2269938650306749,relaxed
e,1759833444.1939015,0.0564894676208496,0.0722262859344482,34.187992029504166,170.93996014752082,90,1.2269938650306749,relaxed
d,1759833444.3861566,0.1356885433197021,0.2714540958404541,34.187992029504166,170.93996014752082,90,1.2269938650306749,relaxed
Key.space,1759833444.6574786,0.1525905132293701,0.2882239818572998,34.187992029504166,170.93996014752082,90,1.2269938650306749,relaxed
b,1759833445.0582108,0.102938175201416,0.3510799407958984,34.187992029504166,170.93996014752082,90,1.2269938650306749,relaxed
y,1759833445.3618684,0.0640428066253662,0.2647621631622314,34.187992029504166,170.93996014752082,90,1.2269938650306749,relaxed
Key.space,1759833445.6336894,0.1201667785644531,0.3279449939727783,34.187992029504166,170.93996014752082,90,1.2269938650306749,relaxed
t,1759833446.1053038,0.0886144638061523,0.4400620460510254,34.187992029504166,170.93996014752082,90,1.2269938650306749,relaxed
h,1759833446.26575,0.1284022331237793,0.2002339363098144,34.187992029504166,170.93996014752082,90,1.2269938650306749,relaxed
e,1759833446.3941522,0.1035389900207519,0.1035389900207519,34.187992029504166,170.93996014752082,90,1.2269938650306749,relaxed
Key.space,1759833446.585584,0.1283543109893798,0.2162470817565918,34.187992029504166,170.93996014752082,90,1.2269938650306749,relaxed
E,1759833446.810506,0.13641357421875,0.2329812049865722,34.187992029504166,170.93996014752082,90,1.2269938650306749,relaxed
Key.shift,1759833446.7299693,0.2236092090606689,0.0066590309143066,34.187992029504166,170.93996014752082,90,1.2269938650306749,relaxed
m,1759833447.8256147,0.0721435546875,0.9441797733306884,34.187992029504166,170.93996014752082,90,1.2269938650306749,relaxed
e,1759833447.9464474,0.0961577892303466,0.1448469161987304,34.187992029504166,170.93996014752082,90,1.2269938650306749,relaxed
r,1759833449.21006,0.1360082626342773,1.3034632205963137,34.187992029504166,170.93996014752082,90,1.2269938650306749,relaxed
l,1759833449.5213478,0.1285912990570068,0.303870677947998,34.187992029504166,170.93996014752082,90,1.2269938650306749,relaxed
a,1759833449.6814442,0.1682817935943603,0.199786901473999,34.187992029504166,170.93996014752082,90,1.2269938650306749,relaxed
d,1759833449.826238,0.0957643985748291,0.0722763538360595,34.187992029504166,170.93996014752082,90,1.2269938650306749,relaxed
Key.space,1759833450.3773952,0.1281602382659912,0.5835530757904053,34.187992029504166,170.93996014752082,90,1.2269938650306749,relaxed
Key.shift,1759833450.5934722,0.2796623706817627,0.3675792217254638,34.187992029504166,170.93996014752082,90,1.2269938650306749,relaxed
e,1759833451.0411355,0.1285474300384521,0.2238731384277343,34.187992029504166,170.93996014752082,90,1.2269938650306749,relaxed
r,1759833451.249751,0.1039981842041015,0.1840665340423584,34.187992029504166,170.93996014752082,90,1.2269938650306749,relaxed
a,1759833452.450286,0.1917474269866943,1.2882838249206543,34.187992029504166,170.93996014752082,90,1.2269938650306749,relaxed
l,1759833452.721522,0.1519134044647216,0.2314021587371826,34.187992029504166,170.93996014752082,90,1.2269938650306749,relaxed
d,1759833452.977718,0.0957691669464111,0.2000517845153808,34.187992029504166,170.93996014752082,90,1.2269938650306749,relaxed
Key.space,1759833453.5289662,0.1689686775207519,0.6244475841522217,34.187992029504166,170.93996014752082,90,1.2269938650306749,relaxed
t,1759833453.7613792,0.104177713394165,0.1676220893859863,34.187992029504166,170.93996014752082,90,1.2269938650306749,relaxed
h,1759833453.897252,0.128481388092041,0.1601765155792236,34.187992029504166,170.93996014752082,90,1.2269938650306749,relaxed
e,1759833454.0417013,0.1042871475219726,0.1202549934387207,34.187992029504166,170.93996014752082,90,1.2269938650306749,relaxed
Key.space,1759833454.1934593,0.0641932487487793,0.1116640567779541,34.187992029504166,170.93996014752082,90,1.2269938650306749,relaxed
p,1759833454.4580708,0.2476084232330322,0.4480266571044922,34.187992029504166,170.93996014752082,90,1.2269938650306749,relaxed
l,1759833454.6742194,0.1371557712554931,0.1056959629058837,34.187992029504166,170.93996014752082,90,1.2269938650306749,relaxed
a,1759833454.8255355,0.1765375137329101,0.1906979084014892,34.187992029504166,170.93996014752082,90,1.2269938650306749,relaxed
y,1759833455.106365,0.1590213775634765,0.2633132934570312,34.187992029504166,170.93996014752082,90,1.2269938650306749,relaxed
e,1759833455.241621,0.1275210380554199,0.1037557125091552,34.187992029504166,170.93996014752082,90,1.2269938650306749,relaxed
r,1759833455.4257338,0.1041741371154785,0.1607658863067627,34.187992029504166,170.93996014752082,90,1.2269938650306749,relaxed
Key.space,1759833456.049277,0.1125211715698242,0.6318902969360352,34.187992029504166,170.93996014752082,90,1.2269938650306749,relaxed
m,1759833456.4896245,0.072265625,0.4000916481018066,34.187992029504166,170.93996014752082,90,1.2269938650306749,relaxed
u,1759833456.970094,0.1121246814727783,0.5203287601470947,34.187992029504166,170.93996014752082,90,1.2269938650306749,relaxed
s,1759833457.130683,0.1271049976348877,0.1755692958831787,34.187992029504166,170.93996014752082,90,1.2269938650306749,relaxed
t,1759833457.4653976,0.0726566314697265,0.2802662849426269,34.187992029504166,170.93996014752082,90,1.2269938650306749,relaxed
Key.space,1759833457.6735685,0.1365602016448974,0.2720744609832763,34.187992029504166,170.93996014752082,90,1.2269938650306749,relaxed
d,1759833457.9383368,0.1188600063323974,0.247068166732788,34.187992029504166,170.93996014752082,90,1.2269938650306749,relaxed
e,1759833458.0258183,0.1195840835571289,0.0882055759429931,34.187992029504166,170.93996014752082,90,1.2269938650306749,relaxed
f,1759833458.2574162,0.1046593189239502,0.2166731357574463,34.187992029504166,170.93996014752082,90,1.2269938650306749,relaxed
e,1759833458.4338205,0.1120951175689697,0.1838400363922119,34.187992029504166,170.93996014752082,90,1.2269938650306749,relaxed
a,1759833458.650306,0.1594014167785644,0.2637917995452881,34.187992029504166,170.93996014752082,90,1.2269938650306749,relaxed
t,1759833459.001259,0.1206402778625488,0.3121919631958008,34.187992029504166,170.93996014752082,90,1.2269938650306749,relaxed
Key.space,1759833459.5376964,0.1602189540863037,0.5760159492492676,34.187992029504166,170.93996014752082,90,1.2269938650306749,relaxed
f,1759833460.0814266,0.0808320045471191,0.4643433094024658,34.187992029504166,170.93996014752082,90,1.2269938650306749,relaxed
o,1759833460.2420497,0.09615159034729,0.1759426593780517,34.187992029504166,170.93996014752082,90,1.2269938650306749,relaxed
u,1759833460.4980128,0.1199262142181396,0.2797377109527588,34.187992029504166,170.93996014752082,90,1.2269938650306749,relaxed
r,1759833460.6341455,0.0882179737091064,0.1044247150421142,34.187992029504166,170.93996014752082,90,1.2269938650306749,relaxed
Key.space,1759833460.8174863,0.1285617351531982,0.2236843109130859,34.187992029504166,170.93996014752082,90,1.2269938650306749,relaxed
a,1759833461.0419436,0.1276440620422363,0.2235395908355713,34.187992029504166,170.93996014752082,90,1.2269938650306749,relaxed
n,1759833461.457758,0.1118843555450439,0.4000546932220459,34.187992029504166,170.93996014752082,90,1.2269938650306749,relaxed
c,1759833461.6656892,0.1439254283905029,0.2399723529815673,34.187992029504166,170.93996014752082,90,1.2269938650306749,relaxed
i,1759833461.8494842,0.1285374164581298,0.1684069633483886,34.187992029504166,170.93996014752082,90,1.2269938650306749,relaxed
e,1759833461.9618044,0.1196808815002441,0.1034636497497558,34.187992029504166,170.93996014752082,90,1.2269938650306749,relaxed
n,1759833462.1615784,0.1118099689483642,0.1919031143188476,34.187992029504166,170.93996014752082,90,1.2269938650306749,relaxed
t,1759833462.2969165,0.1052796840667724,0.128807783126831,34.187992029504166,170.93996014752082,90,1.2269938650306749,relaxed
Key.space,1759833462.497723,0.0632381439208984,0.1587650775909423,34.187992029504166,170.93996014752082,90,1.2269938650306749,relaxed
b,1759833464.3214,0.1285781860351562,1.88901686668396,34.187992029504166,170.93996014752082,90,1.2269938650306749,relaxed
e,1759833464.5053911,0.1210222244262695,0.1764352321624755,34.187992029504166,170.93996014752082,90,1.2269938650306749,relaxed
i,1759833464.673863,0.176680326461792,0.2241299152374267,34.187992029504166,170.93996014752082,90,1.2269938650306749,relaxed
n,1759833464.8420303,0.1595494747161865,0.1510365009307861,34.187992029504166,170.93996014752082,90,1.2269938650306749,relaxed
g,1759833464.969488,0.1128127574920654,0.0807209014892578,34.187992029504166,170.93996014752082,90,1.2269938650306749,relaxed
s,1759833465.241717,0.1521484851837158,0.3115651607513428,34.187992029504166,170.93996014752082,90,1.2269938650306749,relaxed
Key.space,1759833465.5135684,0.1449847221374511,0.2646872997283935,34.187992029504166,170.93996014752082,90,1.2269938650306749,relaxed
a,1759833465.8012862,0.1999382972717285,0.3426713943481445,34.187992029504166,170.93996014752082,90,1.2269938650306749,relaxed
n,1759833466.017624,0.1371986865997314,0.1535983085632324,34.187992029504166,170.93996014752082,90,1.2269938650306749,relaxed
d,1759833466.1934998,0.1043241024017334,0.1430010795593261,34.187992029504166,170.93996014752082,90,1.2269938650306749,relaxed
Key.space,1759833466.3541126,0.1515862941741943,0.2078750133514404,34.187992029504166,170.93996014752082,90,1.2269938650306749,relaxed
c,1759833466.7138145,0.1517624855041504,0.3598778247833252,34.187992029504166,170.93996014752082,90,1.2269938650306749,relaxed
l,1759833466.9455905,0.1444451808929443,0.2244589328765869,34.187992029504166,170.93996014752082,90,1.2269938650306749,relaxed
a,1759833467.1295786,0.1441342830657959,0.1836771965026855,34.187992029504166,170.93996014752082,90,1.2269938650306749,relaxed
i,1759833467.281824,0.1284489631652832,0.1365602016448974,34.187992029504166,170.93996014752082,90,1.2269938650306749,relaxed
m,1759833467.4421544,0.1114442348480224,0.1433255672454834,34.187992029504166,170.93996014752082,90,1.2269938650306749,relaxed
Key.space,1759833467.6975305,0.1359095573425293,0.2798411846160888,34.187992029504166,170.93996014752082,90,1.2269938650306749,relaxed
t,1759833468.113993,0.1031637191772461,0.3837168216705322,34.187992029504166,170.93996014752082,90,1.2269938650306749,relaxed
h,1759833468.2661555,0.1277039051055908,0.1767029762268066,34.187992029504166,170.93996014752082,90,1.2269938650306749,relaxed
e,1759833468.4414976,0.1442930698394775,0.1919310092926025,34.187992029504166,170.93996014752082,90,1.2269938650306749,relaxed
r,1759833468.921727,0.072465181350708,0.4084014892578125,34.187992029504166,170.93996014752082,90,1.2269938650306749,relaxed
i,1759833469.009521,0.08842134475708,0.1037502288818359,34.187992029504166,170.93996014752082,90,1.2269938650306749,relaxed
Key.space,1759833469.3382325,0.1271498203277588,0.3674399852752685,34.187992029504166,170.93996014752082,90,1.2269938650306749,relaxed
s,1759833469.6335082,0.1520872116088867,0.3202130794525146,34.187992029504166,170.93996014752082,90,1.2269938650306749,relaxed
o,1759833469.873391,0.1367876529693603,0.2245831489562988,34.187992029504166,170.93996014752082,90,1.2269938650306749,relaxed
u,1759833470.161436,0.072155475616455,0.2234129905700683,34.187992029504166,170.93996014752082,90,1.2269938650306749,relaxed
l,1759833470.921909,0.1353955268859863,0.8237133026123047,34.187992029504166,170.93996014752082,90,1.2269938650306749,relaxed
s,1759833471.161907,0.1521480083465576,0.2567501068115234,34.187992029504166,170.93996014752082,90,1.2269938650306749,relaxed
Key.space,1759833471.337542,0.1600418090820312,0.1835289001464843,34.187992029504166,170.93996014752082,90,1.2269938650306749,relaxed
t,1759833485.961526,0.1205971240997314,14.58453917503357,34.187992029504166,170.93996014752082,90,1.2269938650306749,relaxed
o,1759833486.0740545,0.0713000297546386,0.0632314682006836,34.187992029504166,170.93996014752082,90,1.2269938650306749,relaxed
Key.space,1759833486.3387244,0.1104147434234619,0.3037846088409424,34.187992029504166,170.93996014752082,90,1.2269938650306749,relaxed
a,1759833486.4415796,0.1679575443267822,0.1603980064392089,34.187992029504166,170.93996014752082,90,1.2269938650306749,relaxed
c,1759833486.7058754,0.2081654071807861,0.3045036792755127,34.187992029504166,170.93996014752082,90,1.2269938650306749,relaxed
c,1759833487.2737117,0.0332138538360595,0.3928847312927246,34.187992029504166,170.93996014752082,90,1.2269938650306749,relaxed
c,1759833487.521657,0.1125497817993164,0.3272812366485595,34.187992029504166,170.93996014752082,90,1.2269938650306749,relaxed
e,1759833487.7695634,0.0964627265930175,0.2318193912506103,34.187992029504166,170.93996014752082,90,1.2269938650306749,relaxed
s,1759833488.03372,0.1040918827056884,0.2717857360839844,34.187992029504166,170.93996014752082,90,1.2269938650306749,relaxed
s,1759833488.2264333,0.0717146396636962,0.1603360176086425,34.187992029504166,170.93996014752082,90,1.2269938650306749,relaxed
Key.space,1759833488.4496856,0.1359908580780029,0.2875285148620605,34.187992029504166,170.93996014752082,90,1.2269938650306749,relaxed
t,1759833488.6818123,0.1117928028106689,0.2079286575317382,34.187992029504166,170.93996014752082,90,1.2269938650306749,relaxed
h,1759833488.8262353,0.111293077468872,0.143923282623291,34.187992029504166,170.93996014752082,90,1.2269938650306749,relaxed
e,1759833488.977631,0.1358439922332763,0.1759469509124755,34.187992029504166,170.93996014752082,90,1.2269938650306749,relaxed
Key.space,1759833489.065581,0.1679933071136474,0.1200993061065673,34.187992029504166,170.93996014752082,90,1.2269938650306749,relaxed
t,1759833489.3296454,0.0959289073944091,0.1919996738433838,34.187992029504166,170.93996014752082,90,1.2269938650306749,relaxed
h,1759833489.5534818,0.1127309799194336,0.2406384944915771,34.187992029504166,170.93996014752082,90,1.2269938650306749,relaxed
r,1759833489.6496909,0.0803487300872802,0.0638267993927002,34.187992029504166,170.93996014752082,90,1.2269938650306749,relaxed
o,1759833489.8899968,0.1194739341735839,0.2794311046600342,34.187992029504166,170.93996014752082,90,1.2269938650306749,relaxed
n,1759833490.1622095,0.1350822448730468,0.2878210544586181,34.187992029504166,170.93996014752082,90,1.2269938650306749,relaxed
e,1759833490.353267,0.1040811538696289,0.1600563526153564,34.187992029504166,170.93996014752082,90,1.2269938650306749,relaxed
Key.space,1759833490.4975646,0.1207084655761718,0.1609249114990234,34.187992029504166,170.93996014752082,90,1.2269938650306749,relaxed
o,1759833491.689333,0.1281085014343261,1.1991684436798096,34.187992029504166,170.93996014752082,90,1.2269938650306749,relaxed
f,1759833491.9377978,0.1198627948760986,0.2402191162109375,34.187992029504166,170.93996014752082,90,1.2269938650306749,relaxed
Key.space,1759833492.08175,0.1196062564849853,0.143695592880249,34.187992029504166,170.93996014752082,90,1.2269938650306749,relaxed
Key.shift,1759833493.5398364,0.0937001705169677,1.432180404663086,34.187992029504166,170.93996014752082,90,1.2269938650306749,relaxed
i,1759833493.7856498,0.1521947383880615,0.2884373664855957,34.187992029504166,170.93996014752082,90,1.2269938650306749,relaxed
n,1759833494.1144404,0.1037037372589111,0.2802996635437011,34.187992029504166,170.93996014752082,90,1.2269938650306749,relaxed
g,1759833494.7216291,0.0797646045684814,0.583249568939209,34.187992029504166,170.93996014752082,90,1.2269938650306749,relaxed
Key.space,1759833494.9775422,0.1280293464660644,0.3041777610778808,34.187992029504166,170.93996014752082,90,1.2269938650306749,relaxed
V,1759833495.89774,0.0804133415222168,0.8725817203521729,34.187992029504166,170.93996014752082,90,1.2269938650306749,relaxed
Key.shift,1759833495.8809614,0.1050302982330322,0.007838487625122,34.187992029504166,170.93996014752082,90,1.2269938650306749,relaxed
e,1759833496.1059375,0.0962843894958496,0.2162301540374755,34.187992029504166,170.93996014752082,90,1.2269938650306749,relaxed
n,1759833496.2337177,0.1204419136047363,0.15193772315979,34.187992029504166,170.93996014752082,90,1.2269938650306749,relaxed
d,1759833496.3629243,0.1587107181549072,0.1674754619598388,34.187992029504166,170.93996014752082,90,1.2269938650306749,relaxed
r,1759833496.6820328,0.1041915416717529,0.2645893096923828,34.187992029504166,170.93996014752082,90,1.2269938650306749,relaxed
i,1759833496.9934175,0.120431900024414,0.3276252746582031,34.187992029504166,170.93996014752082,90,1.2269938650306749,relaxed
c,1759833497.089694,0.1197905540466308,0.0956349372863769,34.187992029504166,170.93996014752082,90,1.2269938650306749,relaxed
k,1759833497.313573,0.1453509330749511,0.2494392395019531,34.187992029504166,170.93996014752082,90,1.2269938650306749,relaxed
Key.space,1759833497.6407616,0.1367409229278564,0.3185787200927734,34.187992029504166,170.93996014752082,90,1.2269938650306749,relaxed
w,1759833497.7942634,0.1433444023132324,0.1601052284240722,34.187992029504166,170.93996014752082,90,1.2269938650306749,relaxed
h,1759833498.2745972,0.0631883144378662,0.4001777172088623,34.187992029504166,170.93996014752082,90,1.2269938650306749,relaxed
o,1759833498.5144174,0.0716578960418701,0.2482898235321045,34.187992029504166,170.93996014752082,90,1.2269938650306749,relaxed
Key.space,1759833498.729126,0.1281969547271728,0.2712476253509521,34.187992029504166,170.93996014752082,90,1.2269938650306749,relaxed
h,1759833498.9706404,0.0790209770202636,0.1923384666442871,34.187992029504166,170.93996014752082,90,1.2269938650306749,relaxed
i,1759833499.1858826,0.080207347869873,0.216428518295288,34.187992029504166,170.93996014752082,90,1.2269938650306749,relaxed
m,1759833499.3456554,0.1360435485839843,0.215609073638916,34.187992029504166,170.93996014752082,90,1.2269938650306749,relaxed
s,1759833499.4335775,0.1928558349609375,0.1447343826293945,34.187992029504166,170.93996014752082,90,1.2269938650306749,relaxed
e,1759833499.6494758,0.0809979438781738,0.1040403842926025,34.187992029504166,170.93996014752082,90,1.2269938650306749,relaxed
l,1759833499.761704,0.1605918407440185,0.1918220520019531,34.187992029504166,170.93996014752082,90,1.2269938650306749,relaxed
f,1759833500.0975733,0.1044847965240478,0.2797622680664062,34.187992029504166,170.93996014752082,90,1.2269938650306749,relaxed
Key.space,1759833500.2414424,0.1604518890380859,0.199836254119873,34.187992029504166,170.93996014752082,90,1.2269938650306749,relaxed
t,1759833500.5784552,0.1032090187072753,0.2797698974609375,34.187992029504166,170.93996014752082,90,1.2269938650306749,relaxed
i,1759833500.808803,0.1447608470916748,0.2718997001647949,34.187992029504166,170.93996014752082,90,1.2269938650306749,relaxed
e,1759833501.3304944,0.1435294151306152,0.5204598903656006,34.187992029504166,170.93996014752082,90,1.2269938650306749,relaxed
Key.backspace,1759833502.1613543,0.1367042064666748,0.8240349292755127,34.187992029504166,170.93996014752082,90,1.2269938650306749,relaxed
Key.backspace,1759833502.3531394,0.1523048877716064,0.2073855400085449,34.187992029504166,170.93996014752082,90,1.2269938650306749,relaxed
r,1759833502.730247,0.1679637432098388,0.3927664756774902,34.187992029504166,170.93996014752082,90,1.2269938650306749,relaxed
i,1759833502.95363,0.1201779842376709,0.1755971908569336,34.187992029504166,170.93996014752082,90,1.2269938650306749,relaxed
e,1759833503.0819027,0.1435976028442382,0.1516923904418945,34.187992029504166,170.93996014752082,90,1.2269938650306749,relaxed
d,1759833503.2496822,0.1287095546722412,0.1528913974761963,34.187992029504166,170.93996014752082,90,1.2269938650306749,relaxed
Key.space,1759833503.3941216,0.1674497127532959,0.1831796169281005,34.187992029504166,170.93996014752082,90,1.2269938650306749,relaxed
a,1759833503.7460325,0.175793170928955,0.3602542877197265,34.187992029504166,170.93996014752082,90,1.2269938650306749,relaxed
n,1759833503.9299395,0.1273775100708007,0.1354916095733642,34.187992029504166,170.93996014752082,90,1.2269938650306749,relaxed
d,1759833504.0339377,0.1356377601623535,0.1122579574584961,34.187992029504166,170.93996014752082,90,1.2269938650306749,relaxed
Key.space,1759833504.241563,0.1434519290924072,0.215440034866333,34.187992029504166,170.93996014752082,90,1.2269938650306749,relaxed
f,1759833504.7305949,0.0866718292236328,0.4322514533996582,34.187992029504166,170.93996014752082,90,1.2269938650306749,relaxed
a,1759833504.9221826,0.1516187191009521,0.2565345764160156,34.187992029504166,170.93996014752082,90,1.2269938650306749,relaxed
i,1759833505.0016985,0.0960946083068847,0.023991584777832,34.187992029504166,170.93996014752082,90,1.2269938650306749,relaxed
l,1759833505.2424023,0.1357617378234863,0.2803711891174316,34.187992029504166,170.93996014752082,90,1.2269938650306749,relaxed
e,1759833505.2819896,0.1439857482910156,0.0478112697601318,34.187992029504166,170.93996014752082,90,1.2269938650306749,relaxed
d,1759833505.4729335,0.1129872798919677,0.1599454879760742,34.187992029504166,170.93996014752082,90,1.2269938650306749,relaxed
Key.space,1759833505.5616355,0.152376651763916,0.1280913352966308,34.187992029504166,170.93996014752082,90,1.2269938650306749,relaxed
t,1759833506.24145,0.0965063571929931,0.6239442825317383,34.187992029504166,170.93996014752082,90,1.2269938650306749,relaxed
o,1759833506.370468,0.1115758419036865,0.144087553024292,34.187992029504166,170.93996014752082,90,1.2269938650306749,relaxed
Key.space,1759833506.6098816,0.1438040733337402,0.271641731262207,34.187992029504166,170.93996014752082,90,1.2269938650306749,relaxed
s,1759833506.777999,0.1913933753967285,0.2157065868377685,34.187992029504166,170.93996014752082,90,1.2269938650306749,relaxed
a,1759833506.945284,0.1602928638458252,0.1361846923828125,34.187992029504166,170.93996014752082,90,1.2269938650306749,relaxed
v,1759833507.2740998,0.1274285316467285,0.2959513664245605,34.187992029504166,170.93996014752082,90,1.2269938650306749,relaxed
e,1759833507.5375686,0.1126251220703125,0.2486653327941894,34.187992029504166,170.93996014752082,90,1.2269938650306749,relaxed
Key.space,1759833507.7537692,0.143824815750122,0.2474002838134765,34.187992029504166,170.93996014752082,90,1.2269938650306749,relaxed
h,1759833508.4181151,0.095923900604248,0.6164450645446777,34.187992029504166,170.93996014752082,90,1.2269938650306749,relaxed
i,1759833508.6741831,0.0877978801727294,0.2479419708251953,34.187992029504166,170.93996014752082,90,1.2269938650306749,relaxed
s,1759833508.7778533,0.1118550300598144,0.1277272701263427,34.187992029504166,170.93996014752082,90,1.2269938650306749,relaxed
Key.space,1759833508.921979,0.1279447078704834,0.1602153778076172,34.187992029504166,170.93996014752082,90,1.2269938650306749,relaxed
k,1759833509.553727,0.0965464115142822,0.6003494262695312,34.187992029504166,170.93996014752082,90,1.2269938650306749,relaxed
i,1759833509.768746,0.1528639793395996,0.2713367938995361,34.187992029504166,170.93996014752082,90,1.2269938650306749,relaxed
n,1759833509.961835,0.1447644233703613,0.1849892139434814,34.187992029504166,170.93996014752082,90,1.2269938650306749,relaxed
g,1759833510.106599,0.1027665138244628,0.1027665138244628,34.187992029504166,170.93996014752082,90,1.2269938650306749,relaxed
d,1759833510.353399,0.1278102397918701,0.271843671798706,34.187992029504166,170.93996014752082,90,1.2269938650306749,relaxed
o,1759833510.5855258,0.1602425575256347,0.2645590305328369,34.187992029504166,170.93996014752082,90,1.2269938650306749,relaxed
m,1759833510.7698915,0.1438465118408203,0.1679697036743164,34.187992029504166,170.93996014752082,90,1.2269938650306749,relaxed
Key.space,1759833511.0414476,0.1366667747497558,0.2643764019012451,34.187992029504166,170.93996014752082,90,1.2269938650306749,relaxed
f,1759833511.6345322,0.1514027118682861,0.6078205108642578,34.187992029504166,170.93996014752082,90,1.2269938650306749,relaxed
r,1759833511.745316,0.1363513469696045,0.0957324504852294,34.187992029504166,170.93996014752082,90,1.2269938650306749,relaxed
o,1759833511.9137604,0.1362266540527343,0.1683197021484375,34.187992029504166,170.93996014752082,90,1.2269938650306749,relaxed
m,1759833512.1457129,0.0879054069519043,0.1836311817169189,34.187992029504166,170.93996014752082,90,1.2269938650306749,relaxed
Key.space,1759833512.4101307,0.0947492122650146,0.2712616920471191,34.187992029504166,170.93996014752082,90,1.2269938650306749,relaxed
r,1759833512.609611,0.1358158588409423,0.2405469417572021,34.187992029504166,170.93996014752082,90,1.2269938650306749,relaxed
u,1759833513.1616237,0.0876557826995849,0.5038526058197021,34.187992029504166,170.93996014752082,90,1.2269938650306749,relaxed
i,1759833513.3860097,0.1844966411590576,0.3212265968322754,34.187992029504166,170.93996014752082,90,1.2269938650306749,relaxed
n,1759833513.5536954,0.1037743091583252,0.0869636535644531,34.187992029504166,170.93996014752082,90,1.2269938650306749,relaxed
.,1759833514.5774963,0.0722043514251709,0.9922308921813964,34.187992029504166,170.93996014752082,90,1.2269938650306749,relaxed
Key.tab,1759833515.2898576,0.1600842475891113,0.800241231918335,34.187992029504166,170.93996014752082,90,1.2269938650306749,relaxed
Key.alt_l,1759833515.0411618,1.7135465145111084,1.3047664165496826,34.187992029504166,170.93996014752082,90,1.2269938650306749,relaxed
Key.esc,1759833517.841296,0.0879623889923095,1.1745500564575195,34.187992029504166,170.93996014752082,90,1.2269938650306749,relaxed
Key.alt_l,0.7161996364593506,0.4878,0.5601,40.8,204.0,37,6.896551724137931,stressed
Key.tab,0.7884564399719238,0.1444,0.0723,40.8,204.0,37,6.896551724137931,stressed
Key.alt_l,1.619964838027954,0.1602,0.8315,40.8,204.0,37,6.896551724137931,stressed
Key.tab,1.7087337970733645,0.1608,0.0888,40.8,204.0,37,6.896551724137931,stressed
Key.alt_l,2.5798652172088623,0.4558,0.8711,40.8,204.0,37,6.896551724137931,stressed
Key.alt_l,3.219973087310791,0.1119,0.6401,40.8,204.0,37,6.896551724137931,stressed
Key.enter,7.90858006477356,0.1043,4.6886,40.8,204.0,37,6.896551724137931,stressed
Key.space,8.69228196144104,0.1761,0.7837,40.8,204.0,37,6.896551724137931,stressed
Key.shift,9.22838544845581,0.2562,0.5361,40.8,204.0,37,6.896551724137931,stressed
h,9.540226459503174,0.136,0.2949,40.8,204.0,37,6.896551724137931,stressed
e,9.877227067947388,0.1694,0.337,40.8,204.0,37,6.896551724137931,stressed
Key.space,10.060020685195925,0.1442,0.1828,40.8,204.0,37,6.896551724137931,stressed
t,10.796656608581545,0.1675,0.7366,40.8,204.0,37,6.896551724137931,stressed
r,10.916833877563477,0.0959,0.1202,40.8,204.0,37,6.896551724137931,stressed
Key.backspace,11.828666925430298,0.0966,0.9118,40.8,204.0,37,6.896551724137931,stressed
Key.backspace,12.01974892616272,0.0711,0.1911,40.8,204.0,37,6.896551724137931,stressed
Key.backspace,12.172030687332152,0.0717,0.1523,40.8,204.0,37,6.896551724137931,stressed
Key.backspace,12.332332611083984,0.0722,0.1603,40.8,204.0,37,6.896551724137931,stressed
Key.backspace,12.508548259735107,0.0879,0.1762,40.8,204.0,37,6.896551724137931,stressed
r,13.108580827713013,0.0874,0.6,40.8,204.0,37,6.896551724137931,stressed
o,13.316529512405396,0.1036,0.2079,40.8,204.0,37,6.896551724137931,stressed
u,13.588428974151611,0.1039,0.2719,40.8,204.0,37,6.896551724137931,stressed
g,13.844433784484863,0.088,0.256,40.8,204.0,37,6.896551724137931,stressed
h,14.004601955413818,0.0643,0.1602,40.8,204.0,37,6.896551724137931,stressed
o,14.22901201248169,0.0809,0.2244,40.8,204.0,37,6.896551724137931,stressed
u,14.708494663238524,0.0876,0.4795,40.8,204.0,37,6.896551724137931,stressed
t,14.876447677612305,0.0642,0.168,40.8,204.0,37,6.896551724137931,stressed
Key.space,14.972410440444946,0.121,0.096,40.8,204.0,37,6.896551724137931,stressed
t,15.140149116516112,0.0482,0.1677,40.8,204.0,37,6.896551724137931,stressed
h,15.3161940574646,0.1114,0.176,40.8,204.0,37,6.896551724137931,stressed
e,15.612187385559082,0.0878,0.296,40.8,204.0,37,6.896551724137931,stressed
Key.space,15.836442947387695,0.1281,0.2243,40.8,204.0,37,6.896551724137931,stressed
s,16.252872705459595,0.1444,0.4164,40.8,204.0,37,6.896551724137931,stressed
r,16.524611949920654,0.1275,0.2717,40.8,204.0,37,6.896551724137931,stressed
e,16.70031213760376,0.1195,0.1757,40.8,204.0,37,6.896551724137931,stressed
i,16.89298129081726,0.1365,0.1927,40.8,204.0,37,6.896551724137931,stressed
e,16.9808406829834,0.0964,0.0879,40.8,204.0,37,6.896551724137931,stressed
s,17.228140354156494,0.1356,0.2473,40.8,204.0,37,6.896551724137931,stressed
Key.space,17.459715843200684,0.1993,0.2316,40.8,204.0,37,6.896551724137931,stressed
t,17.636624574661255,0.0477,0.1769,40.8,204.0,37,6.896551724137931,stressed
r,17.652129888534546,0.0795,0.0155,40.8,204.0,37,6.896551724137931,stressed
h,17.988288164138794,0.0796,0.3362,40.8,204.0,37,6.896551724137931,stressed
Key.backspace,18.259981393814087,0.08,0.2717,40.8,204.0,37,6.896551724137931,stressed
Key.backspace,18.40390491485596,0.0482,0.1439,40.8,204.0,37,6.896551724137931,stressed
Key.backspace,18.7326180934906,0.0885,0.3287,40.8,204.0,37,6.896551724137931,stressed
Key.backspace,18.875802755355835,0.0639,0.1432,40.8,204.0,37,6.896551724137931,stressed
t,19.069196701049805,0.1052,0.1934,40.8,204.0,37,6.896551724137931,stressed
h,19.221116304397583,0.0956,0.1519,40.8,204.0,37,6.896551724137931,stressed
e,19.308533668518063,0.0723,0.0874,40.8,204.0,37,6.896551724137931,stressed
Key.space,19.460660457611084,0.1129,0.1521,40.8,204.0,37,6.896551724137931,stressed
t,19.748016357421875,0.0877,0.2874,40.8,204.0,37,6.896551724137931,stressed
i,19.88435649871826,0.0873,0.1363,40.8,204.0,37,6.896551724137931,stressed
m,20.060871601104736,0.1126,0.1765,40.8,204.0,37,6.896551724137931,stressed
e,20.10859417915344,0.0797,0.0477,40.8,204.0,37,6.896551724137931,stressed
l,20.284422397613525,0.0959,0.1758,40.8,204.0,37,6.896551724137931,stressed
i,20.44422125816345,0.072,0.1598,40.8,204.0,37,6.896551724137931,stressed
n,20.652650833129883,0.1199,0.2084,40.8,204.0,37,6.896551724137931,stressed
e,20.749297380447388,0.0728,0.0966,40.8,204.0,37,6.896551724137931,stressed
Key.space,20.90857768058777,0.0803,0.1593,40.8,204.0,37,6.896551724137931,stressed
i,21.532522916793823,0.1117,0.6239,40.8,204.0,37,6.896551724137931,stressed
n,21.716696739196777,0.112,0.1842,40.8,204.0,37,6.896551724137931,stressed
t,21.940475702285767,0.1032,0.2238,40.8,204.0,37,6.896551724137931,stressed
e,22.10062885284424,0.1205,0.1602,40.8,204.0,37,6.896551724137931,stressed
r,22.180768251419067,0.0962,0.0801,40.8,204.0,37,6.896551724137931,stressed
v,22.444489002227783,0.1039,0.2637,40.8,204.0,37,6.896551724137931,stressed
Key.backspace,22.836486101150516,0.104,0.392,40.8,204.0,37,6.896551724137931,stressed
Key.backspace,23.011903524398804,0.0639,0.1754,40.8,204.0,37,6.896551724137931,stressed
r,23.804229974746704,0.0951,0.7923,40.8,204.0,37,6.896551724137931,stressed
w,24.38849925994873,0.1115,0.5843,40.8,204.0,37,6.896551724137931,stressed
a,24.613608360290527,0.1527,0.2251,40.8,204.0,37,6.896551724137931,stressed
v,24.908244848251343,0.104,0.2946,40.8,204.0,37,6.896551724137931,stressed
e,25.05223917961121,0.1278,0.144,40.8,204.0,37,6.896551724137931,stressed
s,25.30836248397827,0.1443,0.2561,40.8,204.0,37,6.896551724137931,stressed
Key.space,25.740477800369263,0.1438,0.4321,40.8,204.0,37,6.896551724137931,stressed
p,26.061004400253296,0.1448,0.3205,40.8,204.0,37,6.896551724137931,stressed
r,26.17189192771912,0.063,0.1109,40.8,204.0,37,6.896551724137931,stressed
Key.backspace,26.70820355415344,0.12,0.5363,40.8,204.0,37,6.896551724137931,stressed
e,26.844507217407227,0.1353,0.1363,40.8,204.0,37,6.896551724137931,stressed
r,27.012977600097656,0.1207,0.1685,40.8,204.0,37,6.896551724137931,stressed
s,27.444414615631104,0.1115,0.4314,40.8,204.0,37,6.896551724137931,stressed
o,27.58900499343872,0.1047,0.1446,40.8,204.0,37,6.896551724137931,stressed
n,27.788625955581665,0.105,0.1996,40.8,204.0,37,6.896551724137931,stressed
a,27.90841007232666,0.1282,0.1198,40.8,204.0,37,6.896551724137931,stressed
l,28.083752155303955,0.1191,0.1753,40.8,204.0,37,6.896551724137931,stressed
Key.space,28.283913373947144,0.0873,0.2002,40.8,204.0,37,6.896551724137931,stressed
v,28.9485502243042,0.1117,0.6646,40.8,204.0,37,6.896551724137931,stressed
e,29.14020276069641,0.1209,0.1917,40.8,204.0,37,6.896551724137931,stressed
n,29.28401827812195,0.1276,0.1438,40.8,204.0,37,6.896551724137931,stressed
d,29.444436073303223,0.1527,0.1604,40.8,204.0,37,6.896551724137931,stressed
e,29.540706634521484,0.1201,0.0963,40.8,204.0,37,6.896551724137931,stressed
t,29.7569477558136,0.0804,0.2162,40.8,204.0,37,6.896551724137931,stressed
t,29.94865131378174,0.0798,0.1917,40.8,204.0,37,6.896551724137931,stressed
a,30.45199942588806,0.2876,0.5033,40.8,204.0,37,6.896551724137931,stressed
s,30.53230690956116,0.1602,0.0803,40.8,204.0,37,6.896551724137931,stressed
Key.space,30.88452982902527,0.2014,0.3522,40.8,204.0,37,6.896551724137931,stressed
i,31.26803207397461,0.1433,0.3835,40.8,204.0,37,6.896551724137931,stressed
d,31.39614605903625,0.1356,0.1281,40.8,204.0,37,6.896551724137931,stressed
e,31.46043562889099,0.0961,0.0643,40.8,204.0,37,6.896551724137931,stressed
o,31.669090032577515,0.1366,0.2087,40.8,204.0,37,6.896551724137931,stressed
l,31.97233247756958,0.1678,0.3032,40.8,204.0,37,6.896551724137931,stressed
o,32.220677852630615,0.1366,0.2483,40.8,204.0,37,6.896551724137931,stressed
g,32.57997727394104,0.1031,0.3593,40.8,204.0,37,6.896551724137931,stressed
i,32.81197023391724,0.0958,0.232,40.8,204.0,37,6.896551724137931,stressed
c,32.92440581321716,0.1283,0.1124,40.8,204.0,37,6.896551724137931,stressed
a,33.09197497367859,0.1032,0.1676,40.8,204.0,37,6.896551724137931,stressed
l,33.140552282333374,0.0637,0.0486,40.8,204.0,37,6.896551724137931,stressed
Key.space,33.3811411857605,0.0732,0.2406,40.8,204.0,37,6.896551724137931,stressed
b,34.404620885849,0.0246,1.0235,40.8,204.0,37,6.896551724137931,stressed
a,34.580400466918945,0.103,0.1758,40.8,204.0,37,6.896551724137931,stressed
t,35.18842387199402,0.0646,0.608,40.8,204.0,37,6.896551724137931,stressed
t,35.34813356399536,0.0557,0.1597,40.8,204.0,37,6.896551724137931,stressed
l,35.82868576049805,0.1128,0.4806,40.8,204.0,37,6.896551724137931,stressed
e,35.90808820724487,0.1119,0.0794,40.8,204.0,37,6.896551724137931,stressed
s,36.14009642601013,0.1197,0.232,40.8,204.0,37,6.896551724137931,stressed
Key.space,36.30811643600464,0.1435,0.168,40.8,204.0,37,6.896551724137931,stressed
a,36.63683652877808,0.1355,0.3287,40.8,204.0,37,6.896551724137931,stressed
n,36.773027420043945,0.1127,0.1362,40.8,204.0,37,6.896551724137931,stressed
d,36.90017890930176,0.1202,0.1272,40.8,204.0,37,6.896551724137931,stressed
Key.space,37.02807641029358,0.0882,0.1279,40.8,204.0,37,6.896551724137931,stressed
t,37.78828191757202,0.0479,0.7602,40.8,204.0,37,6.896551724137931,stressed
h,37.99693202972412,0.0802,0.2087,40.8,204.0,37,6.896551724137931,stressed
e,38.12463092803955,0.1115,0.1277,40.8,204.0,37,6.896551724137931,stressed
Key.space,38.30029559135437,0.1203,0.1757,40.8,204.0,37,6.896551724137931,stressed
c,38.413127183914185,0.1214,0.1128,40.8,204.0,37,6.896551724137931,stressed
o,38.564635276794434,0.0957,0.1515,40.8,204.0,37,6.896551724137931,stressed
n,38.78823256492615,0.096,0.2236,40.8,204.0,37,6.896551724137931,stressed
s,38.89265727996826,0.1115,0.1044,40.8,204.0,37,6.896551724137931,stressed
e,39.11621332168579,0.1352,0.2236,40.8,204.0,37,6.896551724137931,stressed
q,39.387895822525024,0.1426,0.2717,40.8,204.0,37,6.896551724137931,stressed
u,39.73293423652649,0.1047,0.345,40.8,204.0,37,6.896551724137931,stressed
e,39.88503646850586,0.1127,0.1521,40.8,204.0,37,6.896551724137931,stressed
n,40.05227708816528,0.1194,0.1672,40.8,204.0,37,6.896551724137931,stressed
c,40.244632959365845,0.1036,0.1924,40.8,204.0,37,6.896551724137931,stressed
e,40.41997742652893,0.1277,0.1753,40.8,204.0,37,6.896551724137931,stressed
s,40.67752408981323,0.1367,0.2575,40.8,204.0,37,6.896551724137931,stressed
Key.space,40.87594556808472,0.0787,0.1984,40.8,204.0,37,6.896551724137931,stressed
o,42.31632971763611,0.104,1.4404,40.8,204.0,37,6.896551724137931,stressed
f,42.452372789382935,0.0641,0.136,40.8,204.0,37,6.896551724137931,stressed
Key.space,42.62005305290222,0.1119,0.1677,40.8,204.0,37,6.896551724137931,stressed
g,42.81975317001343,0.1115,0.1997,40.8,204.0,37,6.896551724137931,stressed
e,42.89183807373047,0.1118,0.0721,40.8,204.0,37,6.896551724137931,stressed
n,43.05192446708679,0.1038,0.1601,40.8,204.0,37,6.896551724137931,stressed
e,43.22010588645935,0.0472,0.1682,40.8,204.0,37,6.896551724137931,stressed
t,43.66000843048096,0.119,0.4399,40.8,204.0,37,6.896551724137931,stressed
i,44.25231099128723,0.1277,0.5923,40.8,204.0,37,6.896551724137931,stressed
c,44.34857773780823,0.088,0.0963,40.8,204.0,37,6.896551724137931,stressed
Key.space,44.49240326881409,0.1127,0.1438,40.8,204.0,37,6.896551724137931,stressed
e,44.91621518135071,0.1598,0.4238,40.8,204.0,37,6.896551724137931,stressed
n,45.04452323913574,0.096,0.1283,40.8,204.0,37,6.896551724137931,stressed
g,45.25182032585144,0.0881,0.2073,40.8,204.0,37,6.896551724137931,stressed
i,45.45217704772949,0.0803,0.2004,40.8,204.0,37,6.896551724137931,stressed
n,45.61227011680603,0.1037,0.1601,40.8,204.0,37,6.896551724137931,stressed
e,45.74112629890442,0.1044,0.1289,40.8,204.0,37,6.896551724137931,stressed
e,46.20391011238098,0.0798,0.4628,40.8,204.0,37,6.896551724137931,stressed
r,46.3961980342865,0.0803,0.1923,40.8,204.0,37,6.896551724137931,stressed
i,46.604557275772095,0.1283,0.2084,40.8,204.0,37,6.896551724137931,stressed
n,46.77296853065491,0.1366,0.1684,40.8,204.0,37,6.896551724137931,stressed
g,46.87675595283508,0.0883,0.1038,40.8,204.0,37,6.896551724137931,stressed
Key.space,47.09243488311768,0.0722,0.2157,40.8,204.0,37,6.896551724137931,stressed
a,47.988128900527954,0.0952,0.8957,40.8,204.0,37,6.896551724137931,stressed
l,48.09218335151672,0.0639,0.1041,40.8,204.0,37,6.896551724137931,stressed
l,48.26120018959045,0.0644,0.169,40.8,204.0,37,6.896551724137931,stressed
Key.space,48.54830932617188,0.088,0.2871,40.8,204.0,37,6.896551724137931,stressed
u,49.98056221008301,0.1369,1.4323,40.8,204.0,37,6.896551724137931,stressed
n,50.101070404052734,0.113,0.1205,40.8,204.0,37,6.896551724137931,stressed
s,50.46094846725464,0.2004,0.3599,40.8,204.0,37,6.896551724137931,stressed
Key.backspace,51.0036301612854,0.1192,0.5427,40.8,204.0,37,6.896551724137931,stressed
d,51.09245204925537,0.1204,0.0888,40.8,204.0,37,6.896551724137931,stressed
e,51.204038858413696,0.1366,0.1116,40.8,204.0,37,6.896551724137931,stressed
r,51.44495701789856,0.1044,0.2409,40.8,204.0,37,6.896551724137931,stressed
s,51.75634694099426,0.1041,0.3114,40.8,204.0,37,6.896551724137931,stressed
c,52.00451040267944,0.1351,0.2482,40.8,204.0,37,6.896551724137931,stressed
o,52.77992868423462,0.1357,0.7754,40.8,204.0,37,6.896551724137931,stressed
r,52.9091215133667,0.1131,0.1292,40.8,204.0,37,6.896551724137931,stressed
e,53.14860987663269,0.136,0.2395,40.8,204.0,37,6.896551724137931,stressed
d,53.300405979156494,0.1273,0.1518,40.8,204.0,37,6.896551724137931,stressed
Key.space,53.46023416519165,0.1272,0.1598,40.8,204.0,37,6.896551724137931,stressed
b,53.972750425338745,0.1287,0.5125,40.8,204.0,37,6.896551724137931,stressed
y,54.180710792541504,0.0805,0.208,40.8,204.0,37,6.896551724137931,stressed
Key.space,54.40473175048828,0.1528,0.224,40.8,204.0,37,6.896551724137931,stressed
t,54.539448261260986,0.0703,0.1347,40.8,204.0,37,6.896551724137931,stressed
h,54.740525007247925,0.1282,0.2011,40.8,204.0,37,6.896551724137931,stressed
e,54.81191635131836,0.0948,0.0714,40.8,204.0,37,6.896551724137931,stressed
Key.space,54.987874269485474,0.1273,0.176,40.8,204.0,37,6.896551724137931,stressed
r,55.38044881820679,0.1599,0.3926,40.8,204.0,37,6.896551724137931,stressed
e,55.49305367469788,0.1042,0.1126,40.8,204.0,37,6.896551724137931,stressed
c,55.69251322746277,0.1047,0.1995,40.8,204.0,37,6.896551724137931,stressed
u,55.92470741271973,0.1045,0.2322,40.8,204.0,37,6.896551724137931,stressed
r,56.08467650413513,0.0648,0.16,40.8,204.0,37,6.896551724137931,stressed
r,56.251914739608765,0.0793,0.1672,40.8,204.0,37,6.896551724137931,stressed
i,56.40415239334106,0.1112,0.1522,40.8,204.0,37,6.896551724137931,stressed
n,56.56454610824585,0.1356,0.1604,40.8,204.0,37,6.896551724137931,stressed
g,57.03681969642639,0.169,0.4723,40.8,204.0,37,6.896551724137931,stressed
Key.space,57.276636362075806,0.1287,0.2398,40.8,204.0,37,6.896551724137931,stressed
m,57.71599864959717,0.1117,0.4394,40.8,204.0,37,6.896551724137931,stressed
o,57.94077062606812,0.1121,0.2248,40.8,204.0,37,6.896551724137931,stressed
t,58.09271740913391,0.0723,0.1519,40.8,204.0,37,6.896551724137931,stressed
i,58.29174041748047,0.103,0.199,40.8,204.0,37,6.896551724137931,stressed
f,58.6839554309845,0.0633,0.3922,40.8,204.0,37,6.896551724137931,stressed
f,58.82902216911316,0.0642,0.1451,40.8,204.0,37,6.896551724137931,stressed
Key.space,59.16400408744812,0.0797,0.335,40.8,204.0,37,6.896551724137931,stressed
a,59.51629972457886,0.0646,0.3523,40.8,204.0,37,6.896551724137931,stressed
Key.backspace,60.06013584136963,0.1203,0.5438,40.8,204.0,37,6.896551724137931,stressed
Key.shift,2.581276655197144,0.3759,2.4806,47.8,239.0,29,0.8620689655172413,stressed
f,2.9180586338043213,0.0969,0.3206,47.8,239.0,29,0.8620689655172413,stressed
t,3.149531602859497,0.0961,0.2315,47.8,239.0,29,0.8620689655172413,stressed
e,3.325115919113159,0.1275,0.1756,47.8,239.0,29,0.8620689655172413,stressed
r,3.509188652038574,0.1282,0.1841,47.8,239.0,29,0.8620689655172413,stressed
Key.space,3.716384649276733,0.1354,0.2072,47.8,239.0,29,0.8620689655172413,stressed
d,4.149481058120728,0.1519,0.4331,47.8,239.0,29,0.8620689655172413,stressed
e,4.245222330093384,0.1437,0.0957,47.8,239.0,29,0.8620689655172413,stressed
f,4.517624616622925,0.1203,0.2724,47.8,239.0,29,0.8620689655172413,stressed
e,4.81354570388794,0.1362,0.2959,47.8,239.0,29,0.8620689655172413,stressed
a,5.16569447517395,0.1605,0.3521,47.8,239.0,29,0.8620689655172413,stressed
t,5.261122703552246,0.0798,0.0954,47.8,239.0,29,0.8620689655172413,stressed
i,5.581067323684692,0.1109,0.3199,47.8,239.0,29,0.8620689655172413,stressed
n,5.8527140617370605,0.1434,0.2716,47.8,239.0,29,0.8620689655172413,stressed
g,5.9105751514434814,0.0736,0.0579,47.8,239.0,29,0.8620689655172413,stressed
Key.space,6.10877537727356,0.0875,0.1982,47.8,239.0,29,0.8620689655172413,stressed
h,6.693187475204468,0.0884,0.5844,47.8,239.0,29,0.8620689655172413,stressed
i,6.948934316635132,0.0959,0.2557,47.8,239.0,29,0.8620689655172413,stressed
m,7.348946809768677,0.0477,0.4,47.8,239.0,29,0.8620689655172413,stressed
",",7.757111310958862,0.0637,0.4082,47.8,239.0,29,0.8620689655172413,stressed
Key.space,8.013531923294067,0.12,0.2564,47.8,239.0,29,0.8620689655172413,stressed
t,8.11795687675476,0.0971,0.1044,47.8,239.0,29,0.8620689655172413,stressed
h,8.325311422348022,0.1123,0.2074,47.8,239.0,29,0.8620689655172413,stressed
e,8.573752641677856,0.0961,0.2484,47.8,239.0,29,0.8620689655172413,stressed
Key.space,8.949103593826294,0.1281,0.3754,47.8,239.0,29,0.8620689655172413,stressed
Key.shift,9.356887817382812,0.1516,0.4078,47.8,239.0,29,0.8620689655172413,stressed
a,9.653105735778809,0.1362,0.2082,47.8,239.0,29,0.8620689655172413,stressed
i,9.797406673431396,0.0957,0.1443,47.8,239.0,29,0.8620689655172413,stressed
d,9.957679986953735,0.1679,0.1603,47.8,239.0,29,0.8620689655172413,stressed
e,10.005235433578491,0.0719,0.0476,47.8,239.0,29,0.8620689655172413,stressed
n,10.828914642333984,0.087,0.8237,47.8,239.0,29,0.8620689655172413,stressed
Key.space,11.004880428314207,0.1194,0.176,47.8,239.0,29,0.8620689655172413,stressed
i,11.18947982788086,0.1043,0.1846,47.8,239.0,29,0.8620689655172413,stressed
n,11.365803956985474,0.08,0.1763,47.8,239.0,29,0.8620689655172413,stressed
Key.space,11.57324242591858,0.1118,0.2074,47.8,239.0,29,0.8620689655172413,stressed
Key.shift,11.86915397644043,0.288,0.2959,47.8,239.0,29,0.8620689655172413,stressed
l,12.22238063812256,0.138,0.3214,47.8,239.0,29,0.8620689655172413,stressed
a,12.333662271499634,0.1604,0.1113,47.8,239.0,29,0.8620689655172413,stressed
c,12.49388837814331,0.1207,0.1602,47.8,239.0,29,0.8620689655172413,stressed
k,12.637336015701294,0.1116,0.1434,47.8,239.0,29,0.8620689655172413,stressed
Key.space,12.988829374313354,0.1434,0.3515,47.8,239.0,29,0.8620689655172413,stressed
s,13.47747802734375,0.1282,0.4886,47.8,239.0,29,0.8620689655172413,stressed
o,13.637559652328491,0.0803,0.1601,47.8,239.0,29,0.8620689655172413,stressed
o,13.797864198684692,0.0884,0.1603,47.8,239.0,29,0.8620689655172413,stressed
t,13.948907375335692,0.0797,0.151,47.8,239.0,29,0.8620689655172413,stressed
h,14.101439237594604,0.0884,0.1525,47.8,239.0,29,0.8620689655172413,stressed
e,14.293067693710327,0.1359,0.1916,47.8,239.0,29,0.8620689655172413,stressed
s,14.573599576950071,0.1044,0.2805,47.8,239.0,29,0.8620689655172413,stressed
Key.space,14.73304295539856,0.1359,0.1594,47.8,239.0,29,0.8620689655172413,stressed
t,14.942255973815918,0.0725,0.2092,47.8,239.0,29,0.8620689655172413,stressed
h,15.100981950759888,0.072,0.1587,47.8,239.0,29,0.8620689655172413,stressed
Key.space,15.357758522033691,0.0721,0.2568,47.8,239.0,29,0.8620689655172413,stressed
e,15.565115928649902,0.0721,0.2074,47.8,239.0,29,0.8620689655172413,stressed
Key.backspace,15.93250584602356,0.0875,0.3674,47.8,239.0,29,0.8620689655172413,stressed
Key.backspace,16.109426736831665,0.0807,0.1769,47.8,239.0,29,0.8620689655172413,stressed
e,16.229347467422485,0.0802,0.1199,47.8,239.0,29,0.8620689655172413,stressed
Key.space,16.605528116226196,0.128,0.3762,47.8,239.0,29,0.8620689655172413,stressed
Key.shift,16.82878351211548,0.1759,0.2233,47.8,239.0,29,0.8620689655172413,stressed
l,17.101019382476807,0.0955,0.2232,47.8,239.0,29,0.8620689655172413,stressed
d,17.18922710418701,0.0795,0.0882,47.8,239.0,29,0.8620689655172413,stressed
Key.space,17.397476196289062,0.1042,0.2082,47.8,239.0,29,0.8620689655172413,stressed
Key.shift,17.73316717147827,0.2151,0.3357,47.8,239.0,29,0.8620689655172413,stressed
n,18.05344033241272,0.128,0.2484,47.8,239.0,29,0.8620689655172413,stressed
e,18.156977653503414,0.08,0.1035,47.8,239.0,29,0.8620689655172413,stressed
Key.space,18.380946159362797,0.088,0.224,47.8,239.0,29,0.8620689655172413,stressed
b,18.885429859161377,0.1044,0.5045,47.8,239.0,29,0.8620689655172413,stressed
a,19.01311469078064,0.1362,0.1277,47.8,239.0,29,0.8620689655172413,stressed
c,19.236846685409542,0.1519,0.2237,47.8,239.0,29,0.8620689655172413,stressed
k,19.36495351791382,0.0878,0.1281,47.8,239.0,29,0.8620689655172413,stressed
Key.space,19.637967824935917,0.1521,0.273,47.8,239.0,29,0.8620689655172413,stressed
i,20.55724287033081,0.1198,0.9193,47.8,239.0,29,0.8620689655172413,stressed
n,20.73340153694153,0.1523,0.1762,47.8,239.0,29,0.8620689655172413,stressed
t,20.813742876052856,0.088,0.0803,47.8,239.0,29,0.8620689655172413,stressed
o,21.01365447044373,0.1281,0.1999,47.8,239.0,29,0.8620689655172413,stressed
Key.space,21.277780532836918,0.1123,0.2641,47.8,239.0,29,0.8620689655172413,stressed
Key.shift,21.74155139923096,0.2486,0.4638,47.8,239.0,29,0.8620689655172413,stressed
s,22.125208854675293,0.1347,0.3837,47.8,239.0,29,0.8620689655172413,stressed
l,22.229209661483765,0.0962,0.104,47.8,239.0,29,0.8620689655172413,stressed
u,22.500965356826782,0.0951,0.2718,47.8,239.0,29,0.8620689655172413,stressed
m,22.693436861038208,0.0806,0.1925,47.8,239.0,29,0.8620689655172413,stressed
b,22.989314079284668,0.0963,0.2959,47.8,239.0,29,0.8620689655172413,stressed
e,23.109553337097168,0.112,0.1202,47.8,239.0,29,0.8620689655172413,stressed
r,23.26901888847351,0.0627,0.1595,47.8,239.0,29,0.8620689655172413,stressed
Key.space,23.73310852050781,0.1442,0.4641,47.8,239.0,29,0.8620689655172413,stressed
a,23.989288806915283,0.2002,0.2562,47.8,239.0,29,0.8620689655172413,stressed
n,24.07749938964844,0.1123,0.0882,47.8,239.0,29,0.8620689655172413,stressed
d,24.101182222366333,0.1038,0.0237,47.8,239.0,29,0.8620689655172413,stressed
Key.space,24.325335025787357,0.1766,0.2242,47.8,239.0,29,0.8620689655172413,stressed
t,24.43773865699768,0.0964,0.1124,47.8,239.0,29,0.8620689655172413,stressed
h,24.613433837890625,0.1202,0.1757,47.8,239.0,29,0.8620689655172413,stressed
e,24.71726655960083,0.1027,0.1038,47.8,239.0,29,0.8620689655172413,stressed
Key.space,24.91747212409973,0.1354,0.2002,47.8,239.0,29,0.8620689655172413,stressed
p,25.54121994972229,0.0884,0.6237,47.8,239.0,29,0.8620689655172413,stressed
l,25.756941318511963,0.0959,0.2157,47.8,239.0,29,0.8620689655172413,stressed
a,25.933762311935425,0.1446,0.1768,47.8,239.0,29,0.8620689655172413,stressed
y,26.158031463623047,0.0887,0.2243,47.8,239.0,29,0.8620689655172413,stressed
e,26.30182528495789,0.1197,0.1438,47.8,239.0,29,0.8620689655172413,stressed
r,26.445550203323364,0.0881,0.1437,47.8,239.0,29,0.8620689655172413,stressed
Key.space,26.669167518615723,0.136,0.2236,47.8,239.0,29,0.8620689655172413,stressed
",",27.22077417373657,0.1027,0.5516,47.8,239.0,29,0.8620689655172413,stressed
u,27.44558477401733,0.0885,0.2248,47.8,239.0,29,0.8620689655172413,stressed
s,27.5654456615448,0.1276,0.1199,47.8,239.0,29,0.8620689655172413,stressed
t,27.694175004959103,0.0651,0.1287,47.8,239.0,29,0.8620689655172413,stressed
Key.space,27.941131353378296,0.1119,0.247,47.8,239.0,29,0.8620689655172413,stressed
c,28.029561758041385,0.1124,0.0884,47.8,239.0,29,0.8620689655172413,stressed
h,28.165133237838745,0.0721,0.1356,47.8,239.0,29,0.8620689655172413,stressed
o,28.413434505462646,0.0563,0.2483,47.8,239.0,29,0.8620689655172413,stressed
o,28.565471410751343,0.0646,0.152,47.8,239.0,29,0.8620689655172413,stressed
s,28.76538038253784,0.1441,0.1999,47.8,239.0,29,0.8620689655172413,stressed
e,28.88494992256165,0.0958,0.1196,47.8,239.0,29,0.8620689655172413,stressed
Key.space,29.05306506156921,0.088,0.1681,47.8,239.0,29,0.8620689655172413,stressed
e,30.39759349822998,0.1361,1.3445,47.8,239.0,29,0.8620689655172413,stressed
i,30.501078128814697,0.0959,0.1035,47.8,239.0,29,0.8620689655172413,stressed
t,30.693830013275143,0.1045,0.1928,47.8,239.0,29,0.8620689655172413,stressed
h,30.82184672355652,0.1113,0.128,47.8,239.0,29,0.8620689655172413,stressed
e,31.013198375701904,0.1681,0.1914,47.8,239.0,29,0.8620689655172413,stressed
r,31.085826873779297,0.0886,0.0726,47.8,239.0,29,0.8620689655172413,stressed
Key.space,31.357109546661377,0.1361,0.2713,47.8,239.0,29,0.8620689655172413,stressed
t,32.324599742889404,0.0871,0.9675,47.8,239.0,29,0.8620689655172413,stressed
o,32.42131853103638,0.0882,0.0967,47.8,239.0,29,0.8620689655172413,stressed
Key.space,32.66959381103516,0.0963,0.2483,47.8,239.0,29,0.8620689655172413,stressed
l,32.95778822898865,0.1448,0.2882,47.8,239.0,29,0.8620689655172413,stressed
e,33.05342221260071,0.1042,0.0956,47.8,239.0,29,0.8620689655172413,stressed
a,33.29317688941956,0.1761,0.2398,47.8,239.0,29,0.8620689655172413,stressed
v,33.63716554641724,0.1042,0.344,47.8,239.0,29,0.8620689655172413,stressed
e,33.733006715774536,0.0872,0.0958,47.8,239.0,29,0.8620689655172413,stressed
Key.space,34.54165196418762,0.1439,0.8086,47.8,239.0,29,0.8620689655172413,stressed
a,34.76526355743408,0.1669,0.2236,47.8,239.0,29,0.8620689655172413,stressed
n,34.901551246643066,0.0966,0.1363,47.8,239.0,29,0.8620689655172413,stressed
d,35.2060022354126,0.1441,0.3045,47.8,239.0,29,0.8620689655172413,stressed
Key.space,35.70123291015625,0.1439,0.4952,47.8,239.0,29,0.8620689655172413,stressed
r,35.91662001609802,0.1992,0.2154,47.8,239.0,29,0.8620689655172413,stressed
e,36.00492835044861,0.1119,0.0883,47.8,239.0,29,0.8620689655172413,stressed
s,36.261380434036255,0.1438,0.2565,47.8,239.0,29,0.8620689655172413,stressed
t,36.47691202163696,0.0798,0.2155,47.8,239.0,29,0.8620689655172413,stressed
o,36.80524039268494,0.0946,0.3283,47.8,239.0,29,0.8620689655172413,stressed
r,36.94919037818909,0.1121,0.1439,47.8,239.0,29,0.8620689655172413,stressed
e,37.05454516410828,0.1451,0.1054,47.8,239.0,29,0.8620689655172413,stressed
Key.space,37.88504409790039,0.102,0.8305,47.8,239.0,29,0.8620689655172413,stressed
b,38.1255669593811,0.1117,0.2405,47.8,239.0,29,0.8620689655172413,stressed
a,38.22076082229614,0.1112,0.0952,47.8,239.0,29,0.8620689655172413,stressed
l,38.4615695476532,0.1436,0.2408,47.8,239.0,29,0.8620689655172413,stressed
a,38.51707553863525,0.0877,0.0555,47.8,239.0,29,0.8620689655172413,stressed
n,38.86944603919983,0.0807,0.3524,47.8,239.0,29,0.8620689655172413,stressed
c,39.09278535842896,0.1587,0.2233,47.8,239.0,29,0.8620689655172413,stressed
e,39.181708097457886,0.0961,0.0889,47.8,239.0,29,0.8620689655172413,stressed
Key.space,39.41290020942688,0.1119,0.2312,47.8,239.0,29,0.8620689655172413,stressed
o,40.55732846260071,0.0882,1.1444,47.8,239.0,29,0.8620689655172413,stressed
r,40.68467688560486,0.1035,0.1273,47.8,239.0,29,0.8620689655172413,stressed
Key.space,40.8293719291687,0.1121,0.1447,47.8,239.0,29,0.8620689655172413,stressed
k,41.397784948349,0.0812,0.5684,47.8,239.0,29,0.8620689655172413,stressed
i,41.58163046836853,0.0561,0.1838,47.8,239.0,29,0.8620689655172413,stressed
l,41.797245025634766,0.0707,0.2156,47.8,239.0,29,0.8620689655172413,stressed
Key.space,42.22088146209717,0.1196,0.4236,47.8,239.0,29,0.8620689655172413,stressed
t,42.33323860168457,0.0801,0.1124,47.8,239.0,29,0.8620689655172413,stressed
h,42.46901559829712,0.0716,0.1358,47.8,239.0,29,0.8620689655172413,stressed
e,42.59054565429688,0.0896,0.1215,47.8,239.0,29,0.8620689655172413,stressed
Key.space,42.70125150680542,0.0804,0.1107,47.8,239.0,29,0.8620689655172413,stressed
Key.shift,42.87764120101929,0.1204,0.1764,47.8,239.0,29,0.8620689655172413,stressed
a,43.43742656707764,0.1124,0.4069,47.8,239.0,29,0.8620689655172413,stressed
i,43.68510890007019,0.1118,0.2477,47.8,239.0,29,0.8620689655172413,stressed
d,43.70140242576599,0.1688,0.0163,47.8,239.0,29,0.8620689655172413,stressed
e,43.81346154212952,0.1035,0.1121,47.8,239.0,29,0.8620689655172413,stressed
n,43.97323417663574,0.1119,0.1598,47.8,239.0,29,0.8620689655172413,stressed
Key.space,44.21313166618347,0.12,0.2399,47.8,239.0,29,0.8620689655172413,stressed
i,44.58188843727112,0.1126,0.3688,47.8,239.0,29,0.8620689655172413,stressed
n,44.74119710922241,0.0639,0.1593,47.8,239.0,29,0.8620689655172413,stressed
Key.space,44.94124507904053,0.0719,0.2,47.8,239.0,29,0.8620689655172413,stressed
Key.shift,45.11746692657471,0.1524,0.1762,47.8,239.0,29,0.8620689655172413,stressed
l,45.43705487251282,0.0956,0.2721,47.8,239.0,29,0.8620689655172413,stressed
a,45.53316712379456,0.1431,0.0961,47.8,239.0,29,0.8620689655172413,stressed
c,45.73356914520264,0.1443,0.2004,47.8,239.0,29,0.8620689655172413,stressed
k,45.8611102104187,0.1117,0.1275,47.8,239.0,29,0.8620689655172413,stressed
",",46.5414309501648,0.0882,0.6803,47.8,239.0,29,0.8620689655172413,stressed
Key.space,46.82158827781677,0.1123,0.2802,47.8,239.0,29,0.8620689655172413,stressed
b,47.076908588409424,0.0958,0.2553,47.8,239.0,29,0.8620689655172413,stressed
e,47.22906732559204,0.1193,0.1522,47.8,239.0,29,0.8620689655172413,stressed
c,47.42914652824402,0.1111,0.2001,47.8,239.0,29,0.8620689655172413,stressed
o,47.54957604408264,0.1046,0.1204,47.8,239.0,29,0.8620689655172413,stressed
m,47.78130507469177,0.1284,0.2317,47.8,239.0,29,0.8620689655172413,stressed
i,48.0529899597168,0.1433,0.2717,47.8,239.0,29,0.8620689655172413,stressed
n,48.20560956001282,0.1041,0.1526,47.8,239.0,29,0.8620689655172413,stressed
g,48.261833906173706,0.0804,0.0562,47.8,239.0,29,0.8620689655172413,stressed
Key.space,48.68549180030823,0.1127,0.4237,47.8,239.0,29,0.8620689655172413,stressed
a,48.941853761672974,0.1516,0.2564,47.8,239.0,29,0.8620689655172413,stressed
Key.space,49.08502173423767,0.1358,0.1432,47.8,239.0,29,0.8620689655172413,stressed
n,49.3014714717865,0.1286,0.2164,47.8,239.0,29,0.8620689655172413,stressed
e,49.41326117515564,0.1684,0.1118,47.8,239.0,29,0.8620689655172413,stressed
w,49.60531258583069,0.0956,0.1921,47.8,239.0,29,0.8620689655172413,stressed
Key.space,49.78908848762512,0.1118,0.1838,47.8,239.0,29,0.8620689655172413,stressed
p,50.125403881073,0.0883,0.3363,47.8,239.0,29,0.8620689655172413,stressed
o,50.33261036872864,0.087,0.2072,47.8,239.0,29,0.8620689655172413,stressed
w,50.469526052474976,0.1285,0.1369,47.8,239.0,29,0.8620689655172413,stressed
e,50.60498905181885,0.0871,0.1355,47.8,239.0,29,0.8620689655172413,stressed
r,50.78931164741516,0.0561,0.1843,47.8,239.0,29,0.8620689655172413,stressed
f,51.09407258033752,0.0725,0.3048,47.8,239.0,29,0.8620689655172413,stressed
u,51.26982355117798,0.0808,0.1758,47.8,239.0,29,0.8620689655172413,stressed
l,51.50154733657837,0.0882,0.2317,47.8,239.0,29,0.8620689655172413,stressed
Key.space,52.052462339401245,0.0713,0.5509,47.8,239.0,29,0.8620689655172413,stressed
d,52.245423793792725,0.1442,0.193,47.8,239.0,29,0.8620689655172413,stressed
e,52.309144735336304,0.0884,0.0637,47.8,239.0,29,0.8620689655172413,stressed
m,53.0064857006073,0.0976,0.6973,47.8,239.0,29,0.8620689655172413,stressed
o,53.20568013191223,0.1038,0.1992,47.8,239.0,29,0.8620689655172413,stressed
n,53.38101267814636,0.0793,0.1753,47.8,239.0,29,0.8620689655172413,stressed
Key.space,53.65310096740723,0.1198,0.2721,47.8,239.0,29,0.8620689655172413,stressed
a,53.91710543632507,0.1836,0.264,47.8,239.0,29,0.8620689655172413,stressed
n,54.03705430030823,0.0643,0.1199,47.8,239.0,29,0.8620689655172413,stressed
d,54.64566922187805,0.0888,0.6086,47.8,239.0,29,0.8620689655172413,stressed
Key.space,54.83704352378845,0.1283,0.1914,47.8,239.0,29,0.8620689655172413,stressed
a,54.96571755409241,0.096,0.1287,47.8,239.0,29,0.8620689655172413,stressed
l,55.13355207443237,0.0886,0.1678,47.8,239.0,29,0.8620689655172413,stressed
l,55.30130696296692,0.0876,0.1678,47.8,239.0,29,0.8620689655172413,stressed
o,55.48521566390991,0.0724,0.1839,47.8,239.0,29,0.8620689655172413,stressed
w,55.61369585990906,0.088,0.1285,47.8,239.0,29,0.8620689655172413,stressed
i,55.853883266448975,0.1289,0.2402,47.8,239.0,29,0.8620689655172413,stressed
n,56.02920198440552,0.08,0.1753,47.8,239.0,29,0.8620689655172413,stressed
g,56.09341025352478,0.0877,0.0642,47.8,239.0,29,0.8620689655172413,stressed
Key.space,56.573179483413696,0.12,0.4798,47.8,239.0,29,0.8620689655172413,stressed
a,57.6695864200592,0.1834,1.0964,47.8,239.0,29,0.8620689655172413,stressed
m,57.7817542552948,0.072,0.1122,47.8,239.0,29,0.8620689655172413,stressed
b,57.981335163116455,0.0714,0.1996,47.8,239.0,29,0.8620689655172413,stressed
i,58.21375846862793,0.0803,0.2324,47.8,239.0,29,0.8620689655172413,stressed
t,58.33332014083862,0.0882,0.1196,47.8,239.0,29,0.8620689655172413,stressed
i,58.46902799606323,0.0553,0.1357,47.8,239.0,29,0.8620689655172413,stressed
o,58.64522933959961,0.0641,0.1762,47.8,239.0,29,0.8620689655172413,stressed
n,58.853254079818726,0.0564,0.208,47.8,239.0,29,0.8620689655172413,stressed
Key.space,59.06952881813049,0.1041,0.2163,47.8,239.0,29,0.8620689655172413,stressed
s,59.220884561538696,0.128,0.1514,47.8,239.0,29,0.8620689655172413,stressed
a,59.30943322181702,0.1521,0.0885,47.8,239.0,29,0.8620689655172413,stressed
c,59.5411741733551,0.1359,0.2317,47.8,239.0,29,0.8620689655172413,stressed
r,59.757906675338745,0.0808,0.2167,47.8,239.0,29,0.8620689655172413,stressed
i,60.00446939468384,0.1023,0.2466,47.8,239.0,29,0.8620689655172413,stressed
Key.alt_l,0.8507547378540039,0.4485,0.7198,43.8,219.0,34,4.5662100456621,stressed
T,3.4677574634552,0.0889,2.617,43.8,219.0,34,4.5662100456621,stressed
Key.shift,3.506516933441162,0.4397,0.0388,43.8,219.0,34,4.5662100456621,stressed
h,3.8747498989105225,0.1119,0.3682,43.8,219.0,34,4.5662100456621,stressed
r,4.11461615562439,0.0708,0.2399,43.8,219.0,34,4.5662100456621,stressed
o,4.219423294067383,0.1445,0.1048,43.8,219.0,34,4.5662100456621,stressed
u,4.482905149459839,0.1037,0.2635,43.8,219.0,34,4.5662100456621,stressed
g,4.642530679702759,0.0792,0.1596,43.8,219.0,34,4.5662100456621,stressed
h,4.763248920440674,0.0882,0.1207,43.8,219.0,34,4.5662100456621,stressed
o,5.019293785095215,0.1044,0.256,43.8,219.0,34,4.5662100456621,stressed
u,5.426817178726196,0.1278,0.4075,43.8,219.0,34,4.5662100456621,stressed
t,5.538735628128052,0.104,0.1119,43.8,219.0,34,4.5662100456621,stressed
Key.space,5.7546868324279785,0.1439,0.216,43.8,219.0,34,4.5662100456621,stressed
t,6.491621494293213,0.1128,0.7369,43.8,219.0,34,4.5662100456621,stressed
h,6.667356014251709,0.1362,0.1757,43.8,219.0,34,4.5662100456621,stressed
e,6.834482192993164,0.1274,0.1671,43.8,219.0,34,4.5662100456621,stressed
Key.space,7.042288064956665,0.1271,0.2078,43.8,219.0,34,4.5662100456621,stressed
s,7.1787497997283936,0.1355,0.1365,43.8,219.0,34,4.5662100456621,stressed
r,7.435363054275513,0.1199,0.2566,43.8,219.0,34,4.5662100456621,stressed
Key.backspace,7.978826522827148,0.1518,0.5435,43.8,219.0,34,4.5662100456621,stressed
e,8.050599813461304,0.1037,0.0718,43.8,219.0,34,4.5662100456621,stressed
r,8.178983926773071,0.1274,0.1284,43.8,219.0,34,4.5662100456621,stressed
i,8.611602306365967,0.1043,0.4326,43.8,219.0,34,4.5662100456621,stressed
e,8.675403833389282,0.0798,0.0638,43.8,219.0,34,4.5662100456621,stressed
s,8.963326454162598,0.1281,0.2879,43.8,219.0,34,4.5662100456621,stressed
Key.space,9.098886251449583,0.1441,0.1356,43.8,219.0,34,4.5662100456621,stressed
t,9.299277782440186,0.0965,0.2004,43.8,219.0,34,4.5662100456621,stressed
h,9.419013261795044,0.0954,0.1197,43.8,219.0,34,4.5662100456621,stressed
e,9.506211280822754,0.0794,0.0872,43.8,219.0,34,4.5662100456621,stressed
Key.space,9.65853476524353,0.1352,0.1523,43.8,219.0,34,4.5662100456621,stressed
t,9.875083684921265,0.0879,0.2165,43.8,219.0,34,4.5662100456621,stressed
i,10.08310866355896,0.0802,0.208,43.8,219.0,34,4.5662100456621,stressed
m,10.2666654586792,0.1033,0.1836,43.8,219.0,34,4.5662100456621,stressed
e,10.34730076789856,0.1126,0.0806,43.8,219.0,34,4.5662100456621,stressed
l,10.499237775802612,0.1119,0.1519,43.8,219.0,34,4.5662100456621,stressed
i,10.778264999389648,0.1677,0.279,43.8,219.0,34,4.5662100456621,stressed
n,10.899056911468506,0.1442,0.1208,43.8,219.0,34,4.5662100456621,stressed
e,11.019577503204346,0.1124,0.1205,43.8,219.0,34,4.5662100456621,stressed
Key.space,11.186930179595947,0.1362,0.1674,43.8,219.0,34,4.5662100456621,stressed
i,11.86725926399231,0.12,0.6803,43.8,219.0,34,4.5662100456621,stressed
n,12.02669882774353,0.1438,0.1594,43.8,219.0,34,4.5662100456621,stressed
t,12.13089895248413,0.0962,0.1042,43.8,219.0,34,4.5662100456621,stressed
e,12.34691596031189,0.1517,0.216,43.8,219.0,34,4.5662100456621,stressed
r,12.419890880584717,0.0802,0.073,43.8,219.0,34,4.5662100456621,stressed
w,13.899043321609495,0.1278,1.4792,43.8,219.0,34,4.5662100456621,stressed
e,14.491718769073486,0.1121,0.5927,43.8,219.0,34,4.5662100456621,stressed
a,14.762636423110962,0.1601,0.2709,43.8,219.0,34,4.5662100456621,stressed
b,14.882719039916992,0.056,0.1201,43.8,219.0,34,4.5662100456621,stressed
Key.backspace,15.38656449317932,0.1363,0.5038,43.8,219.0,34,4.5662100456621,stressed
v,15.459812879562378,0.0818,0.0732,43.8,219.0,34,4.5662100456621,stressed
e,15.691295623779297,0.1121,0.2315,43.8,219.0,34,4.5662100456621,stressed
s,15.947187423706056,0.1367,0.2559,43.8,219.0,34,4.5662100456621,stressed
Key.space,16.210711002349854,0.1358,0.2635,43.8,219.0,34,4.5662100456621,stressed
v,16.78002119064331,0.1045,0.5693,43.8,219.0,34,4.5662100456621,stressed
e,16.95502805709839,0.1041,0.175,43.8,219.0,34,4.5662100456621,stressed
n,17.138936281204224,0.1038,0.1839,43.8,219.0,34,4.5662100456621,stressed
d,17.26741123199463,0.1205,0.1285,43.8,219.0,34,4.5662100456621,stressed
e,17.36248254776001,0.1111,0.0951,43.8,219.0,34,4.5662100456621,stressed
t,17.60316514968872,0.0644,0.2407,43.8,219.0,34,4.5662100456621,stressed
t,17.771066188812256,0.0877,0.1679,43.8,219.0,34,4.5662100456621,stressed
a,18.13128113746643,0.2245,0.3602,43.8,219.0,34,4.5662100456621,stressed
s,18.19449281692505,0.1118,0.0632,43.8,219.0,34,4.5662100456621,stressed
Key.space,18.50690984725952,0.1193,0.3124,43.8,219.0,34,4.5662100456621,stressed
i,18.850773572921756,0.104,0.3439,43.8,219.0,34,4.5662100456621,stressed
d,18.979616403579712,0.1204,0.1288,43.8,219.0,34,4.5662100456621,stressed
e,19.035011768341064,0.1037,0.0554,43.8,219.0,34,4.5662100456621,stressed
l,19.195236921310425,0.1041,0.1602,43.8,219.0,34,4.5662100456621,stressed
o,19.42676281929016,0.128,0.2315,43.8,219.0,34,4.5662100456621,stressed
g,19.603285789489743,0.0879,0.1765,43.8,219.0,34,4.5662100456621,stressed
i,19.955527782440186,0.0802,0.3522,43.8,219.0,34,4.5662100456621,stressed
c,20.34674954414368,0.1268,0.3912,43.8,219.0,34,4.5662100456621,stressed
l,20.506866455078125,0.1194,0.1601,43.8,219.0,34,4.5662100456621,stressed
a,20.5707483291626,0.1282,0.0639,43.8,219.0,34,4.5662100456621,stressed
Key.space,20.81063389778137,0.1589,0.2399,43.8,219.0,34,4.5662100456621,stressed
b,21.4907751083374,0.1431,0.6801,43.8,219.0,34,4.5662100456621,stressed
a,21.587379217147827,0.1207,0.0966,43.8,219.0,34,4.5662100456621,stressed
t,21.779513835906982,0.0647,0.1921,43.8,219.0,34,4.5662100456621,stressed
t,21.94751882553101,0.0727,0.168,43.8,219.0,34,4.5662100456621,stressed
l,22.1232385635376,0.1199,0.1757,43.8,219.0,34,4.5662100456621,stressed
e,22.23518776893616,0.1119,0.1119,43.8,219.0,34,4.5662100456621,stressed
s,22.506561756134037,0.1431,0.2714,43.8,219.0,34,4.5662100456621,stressed
Key.space,22.707029104232788,0.1444,0.2005,43.8,219.0,34,4.5662100456621,stressed
a,23.05949902534485,0.1686,0.3525,43.8,219.0,34,4.5662100456621,stressed
n,23.21879911422729,0.143,0.1593,43.8,219.0,34,4.5662100456621,stressed
d,23.32359981536865,0.1361,0.1048,43.8,219.0,34,4.5662100456621,stressed
Key.space,23.49841332435608,0.1357,0.1748,43.8,219.0,34,4.5662100456621,stressed
c,23.6109516620636,0.1274,0.1125,43.8,219.0,34,4.5662100456621,stressed
o,23.794568061828613,0.0955,0.1836,43.8,219.0,34,4.5662100456621,stressed
s,24.147173643112183,0.1199,0.3526,43.8,219.0,34,4.5662100456621,stressed
n,24.306920766830444,0.0963,0.1597,43.8,219.0,34,4.5662100456621,stressed
e,25.83460164070129,0.0082,1.5277,43.8,219.0,34,4.5662100456621,stressed
Key.backspace,26.15468120574951,0.0882,0.3201,43.8,219.0,34,4.5662100456621,stressed
Key.backspace,26.32303786277771,0.072,0.1684,43.8,219.0,34,4.5662100456621,stressed
Key.backspace,27.011065006256104,0.0964,0.688,43.8,219.0,34,4.5662100456621,stressed
n,27.2830548286438,0.1038,0.272,43.8,219.0,34,4.5662100456621,stressed
s,27.45938277244568,0.12,0.1763,43.8,219.0,34,4.5662100456621,stressed
e,27.650871515274048,0.1199,0.1915,43.8,219.0,34,4.5662100456621,stressed
q,28.05048394203186,0.1192,0.3996,43.8,219.0,34,4.5662100456621,stressed
u,28.274953365325928,0.0951,0.2245,43.8,219.0,34,4.5662100456621,stressed
e,28.683035850524902,0.0886,0.4081,43.8,219.0,34,4.5662100456621,stressed
n,28.874361991882324,0.0951,0.1913,43.8,219.0,34,4.5662100456621,stressed
c,29.034851789474487,0.1429,0.1605,43.8,219.0,34,4.5662100456621,stressed
e,29.234323740005493,0.0715,0.1995,43.8,219.0,34,4.5662100456621,stressed
s,29.515437364578247,0.1205,0.2811,43.8,219.0,34,4.5662100456621,stressed
Key.space,30.043453454971317,0.1842,0.528,43.8,219.0,34,4.5662100456621,stressed
o,30.4111921787262,0.1046,0.3677,43.8,219.0,34,4.5662100456621,stressed
f,30.539244174957275,0.064,0.1281,43.8,219.0,34,4.5662100456621,stressed
Key.space,30.71473741531372,0.1115,0.1755,43.8,219.0,34,4.5662100456621,stressed
g,30.907017707824707,0.0801,0.1923,43.8,219.0,34,4.5662100456621,stressed
e,31.01098084449768,0.103,0.104,43.8,219.0,34,4.5662100456621,stressed
n,31.13141655921936,0.0486,0.1204,43.8,219.0,34,4.5662100456621,stressed
m,31.1555757522583,0.081,0.0242,43.8,219.0,34,4.5662100456621,stressed
t,31.2667453289032,0.0636,0.1112,43.8,219.0,34,4.5662100456621,stressed
Key.backspace,31.67393136024475,0.0954,0.4072,43.8,219.0,34,4.5662100456621,stressed
Key.backspace,31.834327459335327,0.055,0.1604,43.8,219.0,34,4.5662100456621,stressed
Key.backspace,32.39490723609924,0.1042,0.5606,43.8,219.0,34,4.5662100456621,stressed
n,32.78743600845337,0.097,0.3925,43.8,219.0,34,4.5662100456621,stressed
e,32.938746213912964,0.1362,0.1513,43.8,219.0,34,4.5662100456621,stressed
t,33.10728406906128,0.072,0.1685,43.8,219.0,34,4.5662100456621,stressed
i,33.322635889053345,0.1122,0.2154,43.8,219.0,34,4.5662100456621,stressed
c,33.43512940406799,0.1042,0.1125,43.8,219.0,34,4.5662100456621,stressed
Key.space,33.58678388595581,0.0884,0.1517,43.8,219.0,34,4.5662100456621,stressed
e,34.33935832977295,0.0721,0.7526,43.8,219.0,34,4.5662100456621,stressed
n,34.64276146888733,0.144,0.3034,43.8,219.0,34,4.5662100456621,stressed
g,34.730546712875366,0.0717,0.0878,43.8,219.0,34,4.5662100456621,stressed
i,34.93080997467041,0.1035,0.2003,43.8,219.0,34,4.5662100456621,stressed
n,35.08291935920715,0.1195,0.1521,43.8,219.0,34,4.5662100456621,stressed
e,35.20253324508667,0.1281,0.1196,43.8,219.0,34,4.5662100456621,stressed
r,35.32285261154175,0.0644,0.1203,43.8,219.0,34,4.5662100456621,stressed
r,35.4749116897583,0.0718,0.1521,43.8,219.0,34,4.5662100456621,stressed
i,35.76306200027466,0.1519,0.2882,43.8,219.0,34,4.5662100456621,stressed
n,35.92342805862427,0.1443,0.1604,43.8,219.0,34,4.5662100456621,stressed
g,35.96338987350464,0.0724,0.04,43.8,219.0,34,4.5662100456621,stressed
Key.space,36.21919202804565,0.1359,0.2558,43.8,219.0,34,4.5662100456621,stressed
a,36.763351917266846,0.1045,0.5442,43.8,219.0,34,4.5662100456621,stressed
l,36.90672779083252,0.0714,0.1434,43.8,219.0,34,4.5662100456621,stressed
l,37.08338260650635,0.08,0.1767,43.8,219.0,34,4.5662100456621,stressed
Key.space,37.36299252510071,0.1201,0.2796,43.8,219.0,34,4.5662100456621,stressed
u,37.72311782836914,0.0802,0.3601,43.8,219.0,34,4.5662100456621,stressed
n,37.92259120941162,0.1116,0.1995,43.8,219.0,34,4.5662100456621,stressed
d,38.04262375831604,0.0954,0.12,43.8,219.0,34,4.5662100456621,stressed
e,38.13158392906189,0.1206,0.089,43.8,219.0,34,4.5662100456621,stressed
r,38.29921984672546,0.1046,0.1676,43.8,219.0,34,4.5662100456621,stressed
s,38.50650405883789,0.0393,0.2073,43.8,219.0,34,4.5662100456621,stressed
c,38.69133448600769,0.1047,0.1848,43.8,219.0,34,4.5662100456621,stressed
o,38.94743514060974,0.1204,0.2561,43.8,219.0,34,4.5662100456621,stressed
r,39.07510495185852,0.1197,0.1277,43.8,219.0,34,4.5662100456621,stressed
e,39.1873197555542,0.1289,0.1122,43.8,219.0,34,4.5662100456621,stressed
d,39.35476231575012,0.1362,0.1674,43.8,219.0,34,4.5662100456621,stressed
Key.space,39.6187436580658,0.1437,0.264,43.8,219.0,34,4.5662100456621,stressed
b,40.21121597290039,0.136,0.5925,43.8,219.0,34,4.5662100456621,stressed
y,40.42674994468689,0.064,0.2155,43.8,219.0,34,4.5662100456621,stressed
Key.space,40.61074352264404,0.0884,0.184,43.8,219.0,34,4.5662100456621,stressed
t,40.7871618270874,0.0805,0.1764,43.8,219.0,34,4.5662100456621,stressed
h,40.9151349067688,0.0636,0.128,43.8,219.0,34,4.5662100456621,stressed
e,41.14743113517761,0.096,0.2323,43.8,219.0,34,4.5662100456621,stressed
Key.space,41.34738373756409,0.1203,0.2,43.8,219.0,34,4.5662100456621,stressed
r,41.71571135520935,0.185,0.3683,43.8,219.0,34,4.5662100456621,stressed
e,41.90679621696472,0.1276,0.1911,43.8,219.0,34,4.5662100456621,stressed
c,42.098714113235474,0.1035,0.1919,43.8,219.0,34,4.5662100456621,stressed
u,42.290895223617554,0.0877,0.1922,43.8,219.0,34,4.5662100456621,stressed
r,42.41090488433838,0.055,0.12,43.8,219.0,34,4.5662100456621,stressed
r,42.57921481132507,0.0876,0.1683,43.8,219.0,34,4.5662100456621,stressed
i,42.819417238235474,0.1608,0.2402,43.8,219.0,34,4.5662100456621,stressed
n,42.9627742767334,0.1196,0.1434,43.8,219.0,34,4.5662100456621,stressed
g,43.01106357574463,0.0558,0.0483,43.8,219.0,34,4.5662100456621,stressed
Key.space,43.25883078575134,0.1195,0.2478,43.8,219.0,34,4.5662100456621,stressed
m,43.88255429267883,0.0317,0.6237,43.8,219.0,34,4.5662100456621,stressed
o,44.29895639419556,0.0955,0.4164,43.8,219.0,34,4.5662100456621,stressed
t,44.5308723449707,0.0801,0.2319,43.8,219.0,34,4.5662100456621,stressed
i,44.7389702796936,0.12,0.2081,43.8,219.0,34,4.5662100456621,stressed
g,44.91461896896362,0.0314,0.1756,43.8,219.0,34,4.5662100456621,stressed
Key.backspace,45.371417760849,0.1206,0.4568,43.8,219.0,34,4.5662100456621,stressed
f,45.46737337112427,0.0809,0.096,43.8,219.0,34,4.5662100456621,stressed
f,45.6039354801178,0.057,0.1366,43.8,219.0,34,4.5662100456621,stressed
Key.space,46.396103620529175,0.1292,0.7922,43.8,219.0,34,4.5662100456621,stressed
o,47.49131989479065,0.1199,1.0952,43.8,219.0,34,4.5662100456621,stressed
f,47.67519092559815,0.104,0.1839,43.8,219.0,34,4.5662100456621,stressed
Key.space,47.86670064926148,0.1513,0.1915,43.8,219.0,34,4.5662100456621,stressed
t,47.92369747161865,0.0962,0.057,43.8,219.0,34,4.5662100456621,stressed
h,48.57114291191101,0.1367,0.6474,43.8,219.0,34,4.5662100456621,stressed
e,48.65942120552063,0.0963,0.0883,43.8,219.0,34,4.5662100456621,stressed
Key.space,48.87498211860657,0.0886,0.2156,43.8,219.0,34,4.5662100456621,stressed
c,49.043182611465454,0.1281,0.1682,43.8,219.0,34,4.5662100456621,stressed
y,49.26711702346802,0.0724,0.2239,43.8,219.0,34,4.5662100456621,stressed
c,49.427475452423096,0.1202,0.1604,43.8,219.0,34,4.5662100456621,stressed
l,49.6591067314148,0.1357,0.2316,43.8,219.0,34,4.5662100456621,stressed
e,49.75521993637085,0.1046,0.0961,43.8,219.0,34,4.5662100456621,stressed
Key.space,49.97097682952881,0.1524,0.2158,43.8,219.0,34,4.5662100456621,stressed
o,50.531455755233765,0.1521,0.5605,43.8,219.0,34,4.5662100456621,stressed
f,50.659006118774414,0.0797,0.1276,43.8,219.0,34,4.5662100456621,stressed
Key.space,50.84247803688049,0.1278,0.1835,43.8,219.0,34,4.5662100456621,stressed
w,50.97088766098023,0.1591,0.1284,43.8,219.0,34,4.5662100456621,stressed
a,51.17106294631958,0.1674,0.2002,43.8,219.0,34,4.5662100456621,stressed
r,51.28315949440002,0.0799,0.1121,43.8,219.0,34,4.5662100456621,stressed
Key.space,51.55453157424927,0.0953,0.2714,43.8,219.0,34,4.5662100456621,stressed
t,51.94672417640686,0.0876,0.3922,43.8,219.0,34,4.5662100456621,stressed
h,52.098705768585205,0.104,0.152,43.8,219.0,34,4.5662100456621,stressed
e,52.20326232910156,0.097,0.1046,43.8,219.0,34,4.5662100456621,stressed
Key.space,52.29035353660584,0.0951,0.0871,43.8,219.0,34,4.5662100456621,stressed
Key.backspace,53.49915838241577,0.1123,1.2088,43.8,219.0,34,4.5662100456621,stressed
Key.space,54.20290207862854,0.2002,0.7037,43.8,219.0,34,4.5662100456621,stressed
p,54.56336998939514,0.0568,0.3605,43.8,219.0,34,4.5662100456621,stressed
u,54.93925356864929,0.0965,0.3759,43.8,219.0,34,4.5662100456621,stressed
r,55.07445168495178,0.0791,0.1352,43.8,219.0,34,4.5662100456621,stressed
s,55.33892869949341,0.1353,0.2645,43.8,219.0,34,4.5662100456621,stressed
u,55.57864761352539,0.0958,0.2397,43.8,219.0,34,4.5662100456621,stressed
i,55.80296468734741,0.1117,0.2243,43.8,219.0,34,4.5662100456621,stressed
t,55.85899353027344,0.064,0.056,43.8,219.0,34,4.5662100456621,stressed
Key.space,56.050743103027344,0.0952,0.1917,43.8,219.0,34,4.5662100456621,stressed
o,57.57846617698669,0.0955,1.5277,43.8,219.0,34,4.5662100456621,stressed
f,57.77045202255249,0.0716,0.192,43.8,219.0,34,4.5662100456621,stressed
Key.space,57.91474080085754,0.1034,0.1443,43.8,219.0,34,4.5662100456621,stressed
f,58.14616370201111,0.1102,0.2314,43.8,219.0,34,4.5662100456621,stressed
r,58.3067569732666,0.079,0.1606,43.8,219.0,34,4.5662100456621,stressed
e,58.77887201309204,0.0565,0.4721,43.8,219.0,34,4.5662100456621,stressed
e,58.99547171592712,0.0404,0.2166,43.8,219.0,34,4.5662100456621,stressed
d,59.62691330909729,0.0562,0.6314,43.8,219.0,34,4.5662100456621,stressed
m,60.37122011184693,0.1193,0.7443,43.8,219.0,34,4.5662100456621,stressed
T,2.2495131492614746,0.0793,2.1431,43.0,215.0,38,3.7383177570093453,stressed
Key.shift,2.282243251800537,0.3362,0.0327,43.0,215.0,38,3.7383177570093453,stressed
h,2.401975154876709,0.0878,0.1197,43.0,215.0,38,3.7383177570093453,stressed
e,2.5625524520874023,0.1043,0.1606,43.0,215.0,38,3.7383177570093453,stressed
Key.space,2.7624380588531494,0.1364,0.1999,43.0,215.0,38,3.7383177570093453,stressed
i,3.226161003112793,0.1119,0.4637,43.0,215.0,38,3.7383177570093453,stressed
n,3.410221815109253,0.1194,0.1841,43.0,215.0,38,3.7383177570093453,stressed
c,3.826279163360596,0.1033,0.4161,43.0,215.0,38,3.7383177570093453,stressed
i,4.001885890960693,0.0792,0.1756,43.0,215.0,38,3.7383177570093453,stressed
n,4.202777862548828,0.113,0.2009,43.0,215.0,38,3.7383177570093453,stressed
t,4.338253021240234,0.1204,0.1355,43.0,215.0,38,3.7383177570093453,stressed
r,4.554332494735718,0.1278,0.2161,43.0,215.0,38,3.7383177570093453,stressed
a,4.874759912490845,0.1443,0.3204,43.0,215.0,38,3.7383177570093453,stressed
t,5.378495216369629,0.1441,0.5037,43.0,215.0,38,3.7383177570093453,stressed
e,5.530133247375488,0.1041,0.1516,43.0,215.0,38,3.7383177570093453,stressed
Key.space,5.713669538497925,0.1277,0.1835,43.0,215.0,38,3.7383177570093453,stressed
c,6.410472869873047,0.0954,0.6968,43.0,215.0,38,3.7383177570093453,stressed
h,6.722695827484131,0.1203,0.3122,43.0,215.0,38,3.7383177570093453,stressed
r,7.386724472045898,0.1368,0.664,43.0,215.0,38,3.7383177570093453,stressed
o,7.523590564727783,0.1128,0.1369,43.0,215.0,38,3.7383177570093453,stressed
n,7.76249361038208,0.104,0.2389,43.0,215.0,38,3.7383177570093453,stressed
o,7.955254554748535,0.081,0.1928,43.0,215.0,38,3.7383177570093453,stressed
l,8.257740020751953,0.1112,0.3025,43.0,215.0,38,3.7383177570093453,stressed
o,8.458605527877808,0.0956,0.2009,43.0,215.0,38,3.7383177570093453,stressed
g,8.601997137069702,0.0394,0.1434,43.0,215.0,38,3.7383177570093453,stressed
y,8.874333143234253,0.0882,0.2723,43.0,215.0,38,3.7383177570093453,stressed
Key.space,9.098834991455078,0.0968,0.2245,43.0,215.0,38,3.7383177570093453,stressed
r,9.674323081970217,0.1283,0.5755,43.0,215.0,38,3.7383177570093453,stressed
e,9.770392179489136,0.1116,0.0961,43.0,215.0,38,3.7383177570093453,stressed
v,9.970196962356567,0.1117,0.1998,43.0,215.0,38,3.7383177570093453,stressed
e,10.114734172821043,0.1202,0.1445,43.0,215.0,38,3.7383177570093453,stressed
l,10.50606083869934,0.1359,0.3913,43.0,215.0,38,3.7383177570093453,stressed
a,10.730122089385986,0.2562,0.2241,43.0,215.0,38,3.7383177570093453,stressed
s,10.769598007202148,0.1278,0.0395,43.0,215.0,38,3.7383177570093453,stressed
Key.space,11.025912761688232,0.1598,0.2563,43.0,215.0,38,3.7383177570093453,stressed
h,11.410016775131226,0.0878,0.3841,43.0,215.0,38,3.7383177570093453,stressed
o,11.642051696777344,0.0869,0.232,43.0,215.0,38,3.7383177570093453,stressed
w,11.769765615463257,0.1117,0.1277,43.0,215.0,38,3.7383177570093453,stressed
Key.space,11.858454704284668,0.0805,0.0887,43.0,215.0,38,3.7383177570093453,stressed
i,12.050137996673584,0.0725,0.1917,43.0,215.0,38,3.7383177570093453,stressed
n,12.23472547531128,0.1443,0.1846,43.0,215.0,38,3.7383177570093453,stressed
d,12.370537757873535,0.1191,0.1358,43.0,215.0,38,3.7383177570093453,stressed
i,12.58634638786316,0.1201,0.2158,43.0,215.0,38,3.7383177570093453,stressed
v,12.75397276878357,0.0712,0.1676,43.0,215.0,38,3.7383177570093453,stressed
i,13.129796266555786,0.0958,0.3758,43.0,215.0,38,3.7383177570093453,stressed
d,13.250717878341677,0.1035,0.1209,43.0,215.0,38,3.7383177570093453,stressed
u,13.458523035049438,0.0964,0.2078,43.0,215.0,38,3.7383177570093453,stressed
a,13.690329790115356,0.1681,0.2318,43.0,215.0,38,3.7383177570093453,stressed
s,13.882215976715088,0.0885,0.1919,43.0,215.0,38,3.7383177570093453,stressed
l,13.978229761123655,0.1121,0.096,43.0,215.0,38,3.7383177570093453,stressed
l,13.994570970535278,0.0084,0.0163,43.0,215.0,38,3.7383177570093453,stressed
Key.backspace,14.40175199508667,0.0956,0.4072,43.0,215.0,38,3.7383177570093453,stressed
Key.backspace,14.538528680801392,0.0478,0.1368,43.0,215.0,38,3.7383177570093453,stressed
Key.backspace,14.706247329711914,0.0798,0.1677,43.0,215.0,38,3.7383177570093453,stressed
l,15.490430116653442,0.1122,0.7842,43.0,215.0,38,3.7383177570093453,stressed
s,15.63466215133667,0.104,0.1442,43.0,215.0,38,3.7383177570093453,stressed
Key.space,16.233775854110718,0.1351,0.5991,43.0,215.0,38,3.7383177570093453,stressed
s,16.94634175300598,0.1278,0.7126,43.0,215.0,38,3.7383177570093453,stressed
h,17.026593446731567,0.1121,0.0803,43.0,215.0,38,3.7383177570093453,stressed
a,17.21042227745056,0.1439,0.1838,43.0,215.0,38,3.7383177570093453,stressed
p,17.330528736114502,0.1126,0.1201,43.0,215.0,38,3.7383177570093453,stressed
e,17.490143537521362,0.152,0.1596,43.0,215.0,38,3.7383177570093453,stressed
d,17.626665830612183,0.1286,0.1365,43.0,215.0,38,3.7383177570093453,stressed
Key.space,17.75443959236145,0.1354,0.1278,43.0,215.0,38,3.7383177570093453,stressed
b,18.09857726097107,0.104,0.3441,43.0,215.0,38,3.7383177570093453,stressed
y,18.490170001983643,0.0718,0.3916,43.0,215.0,38,3.7383177570093453,stressed
Key.space,18.770079135894772,0.1356,0.2799,43.0,215.0,38,3.7383177570093453,stressed
t,18.874058485031128,0.1115,0.104,43.0,215.0,38,3.7383177570093453,stressed
h,19.03489828109741,0.1288,0.1608,43.0,215.0,38,3.7383177570093453,stressed
e,19.23381090164185,0.1434,0.1989,43.0,215.0,38,3.7383177570093453,stressed
i,19.466313123703003,0.1596,0.2325,43.0,215.0,38,3.7383177570093453,stressed
r,19.522552728652958,0.1037,0.0562,43.0,215.0,38,3.7383177570093453,stressed
Key.space,19.92194151878357,0.248,0.3994,43.0,215.0,38,3.7383177570093453,stressed
e,20.73013401031494,0.1431,0.8082,43.0,215.0,38,3.7383177570093453,stressed
n,21.2188732624054,0.1452,0.4887,43.0,215.0,38,3.7383177570093453,stressed
v,21.41080594062805,0.0728,0.1919,43.0,215.0,38,3.7383177570093453,stressed
i,21.70661425590515,0.1121,0.2958,43.0,215.0,38,3.7383177570093453,stressed
r,21.85880756378174,0.1122,0.1522,43.0,215.0,38,3.7383177570093453,stressed
o,22.042677879333496,0.1123,0.1839,43.0,215.0,38,3.7383177570093453,stressed
n,22.24302864074707,0.0968,0.2004,43.0,215.0,38,3.7383177570093453,stressed
m,22.450389623641968,0.1046,0.2074,43.0,215.0,38,3.7383177570093453,stressed
e,22.57051682472229,0.1524,0.1201,43.0,215.0,38,3.7383177570093453,stressed
n,22.698134183883667,0.136,0.1276,43.0,215.0,38,3.7383177570093453,stressed
t,22.83454442024231,0.0959,0.1364,43.0,215.0,38,3.7383177570093453,stressed
Key.space,23.04229021072388,0.0962,0.2077,43.0,215.0,38,3.7383177570093453,stressed
a,24.05034828186035,0.1441,1.0081,43.0,215.0,38,3.7383177570093453,stressed
n,24.2341992855072,0.16,0.1839,43.0,215.0,38,3.7383177570093453,stressed
d,24.33855080604553,0.1361,0.1044,43.0,215.0,38,3.7383177570093453,stressed
Key.space,24.52253651618957,0.1205,0.184,43.0,215.0,38,3.7383177570093453,stressed
g,24.69845533370972,0.0884,0.1759,43.0,215.0,38,3.7383177570093453,stressed
e,24.850025177001957,0.1206,0.1516,43.0,215.0,38,3.7383177570093453,stressed
n,25.002015352249146,0.1279,0.152,43.0,215.0,38,3.7383177570093453,stressed
e,25.42605948448181,0.0635,0.424,43.0,215.0,38,3.7383177570093453,stressed
t,25.595149278640747,0.0649,0.1691,43.0,215.0,38,3.7383177570093453,stressed
i,26.42577433586121,0.1675,0.8306,43.0,215.0,38,3.7383177570093453,stressed
c,26.53755021095276,0.1031,0.1118,43.0,215.0,38,3.7383177570093453,stressed
Key.space,26.746424198150635,0.1207,0.2089,43.0,215.0,38,3.7383177570093453,stressed
d,27.78613042831421,0.1436,1.0397,43.0,215.0,38,3.7383177570093453,stressed
e,27.873960971832275,0.1114,0.0878,43.0,215.0,38,3.7383177570093453,stressed
s,28.138529300689697,0.1284,0.2646,43.0,215.0,38,3.7383177570093453,stressed
t,28.25076460838318,0.0881,0.1122,43.0,215.0,38,3.7383177570093453,stressed
i,28.55426669120789,0.1275,0.3035,43.0,215.0,38,3.7383177570093453,stressed
n,29.010010480880737,0.16,0.4557,43.0,215.0,38,3.7383177570093453,stressed
y,29.218031406402588,0.1117,0.208,43.0,215.0,38,3.7383177570093453,stressed
Key.space,29.49816918373108,0.16,0.2801,43.0,215.0,38,3.7383177570093453,stressed
a,29.802032470703125,0.1197,0.3039,43.0,215.0,38,3.7383177570093453,stressed
t,30.25020480155945,0.0642,0.4482,43.0,215.0,38,3.7383177570093453,stressed
t,30.394803762435917,0.0472,0.1446,43.0,215.0,38,3.7383177570093453,stressed
e,30.7062623500824,0.096,0.3115,43.0,215.0,38,3.7383177570093453,stressed
m,30.83454966545105,0.0957,0.1283,43.0,215.0,38,3.7383177570093453,stressed
p,31.082422256469727,0.1038,0.2479,43.0,215.0,38,3.7383177570093453,stressed
t,31.274287462234497,0.0478,0.1919,43.0,215.0,38,3.7383177570093453,stressed
Key.space,32.19402623176575,0.1759,0.9197,43.0,215.0,38,3.7383177570093453,stressed
t,32.609901905059814,0.0797,0.4159,43.0,215.0,38,3.7383177570093453,stressed
o,32.714375495910645,0.0718,0.1045,43.0,215.0,38,3.7383177570093453,stressed
Key.space,32.97042655944824,0.1281,0.2561,43.0,215.0,38,3.7383177570093453,stressed
c,33.06624245643616,0.1351,0.0958,43.0,215.0,38,3.7383177570093453,stressed
h,33.17802548408508,0.0801,0.1118,43.0,215.0,38,3.7383177570093453,stressed
n,33.4101984500885,0.0961,0.2322,43.0,215.0,38,3.7383177570093453,stressed
Key.backspace,35.1617591381073,0.1357,1.7516,43.0,215.0,38,3.7383177570093453,stressed
a,35.33058285713196,0.1032,0.1688,43.0,215.0,38,3.7383177570093453,stressed
n,35.7066011428833,0.1041,0.376,43.0,215.0,38,3.7383177570093453,stressed
g,35.9546012878418,0.1129,0.248,43.0,215.0,38,3.7383177570093453,stressed
e,36.0420446395874,0.1112,0.0874,43.0,215.0,38,3.7383177570093453,stressed
Key.space,36.20237445831299,0.1039,0.1603,43.0,215.0,38,3.7383177570093453,stressed
h,36.88229060173035,0.0962,0.6799,43.0,215.0,38,3.7383177570093453,stressed
i,37.13023400306702,0.1119,0.2479,43.0,215.0,38,3.7383177570093453,stressed
s,37.202179193496704,0.1116,0.0719,43.0,215.0,38,3.7383177570093453,stressed
t,37.43445920944214,0.0807,0.2323,43.0,215.0,38,3.7383177570093453,stressed
o,37.938207387924194,0.1198,0.5037,43.0,215.0,38,3.7383177570093453,stressed
r,38.13867211341858,0.112,0.2005,43.0,215.0,38,3.7383177570093453,stressed
y,38.32980513572693,0.1201,0.1911,43.0,215.0,38,3.7383177570093453,stressed
Key.space,38.59459114074707,0.1203,0.2648,43.0,215.0,38,3.7383177570093453,stressed
o,39.24221181869507,0.0881,0.6476,43.0,215.0,38,3.7383177570093453,stressed
n,39.45768690109253,0.0866,0.2155,43.0,215.0,38,3.7383177570093453,stressed
l,39.73023724555969,0.1116,0.2726,43.0,215.0,38,3.7383177570093453,stressed
y,39.88265228271485,0.0805,0.1524,43.0,215.0,38,3.7383177570093453,stressed
Key.space,40.05784559249878,0.128,0.1752,43.0,215.0,38,3.7383177570093453,stressed
t,40.47418665885925,0.0882,0.4163,43.0,215.0,38,3.7383177570093453,stressed
o,40.666064739227295,0.0875,0.1919,43.0,215.0,38,3.7383177570093453,stressed
Key.space,41.18600487709045,0.1674,0.5199,43.0,215.0,38,3.7383177570093453,stressed
b,41.64213061332703,0.112,0.4561,43.0,215.0,38,3.7383177570093453,stressed
e,41.73001790046692,0.1356,0.0879,43.0,215.0,38,3.7383177570093453,stressed
c,41.97035837173462,0.1283,0.2403,43.0,215.0,38,3.7383177570093453,stressed
o,42.0497190952301,0.1272,0.0794,43.0,215.0,38,3.7383177570093453,stressed
m,42.24184799194336,0.0958,0.1921,43.0,215.0,38,3.7383177570093453,stressed
e,42.30594778060913,0.0958,0.0641,43.0,215.0,38,3.7383177570093453,stressed
Key.space,42.53839993476868,0.1041,0.2325,43.0,215.0,38,3.7383177570093453,stressed
p,43.17049765586853,0.1285,0.6321,43.0,215.0,38,3.7383177570093453,stressed
a,43.314414262771606,0.1766,0.1439,43.0,215.0,38,3.7383177570093453,stressed
r,43.4264395236969,0.0879,0.112,43.0,215.0,38,3.7383177570093453,stressed
t,43.62625694274902,0.0726,0.1998,43.0,215.0,38,3.7383177570093453,stressed
Key.space,44.089768171310425,0.1279,0.4635,43.0,215.0,38,3.7383177570093453,stressed
o,44.369874238967896,0.1434,0.2801,43.0,215.0,38,3.7383177570093453,stressed
f,44.490615129470825,0.1041,0.1207,43.0,215.0,38,3.7383177570093453,stressed
Key.space,44.65866827964783,0.1285,0.1681,43.0,215.0,38,3.7383177570093453,stressed
t,45.12172985076904,0.0793,0.4631,43.0,215.0,38,3.7383177570093453,stressed
h,45.378459215164185,0.1282,0.2567,43.0,215.0,38,3.7383177570093453,stressed
e,45.53075361251831,0.1053,0.1523,43.0,215.0,38,3.7383177570093453,stressed
Key.space,45.770556926727295,0.1287,0.2398,43.0,215.0,38,3.7383177570093453,stressed
e,46.1225152015686,0.1357,0.352,43.0,215.0,38,3.7383177570093453,stressed
d,46.30579209327698,0.1116,0.1833,43.0,215.0,38,3.7383177570093453,stressed
n,46.4585440158844,0.1442,0.1528,43.0,215.0,38,3.7383177570093453,stressed
Key.backspace,47.20210123062134,0.096,0.7436,43.0,215.0,38,3.7383177570093453,stressed
Key.backspace,47.354204416275024,0.0638,0.1521,43.0,215.0,38,3.7383177570093453,stressed
d,47.793859243392944,0.0151,0.4397,43.0,215.0,38,3.7383177570093453,stressed
n,48.05794072151184,0.0878,0.2641,43.0,215.0,38,3.7383177570093453,stressed
Key.backspace,48.39356660842896,0.0875,0.3356,43.0,215.0,38,3.7383177570093453,stressed
Key.backspace,48.52972149848938,0.0472,0.1362,43.0,215.0,38,3.7383177570093453,stressed
n,48.82638502120972,0.1199,0.2967,43.0,215.0,38,3.7383177570093453,stressed
d,48.99402475357056,0.1193,0.1676,43.0,215.0,38,3.7383177570093453,stressed
l,49.09827494621277,0.0963,0.1043,43.0,215.0,38,3.7383177570093453,stressed
e,49.170443534851074,0.0878,0.0722,43.0,215.0,38,3.7383177570093453,stressed
s,49.41803669929504,0.1045,0.2476,43.0,215.0,38,3.7383177570093453,stressed
s,49.602646589279175,0.0806,0.1846,43.0,215.0,38,3.7383177570093453,stressed
Key.space,50.281957387924194,0.1759,0.6793,43.0,215.0,38,3.7383177570093453,stressed
s,50.6666522026062,0.1365,0.3847,43.0,215.0,38,3.7383177570093453,stressed
t,50.88242816925049,0.1125,0.2158,43.0,215.0,38,3.7383177570093453,stressed
r,51.00218272209168,0.0872,0.1198,43.0,215.0,38,3.7383177570093453,stressed
u,51.354360580444336,0.1042,0.3522,43.0,215.0,38,3.7383177570093453,stressed
g,51.46587228775024,0.064,0.1115,43.0,215.0,38,3.7383177570093453,stressed
g,51.73008346557617,0.0799,0.2642,43.0,215.0,38,3.7383177570093453,stressed
k,52.08220720291138,0.144,0.3521,43.0,215.0,38,3.7383177570093453,stressed
e,52.25887632369995,0.0972,0.1767,43.0,215.0,38,3.7383177570093453,stressed
Key.space,52.458325147628784,0.1099,0.1994,43.0,215.0,38,3.7383177570093453,stressed
t,53.14710736274719,0.105,0.6888,43.0,215.0,38,3.7383177570093453,stressed
h,53.314918756484985,0.136,0.1678,43.0,215.0,38,3.7383177570093453,stressed
e,53.41039729118347,0.104,0.0955,43.0,215.0,38,3.7383177570093453,stressed
y,53.593714237213135,0.0792,0.1833,43.0,215.0,38,3.7383177570093453,stressed
Key.space,53.84241962432861,0.1273,0.2487,43.0,215.0,38,3.7383177570093453,stressed
f,54.09847903251648,0.1125,0.2561,43.0,215.0,38,3.7383177570093453,stressed
i,54.25869512557984,0.1206,0.1602,43.0,215.0,38,3.7383177570093453,stressed
g,54.41025519371033,0.1121,0.1516,43.0,215.0,38,3.7383177570093453,stressed
h,54.53780555725098,0.103,0.1276,43.0,215.0,38,3.7383177570093453,stressed
t,54.61045742034912,0.0878,0.0727,43.0,215.0,38,3.7383177570093453,stressed
Key.space,54.79381513595581,0.1108,0.1834,43.0,215.0,38,3.7383177570093453,stressed
a,55.08216500282288,0.1604,0.2883,43.0,215.0,38,3.7383177570093453,stressed
g,55.3379123210907,0.112,0.2557,43.0,215.0,38,3.7383177570093453,stressed
a,55.4902925491333,0.1203,0.1524,43.0,215.0,38,3.7383177570093453,stressed
i,55.65049290657044,0.1205,0.1602,43.0,215.0,38,3.7383177570093453,stressed
n,55.84181833267212,0.1116,0.1913,43.0,215.0,38,3.7383177570093453,stressed
s,55.93848633766174,0.1362,0.0967,43.0,215.0,38,3.7383177570093453,stressed
t,56.19473361968994,0.1203,0.2562,43.0,215.0,38,3.7383177570093453,stressed
Key.space,56.41854286193848,0.1202,0.2238,43.0,215.0,38,3.7383177570093453,stressed
c,57.12222123146057,0.1357,0.7037,43.0,215.0,38,3.7383177570093453,stressed
r,57.305888414382935,0.1191,0.1837,43.0,215.0,38,3.7383177570093453,stressed
e,57.56303262710571,0.1686,0.2571,43.0,215.0,38,3.7383177570093453,stressed
a,57.83397698402405,0.1597,0.2709,43.0,215.0,38,3.7383177570093453,stressed
t,58.06633138656616,0.1046,0.2324,43.0,215.0,38,3.7383177570093453,stressed
i,58.32985806465149,0.144,0.2635,43.0,215.0,38,3.7383177570093453,stressed
n,58.49019145965576,0.1358,0.1603,43.0,215.0,38,3.7383177570093453,stressed
g,58.50673723220825,0.0647,0.0165,43.0,215.0,38,3.7383177570093453,stressed
Key.space,59.730329751968384,0.1596,1.2236,43.0,215.0,38,3.7383177570093453,stressed
a,61.33815312385559,0.1441,1.6078,43.0,215.0,38,3.7383177570093453,stressed
m,4.404906272888184,0.0952,4.287,43.4,217.0,36,0.9216589861751152,stressed
u,5.044804334640503,0.1589,0.6399,43.4,217.0,36,0.9216589861751152,stressed
l,5.349615097045898,0.1446,0.3048,43.4,217.0,36,0.9216589861751152,stressed
i,5.605435848236084,0.072,0.2558,43.4,217.0,36,0.9216589861751152,stressed
Key.backspace,6.252648591995239,0.1356,0.6472,43.4,217.0,36,0.9216589861751152,stressed
t,6.372973203659058,0.0955,0.1203,43.4,217.0,36,0.9216589861751152,stressed
i,6.613479852676392,0.1362,0.2405,43.4,217.0,36,0.9216589861751152,stressed
f,6.836860179901123,0.0956,0.2234,43.4,217.0,36,0.9216589861751152,stressed
a,7.077141761779785,0.1524,0.2403,43.4,217.0,36,0.9216589861751152,stressed
c,7.333849191665649,0.0723,0.2567,43.4,217.0,36,0.9216589861751152,stressed
t,7.564891338348389,0.1034,0.231,43.4,217.0,36,0.9216589861751152,stressed
i,7.620672225952148,0.0717,0.0558,43.4,217.0,36,0.9216589861751152,stressed
o,7.805583953857422,0.0884,0.1849,43.4,217.0,36,0.9216589861751152,stressed
n,8.029280424118042,0.1362,0.2237,43.4,217.0,36,0.9216589861751152,stressed
e,8.221199035644531,0.1685,0.1919,43.4,217.0,36,0.9216589861751152,stressed
d,8.365198373794556,0.1525,0.144,43.4,217.0,36,0.9216589861751152,stressed
Key.space,8.653017520904541,0.1598,0.2878,43.4,217.0,36,0.9216589861751152,stressed
s,9.116850852966309,0.1758,0.4638,43.4,217.0,36,0.9216589861751152,stressed
a,9.253596782684326,0.1207,0.1367,43.4,217.0,36,0.9216589861751152,stressed
g,9.637094497680664,0.0875,0.3835,43.4,217.0,36,0.9216589861751152,stressed
a,9.75732398033142,0.1035,0.1202,43.4,217.0,36,0.9216589861751152,stressed
Key.space,10.268550395965576,0.2397,0.5112,43.4,217.0,36,0.9216589861751152,stressed
t,10.42131233215332,0.0886,0.1528,43.4,217.0,36,0.9216589861751152,stressed
h,10.637642860412598,0.184,0.2163,43.4,217.0,36,0.9216589861751152,stressed
a,10.732688426971436,0.1277,0.095,43.4,217.0,36,0.9216589861751152,stressed
t,10.852731943130491,0.0546,0.12,43.4,217.0,36,0.9216589861751152,stressed
Key.space,11.132989645004272,0.12,0.2803,43.4,217.0,36,0.9216589861751152,stressed
m,11.628393650054932,0.1271,0.4954,43.4,217.0,36,0.9216589861751152,stressed
e,11.725433349609377,0.1205,0.097,43.4,217.0,36,0.9216589861751152,stressed
l,11.940585613250732,0.1275,0.2152,43.4,217.0,36,0.9216589861751152,stressed
d,12.253254890441896,0.1683,0.3127,43.4,217.0,36,0.9216589861751152,stressed
s,12.381515979766846,0.1119,0.1283,43.4,217.0,36,0.9216589861751152,stressed
Key.space,12.596667051315308,0.1431,0.2152,43.4,217.0,36,0.9216589861751152,stressed
r,13.29360008239746,0.1367,0.6969,43.4,217.0,36,0.9216589861751152,stressed
e,13.421299934387209,0.1371,0.1277,43.4,217.0,36,0.9216589861751152,stressed
a,13.605714082717896,0.136,0.1844,43.4,217.0,36,0.9216589861751152,stressed
l,13.765682220458984,0.1441,0.16,43.4,217.0,36,0.9216589861751152,stressed
Key.space,14.069441318511965,0.1687,0.3038,43.4,217.0,36,0.9216589861751152,stressed
w,14.189852476119995,0.1526,0.1204,43.4,217.0,36,0.9216589861751152,stressed
o,14.620955228805542,0.1434,0.4311,43.4,217.0,36,0.9216589861751152,stressed
r,14.726097583770752,0.1127,0.1051,43.4,217.0,36,0.9216589861751152,stressed
l,14.941714525222778,0.1365,0.2156,43.4,217.0,36,0.9216589861751152,stressed
d,15.15820288658142,0.1454,0.2165,43.4,217.0,36,0.9216589861751152,stressed
Key.space,15.348913669586182,0.144,0.1907,43.4,217.0,36,0.9216589861751152,stressed
h,15.684958696365356,0.0961,0.336,43.4,217.0,36,0.9216589861751152,stressed
i,15.894755125045776,0.0806,0.2098,43.4,217.0,36,0.9216589861751152,stressed
s,16.01328945159912,0.1351,0.1185,43.4,217.0,36,0.9216589861751152,stressed
t,16.252930641174316,0.1034,0.2396,43.4,217.0,36,0.9216589861751152,stressed
r,16.524914741516113,0.0789,0.272,43.4,217.0,36,0.9216589861751152,stressed
Key.backspace,17.04442834854126,0.1191,0.5195,43.4,217.0,36,0.9216589861751152,stressed
o,17.276976585388184,0.1119,0.2325,43.4,217.0,36,0.9216589861751152,stressed
r,17.644957065582275,0.104,0.368,43.4,217.0,36,0.9216589861751152,stressed
i,17.805428504943848,0.1034,0.1605,43.4,217.0,36,0.9216589861751152,stressed
c,17.973005056381226,0.1437,0.1676,43.4,217.0,36,0.9216589861751152,stressed
a,18.16477942466736,0.1196,0.1918,43.4,217.0,36,0.9216589861751152,stressed
l,18.261016130447388,0.1027,0.0962,43.4,217.0,36,0.9216589861751152,stressed
Key.space,18.61325716972351,0.1445,0.3522,43.4,217.0,36,0.9216589861751152,stressed
c,19.4613299369812,0.1275,0.8481,43.4,217.0,36,0.9216589861751152,stressed
o,19.653220891952515,0.088,0.1919,43.4,217.0,36,0.9216589861751152,stressed
n,19.90102243423462,0.1202,0.2478,43.4,217.0,36,0.9216589861751152,stressed
t,20.07733917236328,0.0637,0.1763,43.4,217.0,36,0.9216589861751152,stressed
e,20.229435205459595,0.1201,0.1521,43.4,217.0,36,0.9216589861751152,stressed
x,20.524980068206787,0.1273,0.2955,43.4,217.0,36,0.9216589861751152,stressed
t,20.75733470916748,0.0403,0.2324,43.4,217.0,36,0.9216589861751152,stressed
Key.space,21.197500944137573,0.1438,0.4402,43.4,217.0,36,0.9216589861751152,stressed
w,21.6771981716156,0.1279,0.4797,43.4,217.0,36,0.9216589861751152,stressed
i,21.85278558731079,0.1198,0.1756,43.4,217.0,36,0.9216589861751152,stressed
t,21.96515917778015,0.0717,0.1124,43.4,217.0,36,0.9216589861751152,stressed
h,22.125589847564697,0.088,0.1604,43.4,217.0,36,0.9216589861751152,stressed
Key.space,22.325125694274902,0.0809,0.1995,43.4,217.0,36,0.9216589861751152,stressed
s,22.71750569343567,0.1522,0.3924,43.4,217.0,36,0.9216589861751152,stressed
p,23.180967330932617,0.0637,0.4635,43.4,217.0,36,0.9216589861751152,stressed
e,23.42096996307373,0.1204,0.24,43.4,217.0,36,0.9216589861751152,stressed
c,23.652747869491577,0.135,0.2318,43.4,217.0,36,0.9216589861751152,stressed
u,23.77316665649414,0.0706,0.1204,43.4,217.0,36,0.9216589861751152,stressed
l,24.028870344161987,0.1121,0.2557,43.4,217.0,36,0.9216589861751152,stressed
a,24.101860284805294,0.1048,0.073,43.4,217.0,36,0.9216589861751152,stressed
t,24.37286114692688,0.1039,0.271,43.4,217.0,36,0.9216589861751152,stressed
i,24.51726794242859,0.1197,0.1444,43.4,217.0,36,0.9216589861751152,stressed
v,24.90883207321167,0.1033,0.3916,43.4,217.0,36,0.9216589861751152,stressed
e,25.01288914680481,0.1031,0.1041,43.4,217.0,36,0.9216589861751152,stressed
Key.space,25.3093044757843,0.208,0.2964,43.4,217.0,36,0.9216589861751152,stressed
f,25.805081129074097,0.1114,0.4958,43.4,217.0,36,0.9216589861751152,stressed
i,25.981191396713257,0.1045,0.1761,43.4,217.0,36,0.9216589861751152,stressed
c,26.42207717895508,0.0889,0.4409,43.4,217.0,36,0.9216589861751152,stressed
t,26.70927309989929,0.088,0.2872,43.4,217.0,36,0.9216589861751152,stressed
i,26.885746240615845,0.1366,0.1765,43.4,217.0,36,0.9216589861751152,stressed
o,27.03673005104065,0.0634,0.151,43.4,217.0,36,0.9216589861751152,stressed
n,27.269347429275516,0.0957,0.2326,43.4,217.0,36,0.9216589861751152,stressed
.,27.87781023979187,0.097,0.6085,43.4,217.0,36,0.9216589861751152,stressed
Key.shift,28.17306160926819,0.1519,0.2953,43.4,217.0,36,0.9216589861751152,stressed
t,28.24532985687256,0.0639,0.0723,43.4,217.0,36,0.9216589861751152,stressed
h,28.93310761451721,0.144,0.6878,43.4,217.0,36,0.9216589861751152,stressed
i,29.17296528816223,0.0875,0.2399,43.4,217.0,36,0.9216589861751152,stressed
s,29.317081451416016,0.1038,0.1441,43.4,217.0,36,0.9216589861751152,stressed
Key.space,29.44520926475525,0.1447,0.1281,43.4,217.0,36,0.9216589861751152,stressed
t,29.58911395072937,0.0799,0.1439,43.4,217.0,36,0.9216589861751152,stressed
i,29.69340443611145,0.0643,0.1043,43.4,217.0,36,0.9216589861751152,stressed
m,29.893155336380005,0.1118,0.1998,43.4,217.0,36,0.9216589861751152,stressed
e,29.989511728286743,0.1124,0.0964,43.4,217.0,36,0.9216589861751152,stressed
l,30.1491641998291,0.0951,0.1597,43.4,217.0,36,0.9216589861751152,stressed
i,30.39746141433716,0.1201,0.2483,43.4,217.0,36,0.9216589861751152,stressed
n,30.59746289253235,0.1604,0.2,43.4,217.0,36,0.9216589861751152,stressed
e,30.749751806259155,0.12,0.1523,43.4,217.0,36,0.9216589861751152,stressed
Key.space,31.356481790542603,0.1354,0.6067,43.4,217.0,36,0.9216589861751152,stressed
o,31.604687690734863,0.1034,0.2482,43.4,217.0,36,0.9216589861751152,stressed
f,31.76535058021545,0.0719,0.1607,43.4,217.0,36,0.9216589861751152,stressed
Key.space,31.949041843414307,0.144,0.1837,43.4,217.0,36,0.9216589861751152,stressed
c,32.07670521736145,0.1352,0.1277,43.4,217.0,36,0.9216589861751152,stressed
o,32.204713582992554,0.0949,0.128,43.4,217.0,36,0.9216589861751152,stressed
n,32.453171253204346,0.1196,0.2485,43.4,217.0,36,0.9216589861751152,stressed
f,32.65430188179016,0.0733,0.2011,43.4,217.0,36,0.9216589861751152,stressed
l,32.79757738113403,0.104,0.1433,43.4,217.0,36,0.9216589861751152,stressed
i,33.00514841079712,0.0797,0.2076,43.4,217.0,36,0.9216589861751152,stressed
c,33.14081358909607,0.1431,0.1357,43.4,217.0,36,0.9216589861751152,stressed
t,33.40517497062683,0.0874,0.2644,43.4,217.0,36,0.9216589861751152,stressed
Key.space,33.980860233306885,0.1433,0.5757,43.4,217.0,36,0.9216589861751152,stressed
l,35.349404096603394,0.1602,1.3685,43.4,217.0,36,0.9216589861751152,stressed
e,35.49395203590393,0.1284,0.1445,43.4,217.0,36,0.9216589861751152,stressed
g,35.757670640945435,0.1044,0.2637,43.4,217.0,36,0.9216589861751152,stressed
a,35.90941619873047,0.1284,0.1517,43.4,217.0,36,0.9216589861751152,stressed
c,36.09328365325928,0.0798,0.1839,43.4,217.0,36,0.9216589861751152,stressed
y,36.29360485076904,0.1042,0.2003,43.4,217.0,36,0.9216589861751152,stressed
Key.space,36.71696710586548,0.1282,0.4234,43.4,217.0,36,0.9216589861751152,stressed
a,36.85259389877319,0.1113,0.1356,43.4,217.0,36,0.9216589861751152,stressed
n,36.96549415588379,0.128,0.1129,43.4,217.0,36,0.9216589861751152,stressed
d,37.05391907691956,0.0806,0.0884,43.4,217.0,36,0.9216589861751152,stressed
Key.space,37.37273931503296,0.1677,0.3188,43.4,217.0,36,0.9216589861751152,stressed
i,37.84537696838379,0.1432,0.4726,43.4,217.0,36,0.9216589861751152,stressed
d,37.96521496772766,0.1284,0.1198,43.4,217.0,36,0.9216589861751152,stressed
e,38.03721284866333,0.071,0.072,43.4,217.0,36,0.9216589861751152,stressed
o,38.6292781829834,0.0631,0.5921,43.4,217.0,36,0.9216589861751152,stressed
l,38.82890820503235,0.0559,0.1996,43.4,217.0,36,0.9216589861751152,stressed
o,39.357333183288574,0.1201,0.5284,43.4,217.0,36,0.9216589861751152,stressed
g,39.55756616592407,0.0794,0.2002,43.4,217.0,36,0.9216589861751152,stressed
i,39.83696579933167,0.1835,0.2794,43.4,217.0,36,0.9216589861751152,stressed
c,39.96548771858215,0.0642,0.1285,43.4,217.0,36,0.9216589861751152,stressed
a,40.14133024215698,0.0804,0.1758,43.4,217.0,36,0.9216589861751152,stressed
l,40.293272495269775,0.1126,0.1519,43.4,217.0,36,0.9216589861751152,stressed
Key.space,40.71728944778442,0.1443,0.424,43.4,217.0,36,0.9216589861751152,stressed
c,40.92496275901794,0.1192,0.2077,43.4,217.0,36,0.9216589861751152,stressed
l,41.14138293266296,0.1762,0.2164,43.4,217.0,36,0.9216589861751152,stressed
a,41.3171706199646,0.1842,0.1758,43.4,217.0,36,0.9216589861751152,stressed
s,41.39757370948792,0.1442,0.0804,43.4,217.0,36,0.9216589861751152,stressed
h,41.51753497123718,0.0732,0.12,43.4,217.0,36,0.9216589861751152,stressed
Key.space,41.75705027580261,0.1679,0.2395,43.4,217.0,36,0.9216589861751152,stressed
s,41.82896661758423,0.1202,0.0719,43.4,217.0,36,0.9216589861751152,stressed
t,42.43791127204895,0.0882,0.6089,43.4,217.0,36,0.9216589861751152,stressed
a,42.61302757263184,0.1435,0.1751,43.4,217.0,36,0.9216589861751152,stressed
n,42.813552141189575,0.1441,0.2005,43.4,217.0,36,0.9216589861751152,stressed
d,42.989691495895386,0.1362,0.1761,43.4,217.0,36,0.9216589861751152,stressed
s,43.085413694381714,0.1037,0.0957,43.4,217.0,36,0.9216589861751152,stressed
Key.space,43.58952808380127,0.1443,0.5041,43.4,217.0,36,0.9216589861751152,stressed
s,43.79742670059204,0.1284,0.2079,43.4,217.0,36,0.9216589861751152,stressed
a,43.80494213104248,0.1917,0.0075,43.4,217.0,36,0.9216589861751152,stressed
Key.space,44.30934453010559,0.1522,0.5044,43.4,217.0,36,0.9216589861751152,stressed
a,44.43725490570069,0.1122,0.1279,43.4,217.0,36,0.9216589861751152,stressed
Key.space,44.65343189239502,0.1049,0.2162,43.4,217.0,36,0.9216589861751152,stressed
t,45.01339912414551,0.0958,0.36,43.4,217.0,36,0.9216589861751152,stressed
e,45.11807513237,0.074,0.1047,43.4,217.0,36,0.9216589861751152,stressed
s,45.35765838623047,0.1129,0.2396,43.4,217.0,36,0.9216589861751152,stressed
t,45.70076060295105,0.0959,0.3431,43.4,217.0,36,0.9216589861751152,stressed
a,46.42948484420776,0.1597,0.7287,43.4,217.0,36,0.9216589861751152,stressed
m,46.6051881313324,0.1124,0.1757,43.4,217.0,36,0.9216589861751152,stressed
e,46.781264543533325,0.1201,0.1761,43.4,217.0,36,0.9216589861751152,stressed
n,46.91694951057434,0.1116,0.1357,43.4,217.0,36,0.9216589861751152,stressed
t,47.173015832901,0.0963,0.2561,43.4,217.0,36,0.9216589861751152,stressed
Key.space,47.38118672370911,0.088,0.2082,43.4,217.0,36,0.9216589861751152,stressed
t,48.20504570007324,0.1043,0.8239,43.4,217.0,36,0.9216589861751152,stressed
o,48.34131145477295,0.0878,0.1363,43.4,217.0,36,0.9216589861751152,stressed
Key.space,48.684871196746826,0.1586,0.3436,43.4,217.0,36,0.9216589861751152,stressed
t,48.74136638641357,0.0956,0.0565,43.4,217.0,36,0.9216589861751152,stressed
h,48.96484851837158,0.096,0.2235,43.4,217.0,36,0.9216589861751152,stressed
e,49.076642751693726,0.1274,0.1118,43.4,217.0,36,0.9216589861751152,stressed
Key.space,49.27699661254883,0.144,0.2004,43.4,217.0,36,0.9216589861751152,stressed
c,49.51668405532837,0.1435,0.2397,43.4,217.0,36,0.9216589861751152,stressed
o,49.63676977157593,0.1276,0.1201,43.4,217.0,36,0.9216589861751152,stressed
m,49.805339336395264,0.1119,0.1686,43.4,217.0,36,0.9216589861751152,stressed
p,50.13268733024597,0.1917,0.3273,43.4,217.0,36,0.9216589861751152,stressed
l,50.293821811676025,0.1207,0.1611,43.4,217.0,36,0.9216589861751152,stressed
e,50.41268014907837,0.096,0.1189,43.4,217.0,36,0.9216589861751152,stressed
x,50.749122858047485,0.1201,0.3364,43.4,217.0,36,0.9216589861751152,stressed
Key.space,50.924809217453,0.0953,0.1757,43.4,217.0,36,0.9216589861751152,stressed
s,51.45281982421875,0.128,0.528,43.4,217.0,36,0.9216589861751152,stressed
t,51.70915794372559,0.072,0.2563,43.4,217.0,36,0.9216589861751152,stressed
o,51.90909075737,0.1042,0.1999,43.4,217.0,36,0.9216589861751152,stressed
r,52.02108025550842,0.0638,0.112,43.4,217.0,36,0.9216589861751152,stressed
y,52.437432289123535,0.0962,0.4164,43.4,217.0,36,0.9216589861751152,stressed
t,53.14930057525635,0.0476,0.7119,43.4,217.0,36,0.9216589861751152,stressed
e,53.293051958084106,0.0802,0.1438,43.4,217.0,36,0.9216589861751152,stressed
l,53.52496123313904,0.0951,0.2319,43.4,217.0,36,0.9216589861751152,stressed
l,53.66093969345093,0.0717,0.136,43.4,217.0,36,0.9216589861751152,stressed
i,53.972856521606445,0.1519,0.3119,43.4,217.0,36,0.9216589861751152,stressed
n,54.125685691833496,0.0803,0.1528,43.4,217.0,36,0.9216589861751152,stressed
g,54.23666715621948,0.0877,0.111,43.4,217.0,36,0.9216589861751152,stressed
Key.space,55.85268068313599,0.152,1.616,43.4,217.0,36,0.9216589861751152,stressed
c,56.1972405910492,0.1922,0.3446,43.4,217.0,36,0.9216589861751152,stressed
l,56.42150545120239,0.1359,0.2243,43.4,217.0,36,0.9216589861751152,stressed
a,56.628963232040405,0.2155,0.2075,43.4,217.0,36,0.9216589861751152,stressed
s,56.67672657966614,0.1192,0.0478,43.4,217.0,36,0.9216589861751152,stressed
h,56.78113126754761,0.0722,0.1044,43.4,217.0,36,0.9216589861751152,stressed
Key.space,56.988964557647705,0.1357,0.2078,43.4,217.0,36,0.9216589861751152,stressed
s,57.02936172485352,0.1202,0.0404,43.4,217.0,36,0.9216589861751152,stressed
t,57.67720031738281,0.0958,0.6478,43.4,217.0,36,0.9216589861751152,stressed
a,57.901196002960205,0.1276,0.224,43.4,217.0,36,0.9216589861751152,stressed
n,58.06061053276062,0.1351,0.1594,43.4,217.0,36,0.9216589861751152,stressed
d,58.18100142478943,0.1275,0.1204,43.4,217.0,36,0.9216589861751152,stressed
Key.space,58.35664772987366,0.1115,0.1756,43.4,217.0,36,0.9216589861751152,stressed
a,58.53408074378967,0.1845,0.1774,43.4,217.0,36,0.9216589861751152,stressed
s,58.61298561096192,0.1438,0.0789,43.4,217.0,36,0.9216589861751152,stressed
Key.space,58.79686665534973,0.1271,0.1839,43.4,217.0,36,0.9216589861751152,stressed
a,58.92502045631409,0.1119,0.1282,43.4,217.0,36,0.9216589861751152,stressed
Key.space,59.196691036224365,0.1195,0.2717,43.4,217.0,36,0.9216589861751152,stressed
t,59.548800230026245,0.1515,0.3521,43.4,217.0,36,0.9216589861751152,stressed
e,59.63711380958557,0.0956,0.0883,43.4,217.0,36,0.9216589861751152,stressed
s,59.94096231460571,0.1439,0.3038,43.4,217.0,36,0.9216589861751152,stressed
t,60.34218668937683,0.017,0.4012,43.4,217.0,36,0.9216589861751152,stressed
U,4.852299690246582,0.0962,4.7919,44.6,223.0,31,6.306306306306306,stressed
Key.shift,4.8684141635894775,0.408,0.0161,44.6,223.0,31,6.306306306306306,stressed
l,5.324177026748657,0.0795,0.4558,44.6,223.0,31,6.306306306306306,stressed
t,6.18018364906311,0.0962,0.856,44.6,223.0,31,6.306306306306306,stressed
i,6.380017995834351,0.1355,0.1998,44.6,223.0,31,6.306306306306306,stressed
m,6.492555141448975,0.1207,0.1125,44.6,223.0,31,6.306306306306306,stressed
a,6.796134948730469,0.144,0.3036,44.6,223.0,31,6.306306306306306,stressed
t,7.428653478622436,0.0887,0.6325,44.6,223.0,31,6.306306306306306,stressed
e,7.596325874328613,0.1036,0.1677,44.6,223.0,31,6.306306306306306,stressed
l,7.845084190368652,0.113,0.2488,44.6,223.0,31,6.306306306306306,stressed
y,8.140902996063232,0.0885,0.2958,44.6,223.0,31,6.306306306306306,stressed
Key.space,8.924109935760498,0.1279,0.7832,44.6,223.0,31,6.306306306306306,stressed
Key.shift,9.188831329345703,0.1999,0.2647,44.6,223.0,31,6.306306306306306,stressed
e,9.397027730941772,0.105,0.1449,44.6,223.0,31,6.306306306306306,stressed
t,9.555850744247437,0.0712,0.1588,44.6,223.0,31,6.306306306306306,stressed
a,9.716309547424316,0.1194,0.1605,44.6,223.0,31,6.306306306306306,stressed
l,9.88437557220459,0.1034,0.1681,44.6,223.0,31,6.306306306306306,stressed
Key.space,10.108127355575562,0.1036,0.2238,44.6,223.0,31,6.306306306306306,stressed
Key.shift,10.259878635406494,0.1761,0.1518,44.6,223.0,31,6.306306306306306,stressed
g,10.42837405204773,0.1039,0.1685,44.6,223.0,31,6.306306306306306,stressed
e,10.53227710723877,0.0959,0.1039,44.6,223.0,31,6.306306306306306,stressed
a,10.748754978179932,0.1127,0.2165,44.6,223.0,31,6.306306306306306,stressed
r,10.84483790397644,0.0724,0.0961,44.6,223.0,31,6.306306306306306,stressed
Key.space,11.044728994369509,0.0963,0.1999,44.6,223.0,31,6.306306306306306,stressed
S,11.596524477005005,0.1116,0.5518,44.6,223.0,31,6.306306306306306,stressed
Key.shift,11.620282173156738,0.4005,0.0238,44.6,223.0,31,6.306306306306306,stressed
o,12.021012783050535,0.0642,0.4007,44.6,223.0,31,6.306306306306306,stressed
l,12.252604722976685,0.0954,0.2316,44.6,223.0,31,6.306306306306306,stressed
i,12.644994497299194,0.1369,0.3924,44.6,223.0,31,6.306306306306306,stressed
d,12.812345266342165,0.1034,0.1674,44.6,223.0,31,6.306306306306306,stressed
Key.space,13.0766122341156,0.1046,0.2643,44.6,223.0,31,6.306306306306306,stressed
i,13.76500415802002,0.1046,0.6884,44.6,223.0,31,6.306306306306306,stressed
s,13.884907960891724,0.1044,0.1199,44.6,223.0,31,6.306306306306306,stressed
Key.space,14.0354425907135,0.1353,0.1505,44.6,223.0,31,6.306306306306306,stressed
n,14.723955869674684,0.096,0.6885,44.6,223.0,31,6.306306306306306,stressed
o,14.964326858520508,0.0801,0.2404,44.6,223.0,31,6.306306306306306,stressed
t,15.204024076461792,0.0636,0.2397,44.6,223.0,31,6.306306306306306,stressed
Key.space,15.40414571762085,0.0964,0.2001,44.6,223.0,31,6.306306306306306,stressed
j,15.788357496261597,0.0884,0.3842,44.6,223.0,31,6.306306306306306,stressed
u,15.988678693771362,0.096,0.2003,44.6,223.0,31,6.306306306306306,stressed
s,16.108358144760132,0.1041,0.1197,44.6,223.0,31,6.306306306306306,stressed
t,16.24475336074829,0.087,0.1364,44.6,223.0,31,6.306306306306306,stressed
Key.space,16.491741180419922,0.1036,0.247,44.6,223.0,31,6.306306306306306,stressed
a,16.940311193466187,0.1191,0.4486,44.6,223.0,31,6.306306306306306,stressed
Key.space,17.068509340286255,0.1198,0.1282,44.6,223.0,31,6.306306306306306,stressed
t,17.38117241859436,0.0959,0.3127,44.6,223.0,31,6.306306306306306,stressed
a,17.548556089401245,0.1445,0.1674,44.6,223.0,31,6.306306306306306,stressed
l,17.708988428115845,0.0807,0.1604,44.6,223.0,31,6.306306306306306,stressed
e,17.82060956954956,0.0965,0.1116,44.6,223.0,31,6.306306306306306,stressed
Key.space,17.964094400405884,0.1036,0.1435,44.6,223.0,31,6.306306306306306,stressed
o,18.18870997428894,0.1117,0.2246,44.6,223.0,31,6.306306306306306,stressed
f,18.268463611602783,0.072,0.0798,44.6,223.0,31,6.306306306306306,stressed
Key.space,18.428967475891117,0.1046,0.1605,44.6,223.0,31,6.306306306306306,stressed
r,18.73245358467102,0.0957,0.3035,44.6,223.0,31,6.306306306306306,stressed
e,18.836751222610477,0.0969,0.1043,44.6,223.0,31,6.306306306306306,stressed
s,19.06047224998474,0.0958,0.2237,44.6,223.0,31,6.306306306306306,stressed
Key.backspace,21.03650450706482,0.0881,1.976,44.6,223.0,31,6.306306306306306,stressed
Key.backspace,21.211830854415894,0.072,0.1753,44.6,223.0,31,6.306306306306306,stressed
Key.backspace,21.396771669387817,0.0804,0.1849,44.6,223.0,31,6.306306306306306,stressed
e,21.821500062942505,0.1291,0.4247,44.6,223.0,31,6.306306306306306,stressed
s,22.12418842315674,0.1029,0.3027,44.6,223.0,31,6.306306306306306,stressed
p,22.236391305923465,0.0798,0.1122,44.6,223.0,31,6.306306306306306,stressed
o,22.4125292301178,0.0319,0.1761,44.6,223.0,31,6.306306306306306,stressed
i,22.82020926475525,0.0871,0.4077,44.6,223.0,31,6.306306306306306,stressed
n,23.06834506988525,0.0962,0.2481,44.6,223.0,31,6.306306306306306,stressed
a,23.26087713241577,0.1443,0.1925,44.6,223.0,31,6.306306306306306,stressed
g,23.388818502426147,0.1047,0.1279,44.6,223.0,31,6.306306306306306,stressed
e,23.49260139465332,0.0804,0.1038,44.6,223.0,31,6.306306306306306,stressed
Key.space,23.748598337173465,0.1522,0.256,44.6,223.0,31,6.306306306306306,stressed
a,24.124318599700928,0.1524,0.3757,44.6,223.0,31,6.306306306306306,stressed
n,24.2764413356781,0.1438,0.1521,44.6,223.0,31,6.306306306306306,stressed
d,24.364983558654785,0.1128,0.0885,44.6,223.0,31,6.306306306306306,stressed
Key.space,24.524322509765625,0.1363,0.1593,44.6,223.0,31,6.306306306306306,stressed
w,24.61243438720703,0.1122,0.0881,44.6,223.0,31,6.306306306306306,stressed
a,24.796322107315063,0.1199,0.1839,44.6,223.0,31,6.306306306306306,stressed
r,24.940351724624637,0.0956,0.144,44.6,223.0,31,6.306306306306306,stressed
a,25.253048419952396,0.1202,0.3127,44.6,223.0,31,6.306306306306306,stressed
f,25.404881238937374,0.0882,0.1518,44.6,223.0,31,6.306306306306306,stressed
r,25.67669129371643,0.0964,0.2718,44.6,223.0,31,6.306306306306306,stressed
a,25.796518325805664,0.0641,0.1198,44.6,223.0,31,6.306306306306306,stressed
e,26.149428129196167,0.0969,0.3529,44.6,223.0,31,6.306306306306306,stressed
Key.space,26.39658808708191,0.1439,0.2472,44.6,223.0,31,6.306306306306306,stressed
i,26.82017683982849,0.0799,0.4236,44.6,223.0,31,6.306306306306306,stressed
t,27.035999059677124,0.0551,0.2158,44.6,223.0,31,6.306306306306306,stressed
Key.space,27.243666410446167,0.1194,0.2077,44.6,223.0,31,6.306306306306306,stressed
s,27.47602868080139,0.1186,0.2324,44.6,223.0,31,6.306306306306306,stressed
i,27.50844407081604,0.0642,0.0324,44.6,223.0,31,6.306306306306306,stressed
Key.space,27.764063596725464,0.1039,0.2556,44.6,223.0,31,6.306306306306306,stressed
a,27.908605337142944,0.1279,0.1445,44.6,223.0,31,6.306306306306306,stressed
Key.space,28.420193195343018,0.1444,0.5116,44.6,223.0,31,6.306306306306306,stressed
m,28.62063455581665,0.1281,0.2004,44.6,223.0,31,6.306306306306306,stressed
e,28.82005763053894,0.167,0.1994,44.6,223.0,31,6.306306306306306,stressed
d,28.99633741378784,0.1439,0.1763,44.6,223.0,31,6.306306306306306,stressed
i,29.131876230239868,0.1044,0.1355,44.6,223.0,31,6.306306306306306,stressed
d,29.27699971199036,0.1125,0.1451,44.6,223.0,31,6.306306306306306,stressed
a,29.436586380004883,0.1195,0.1596,44.6,223.0,31,6.306306306306306,stressed
t,29.516318321228027,0.0879,0.0797,44.6,223.0,31,6.306306306306306,stressed
i,29.988130807876587,0.0955,0.4718,44.6,223.0,31,6.306306306306306,stressed
o,30.54856562614441,0.1037,0.5604,44.6,223.0,31,6.306306306306306,stressed
n,30.780181169509888,0.1118,0.2316,44.6,223.0,31,6.306306306306306,stressed
Key.space,30.971832752227783,0.0877,0.1917,44.6,223.0,31,6.306306306306306,stressed
o,31.21211290359497,0.0794,0.2403,44.6,223.0,31,6.306306306306306,stressed
n,31.42823314666748,0.0795,0.2161,44.6,223.0,31,6.306306306306306,stressed
Key.space,31.620115995407104,0.0878,0.1919,44.6,223.0,31,6.306306306306306,stressed
t,31.8125319480896,0.064,0.1924,44.6,223.0,31,6.306306306306306,stressed
h,32.012755155563354,0.0725,0.2002,44.6,223.0,31,6.306306306306306,stressed
e,32.15713167190552,0.0884,0.1444,44.6,223.0,31,6.306306306306306,stressed
Key.space,32.2922203540802,0.1199,0.1351,44.6,223.0,31,6.306306306306306,stressed
h,32.55721998214722,0.0971,0.265,44.6,223.0,31,6.306306306306306,stressed
u,32.748162508010864,0.0559,0.1909,44.6,223.0,31,6.306306306306306,stressed
m,32.95657205581665,0.0879,0.2084,44.6,223.0,31,6.306306306306306,stressed
a,33.06028866767883,0.0961,0.1037,44.6,223.0,31,6.306306306306306,stressed
n,33.188101053237915,0.0719,0.1278,44.6,223.0,31,6.306306306306306,stressed
Key.space,33.39602327346802,0.1271,0.2079,44.6,223.0,31,6.306306306306306,stressed
c,33.708255767822266,0.0965,0.3122,44.6,223.0,31,6.306306306306306,stressed
o,33.88458633422852,0.1276,0.1763,44.6,223.0,31,6.306306306306306,stressed
n,34.100621461868286,0.1362,0.216,44.6,223.0,31,6.306306306306306,stressed
d,34.22126913070679,0.1287,0.1206,44.6,223.0,31,6.306306306306306,stressed
i,34.35641431808472,0.088,0.1351,44.6,223.0,31,6.306306306306306,stressed
t,34.59617280960083,0.0722,0.2398,44.6,223.0,31,6.306306306306306,stressed
o,34.89280581474304,0.0645,0.2966,44.6,223.0,31,6.306306306306306,stressed
i,34.90051245689392,0.0635,0.0077,44.6,223.0,31,6.306306306306306,stressed
Key.backspace,35.52434706687927,0.1199,0.6238,44.6,223.0,31,6.306306306306306,stressed
Key.backspace,36.49298119544983,0.0887,0.9686,44.6,223.0,31,6.306306306306306,stressed
i,36.80447626113892,0.0876,0.3115,44.6,223.0,31,6.306306306306306,stressed
o,36.97295069694519,0.081,0.1685,44.6,223.0,31,6.306306306306306,stressed
n,37.16407251358032,0.071,0.1911,44.6,223.0,31,6.306306306306306,stressed
Key.space,37.36419630050659,0.0877,0.2001,44.6,223.0,31,6.306306306306306,stressed
t,38.54060482978821,0.0887,1.1764,44.6,223.0,31,6.306306306306306,stressed
h,38.748790979385376,0.1118,0.2082,44.6,223.0,31,6.306306306306306,stressed
e,38.82879567146301,0.1035,0.08,44.6,223.0,31,6.306306306306306,stressed
Key.space,38.98047113418579,0.1282,0.1517,44.6,223.0,31,6.306306306306306,stressed
c,39.11677527427673,0.1278,0.1363,44.6,223.0,31,6.306306306306306,stressed
o,39.27670192718506,0.1041,0.1599,44.6,223.0,31,6.306306306306306,stressed
s,39.3888578414917,0.0969,0.1122,44.6,223.0,31,6.306306306306306,stressed
t,39.57277727127075,0.0721,0.1839,44.6,223.0,31,6.306306306306306,stressed
Key.space,39.7408721446991,0.0806,0.1681,44.6,223.0,31,6.306306306306306,stressed
o,40.533220291137695,0.1049,0.7923,44.6,223.0,31,6.306306306306306,stressed
f,40.66068387031555,0.0722,0.1275,44.6,223.0,31,6.306306306306306,stressed
Key.space,40.820456981658936,0.0884,0.1598,44.6,223.0,31,6.306306306306306,stressed
p,41.501012086868286,0.0881,0.6806,44.6,223.0,31,6.306306306306306,stressed
e,41.63603115081787,0.0635,0.135,44.6,223.0,31,6.306306306306306,stressed
a,41.820648193359375,0.1288,0.1846,44.6,223.0,31,6.306306306306306,stressed
c,42.04441499710083,0.1122,0.2238,44.6,223.0,31,6.306306306306306,stressed
e,42.12460970878601,0.0724,0.0802,44.6,223.0,31,6.306306306306306,stressed
Key.space,42.892133951187134,0.1441,0.7675,44.6,223.0,31,6.306306306306306,stressed
a,43.10077524185181,0.1042,0.2086,44.6,223.0,31,6.306306306306306,stressed
n,43.22051215171814,0.1036,0.1197,44.6,223.0,31,6.306306306306306,stressed
d,43.307985067367554,0.111,0.0875,44.6,223.0,31,6.306306306306306,stressed
Key.space,43.40427374839783,0.088,0.0963,44.6,223.0,31,6.306306306306306,stressed
t,43.5885488986969,0.0801,0.1843,44.6,223.0,31,6.306306306306306,stressed
h,43.79637718200684,0.0952,0.2078,44.6,223.0,31,6.306306306306306,stressed
e,43.9160430431366,0.0713,0.1197,44.6,223.0,31,6.306306306306306,stressed
Key.space,44.02848434448242,0.1205,0.1124,44.6,223.0,31,6.306306306306306,stressed
e,44.64435935020447,0.1282,0.6159,44.6,223.0,31,6.306306306306306,stressed
n,44.89304161071777,0.1283,0.2487,44.6,223.0,31,6.306306306306306,stressed
d,45.02820110321045,0.1199,0.1352,44.6,223.0,31,6.306306306306306,stressed
u,45.3403103351593,0.1031,0.3121,44.6,223.0,31,6.306306306306306,stressed
r,45.475897789001465,0.0873,0.1356,44.6,223.0,31,6.306306306306306,stressed
i,45.716490745544434,0.1195,0.2406,44.6,223.0,31,6.306306306306306,stressed
n,45.88449048995972,0.1198,0.168,44.6,223.0,31,6.306306306306306,stressed
g,46.14011120796204,0.1197,0.2556,44.6,223.0,31,6.306306306306306,stressed
Key.space,46.80387043952942,0.1356,0.6638,44.6,223.0,31,6.306306306306306,stressed
h,47.03741574287415,0.1047,0.2335,44.6,223.0,31,6.306306306306306,stressed
o,47.34806776046753,0.0954,0.3107,44.6,223.0,31,6.306306306306306,stressed
p,47.525285482406616,0.0726,0.1772,44.6,223.0,31,6.306306306306306,stressed
e,47.68420433998108,0.0968,0.1589,44.6,223.0,31,6.306306306306306,stressed
Key.space,47.81245851516724,0.1042,0.1283,44.6,223.0,31,6.306306306306306,stressed
f,48.35610866546631,0.1435,0.5437,44.6,223.0,31,6.306306306306306,stressed
o,48.49292325973511,0.1128,0.1368,44.6,223.0,31,6.306306306306306,stressed
r,48.58845210075378,0.088,0.0955,44.6,223.0,31,6.306306306306306,stressed
Key.space,48.77248191833496,0.0878,0.184,44.6,223.0,31,6.306306306306306,stressed
a,48.94880771636963,0.1362,0.1763,44.6,223.0,31,6.306306306306306,stressed
Key.space,49.035900354385376,0.104,0.0871,44.6,223.0,31,6.306306306306306,stressed
f,49.27625560760498,0.1114,0.2404,44.6,223.0,31,6.306306306306306,stressed
u,49.51633048057556,0.1036,0.2401,44.6,223.0,31,6.306306306306306,stressed
t,49.964869022369385,0.096,0.4485,44.6,223.0,31,6.306306306306306,stressed
u,50.22832894325256,0.1194,0.2635,44.6,223.0,31,6.306306306306306,stressed
r,50.47638511657715,0.1201,0.2481,44.6,223.0,31,6.306306306306306,stressed
e,50.644118309021,0.1355,0.1677,44.6,223.0,31,6.306306306306306,stressed
Key.space,50.90077710151672,0.1444,0.2567,44.6,223.0,31,6.306306306306306,stressed
w,51.26803469657898,0.1511,0.3673,44.6,223.0,31,6.306306306306306,stressed
h,51.42806577682495,0.1355,0.16,44.6,223.0,31,6.306306306306306,stressed
e,51.58871269226074,0.1048,0.1606,44.6,223.0,31,6.306306306306306,stressed
r,51.77309346199036,0.0881,0.1844,44.6,223.0,31,6.306306306306306,stressed
e,51.86106944084168,0.0804,0.088,44.6,223.0,31,6.306306306306306,stressed
Key.space,52.004645586013794,0.1119,0.1436,44.6,223.0,31,6.306306306306306,stressed
t,52.24470329284668,0.0549,0.2401,44.6,223.0,31,6.306306306306306,stressed
h,52.48438477516174,0.1277,0.2397,44.6,223.0,31,6.306306306306306,stressed
e,52.60443425178528,0.0877,0.12,44.6,223.0,31,6.306306306306306,stressed
Key.space,52.74755358695984,0.1112,0.1431,44.6,223.0,31,6.306306306306306,stressed
c,53.076796531677246,0.1444,0.3292,44.6,223.0,31,6.306306306306306,stressed
h,53.26025557518005,0.1116,0.1835,44.6,223.0,31,6.306306306306306,stressed
a,53.39663505554199,0.1278,0.1364,44.6,223.0,31,6.306306306306306,stressed
n,53.50847911834717,0.0965,0.1118,44.6,223.0,31,6.306306306306306,stressed
i,53.73990368843079,0.0875,0.2314,44.6,223.0,31,6.306306306306306,stressed
n,53.9089663028717,0.0961,0.1691,44.6,223.0,31,6.306306306306306,stressed
s,54.03651213645935,0.12,0.1275,44.6,223.0,31,6.306306306306306,stressed
Key.space,54.16416716575623,0.0718,0.1277,44.6,223.0,31,6.306306306306306,stressed
o,54.83612704277039,0.1113,0.672,44.6,223.0,31,6.306306306306306,stressed
f,54.956355571746826,0.0714,0.1202,44.6,223.0,31,6.306306306306306,stressed
Key.backspace,55.64350152015686,0.0786,0.6871,44.6,223.0,31,6.306306306306306,stressed
Key.backspace,55.82026815414429,0.0718,0.1768,44.6,223.0,31,6.306306306306306,stressed
Key.backspace,55.98835372924805,0.0639,0.1681,44.6,223.0,31,6.306306306306306,stressed
Key.backspace,56.148112535476685,0.0478,0.1598,44.6,223.0,31,6.306306306306306,stressed
Key.backspace,56.31642246246338,0.0558,0.1683,44.6,223.0,31,6.306306306306306,stressed
Key.backspace,56.596131563186646,0.0797,0.2797,44.6,223.0,31,6.306306306306306,stressed
Key.backspace,57.05193185806274,0.1271,0.4558,44.6,223.0,31,6.306306306306306,stressed
Key.backspace,57.25218033790589,0.0796,0.2002,44.6,223.0,31,6.306306306306306,stressed
i,57.62852740287781,0.0485,0.3763,44.6,223.0,31,6.306306306306306,stressed
Key.backspace,58.36410808563232,0.1278,0.7356,44.6,223.0,31,6.306306306306306,stressed
a,58.493138790130615,0.136,0.129,44.6,223.0,31,6.306306306306306,stressed
i,58.65311813354492,0.1124,0.16,44.6,223.0,31,6.306306306306306,stressed
n,58.7972047328949,0.0802,0.1441,44.6,223.0,31,6.306306306306306,stressed
s,58.95647621154785,0.1041,0.1593,44.6,223.0,31,6.306306306306306,stressed
Key.space,59.00427484512329,0.0952,0.0478,44.6,223.0,31,6.306306306306306,stressed
o,59.276612997055054,0.0966,0.2723,44.6,223.0,31,6.306306306306306,stressed
f,59.36522841453552,0.0649,0.0886,44.6,223.0,31,6.306306306306306,stressed
Key.space,59.54767537117005,0.1196,0.1824,44.6,223.0,31,6.306306306306306,stressed
c,59.7336642742157,0.0971,0.186,44.6,223.0,31,6.306306306306306,stressed
o,59.89276075363159,0.0879,0.1591,44.6,223.0,31,6.306306306306306,stressed
n,60.11716628074646,0.1043,0.2244,44.6,223.0,31,6.306306306306306,stressed
O,10.244794368743896,0.097,10.1711,34.6,173.0,25,1.7341040462427744,stressed
Key.shift,10.402021646499634,0.5365,0.1572,34.6,173.0,25,1.7341040462427744,stressed
n,10.823299646377563,0.0889,0.4213,34.6,173.0,25,1.7341040462427744,stressed
Key.space,11.039204359054564,0.0825,0.2159,34.6,173.0,25,1.7341040462427744,stressed
a,11.31863284111023,0.075,0.2794,34.6,173.0,25,1.7341040462427744,stressed
Key.space,11.501739740371704,0.073,0.1831,34.6,173.0,25,1.7341040462427744,stressed
c,11.669731616973875,0.0744,0.168,34.6,173.0,25,1.7341040462427744,stressed
o,11.802285432815552,0.0755,0.1326,34.6,173.0,25,1.7341040462427744,stressed
l,12.000558614730837,0.083,0.1983,34.6,173.0,25,1.7341040462427744,stressed
d,12.241276502609251,0.0729,0.2407,34.6,173.0,25,1.7341040462427744,stressed
",",12.502021551132202,0.1064,0.2607,34.6,173.0,25,1.7341040462427744,stressed
Key.space,12.769745588302612,0.0678,0.2677,34.6,173.0,25,1.7341040462427744,stressed
r,13.104105472564695,0.097,0.3344,34.6,173.0,25,1.7341040462427744,stressed
a,13.35572862625122,0.0855,0.2516,34.6,173.0,25,1.7341040462427744,stressed
i,13.484488725662231,0.0855,0.1288,34.6,173.0,25,1.7341040462427744,stressed
n,13.672924041748049,0.1052,0.1884,34.6,173.0,25,1.7341040462427744,stressed
y,13.95562195777893,0.0831,0.2827,34.6,173.0,25,1.7341040462427744,stressed
Key.space,14.132426023483276,0.073,0.1768,34.6,173.0,25,1.7341040462427744,stressed
e,14.34623408317566,0.0623,0.2138,34.6,173.0,25,1.7341040462427744,stressed
v,14.5245680809021,0.0657,0.1783,34.6,173.0,25,1.7341040462427744,stressed
e,14.658666610717772,0.0756,0.1341,34.6,173.0,25,1.7341040462427744,stressed
n,14.906192064285278,0.0993,0.2475,34.6,173.0,25,1.7341040462427744,stressed
i,15.109790325164797,0.0934,0.2036,34.6,173.0,25,1.7341040462427744,stressed
n,15.28803849220276,0.0905,0.1782,34.6,173.0,25,1.7341040462427744,stressed
g,15.488682985305786,0.0959,0.2006,34.6,173.0,25,1.7341040462427744,stressed
",",16.82464098930359,0.0698,1.336,34.6,173.0,25,1.7341040462427744,stressed
Key.space,17.038378477096558,0.0725,0.2137,34.6,173.0,25,1.7341040462427744,stressed
f,17.706193208694458,0.0828,0.6678,34.6,173.0,25,1.7341040462427744,stressed
o,17.8544979095459,0.0839,0.1483,34.6,173.0,25,1.7341040462427744,stressed
u,18.126988172531128,0.0829,0.2725,34.6,173.0,25,1.7341040462427744,stressed
r,18.660318613052368,0.0641,0.5333,34.6,173.0,25,1.7341040462427744,stressed
t,18.834895133972168,0.073,0.1746,34.6,173.0,25,1.7341040462427744,stressed
e,19.002168655395508,0.072,0.1673,34.6,173.0,25,1.7341040462427744,stressed
e,19.17529892921448,0.0785,0.1731,34.6,173.0,25,1.7341040462427744,stressed
n,19.361475706100464,0.0774,0.1862,34.6,173.0,25,1.7341040462427744,stressed
Key.space,19.540149211883545,0.0525,0.1787,34.6,173.0,25,1.7341040462427744,stressed
y,19.88115429878235,0.0625,0.341,34.6,173.0,25,1.7341040462427744,stressed
e,20.01576542854309,0.0661,0.1346,34.6,173.0,25,1.7341040462427744,stressed
a,20.26948189735413,0.0809,0.2537,34.6,173.0,25,1.7341040462427744,stressed
r,20.55924344062805,0.0644,0.2898,34.6,173.0,25,1.7341040462427744,stressed
Key.space,20.71365714073181,0.0953,0.1544,34.6,173.0,25,1.7341040462427744,stressed
o,20.896719932556152,0.0835,0.1831,34.6,173.0,25,1.7341040462427744,stressed
l,21.098260164260864,0.1162,0.2015,34.6,173.0,25,1.7341040462427744,stressed
d,21.18484330177307,0.072,0.0866,34.6,173.0,25,1.7341040462427744,stressed
Key.space,21.38727641105652,0.0919,0.2024,34.6,173.0,25,1.7341040462427744,stressed
A,22.082605600357056,0.0991,0.6953,34.6,173.0,25,1.7341040462427744,stressed
Key.shift,22.11576128005981,0.4702,0.0332,34.6,173.0,25,1.7341040462427744,stressed
r,22.51634979248047,0.0728,0.4006,34.6,173.0,25,1.7341040462427744,stressed
j,22.83029580116272,0.0746,0.3139,34.6,173.0,25,1.7341040462427744,stressed
u,23.013278245925903,0.0784,0.183,34.6,173.0,25,1.7341040462427744,stressed
n,23.2056188583374,0.1073,0.1923,34.6,173.0,25,1.7341040462427744,stressed
Key.space,23.379145860672,0.09,0.1735,34.6,173.0,25,1.7341040462427744,stressed
w,23.77278065681457,0.0736,0.3936,34.6,173.0,25,1.7341040462427744,stressed
a,24.058120250701904,0.083,0.2853,34.6,173.0,25,1.7341040462427744,stressed
s,24.26043701171875,0.0921,0.2023,34.6,173.0,25,1.7341040462427744,stressed
Key.space,24.406769514083862,0.0727,0.1463,34.6,173.0,25,1.7341040462427744,stressed
h,24.732635259628296,0.0832,0.3259,34.6,173.0,25,1.7341040462427744,stressed
u,24.85017418861389,0.0829,0.1175,34.6,173.0,25,1.7341040462427744,stressed
r,25.0962176322937,0.0679,0.246,34.6,173.0,25,1.7341040462427744,stressed
r,25.27732491493225,0.0814,0.1811,34.6,173.0,25,1.7341040462427744,stressed
y,25.526856184005737,0.0713,0.2495,34.6,173.0,25,1.7341040462427744,stressed
i,25.80722427368164,0.1104,0.2804,34.6,173.0,25,1.7341040462427744,stressed
n,26.03918600082397,0.0922,0.232,34.6,173.0,25,1.7341040462427744,stressed
g,26.334301710128784,0.1055,0.2951,34.6,173.0,25,1.7341040462427744,stressed
Key.space,26.489924669265747,0.0544,0.1556,34.6,173.0,25,1.7341040462427744,stressed
Key.space,26.59747052192688,0.0863,0.1075,34.6,173.0,25,1.7341040462427744,stressed
Key.backspace,27.811481714248657,0.0947,1.214,34.6,173.0,25,1.7341040462427744,stressed
Key.backspace,27.944085121154785,0.06,0.1326,34.6,173.0,25,1.7341040462427744,stressed
Key.space,28.49778413772583,0.0881,0.5537,34.6,173.0,25,1.7341040462427744,stressed
h,30.850408792495728,0.0682,2.3526,34.6,173.0,25,1.7341040462427744,stressed
o,31.04232621192932,0.0833,0.1919,34.6,173.0,25,1.7341040462427744,stressed
m,31.237487077713013,0.0892,0.1952,34.6,173.0,25,1.7341040462427744,stressed
e,31.3808856010437,0.074,0.1434,34.6,173.0,25,1.7341040462427744,stressed
Key.space,31.553218126297,0.069,0.1723,34.6,173.0,25,1.7341040462427744,stressed
w,31.767982721328732,0.1038,0.2148,34.6,173.0,25,1.7341040462427744,stressed
h,31.972601413726807,0.069,0.2046,34.6,173.0,25,1.7341040462427744,stressed
e,32.1324999332428,0.0659,0.1599,34.6,173.0,25,1.7341040462427744,stressed
n,32.29145097732544,0.0885,0.159,34.6,173.0,25,1.7341040462427744,stressed
Key.space,32.444758892059326,0.0832,0.1533,34.6,173.0,25,1.7341040462427744,stressed
a,32.570823669433594,0.077,0.1261,34.6,173.0,25,1.7341040462427744,stressed
Key.space,32.75870871543884,0.0726,0.1879,34.6,173.0,25,1.7341040462427744,stressed
f,34.093881607055664,0.0686,1.3352,34.6,173.0,25,1.7341040462427744,stressed
a,34.90181255340576,0.0988,0.8079,34.6,173.0,25,1.7341040462427744,stressed
i,35.1140341758728,0.0766,0.2122,34.6,173.0,25,1.7341040462427744,stressed
n,35.328537940979004,0.0853,0.2145,34.6,173.0,25,1.7341040462427744,stressed
t,35.560014963150024,0.0795,0.2315,34.6,173.0,25,1.7341040462427744,stressed
Key.space,35.75031590461731,0.092,0.1903,34.6,173.0,25,1.7341040462427744,stressed
g,36.921671867370605,0.0746,1.1714,34.6,173.0,25,1.7341040462427744,stressed
l,37.31635808944702,0.1053,0.3947,34.6,173.0,25,1.7341040462427744,stressed
i,37.509477853775024,0.0625,0.1931,34.6,173.0,25,1.7341040462427744,stressed
m,37.751861333847046,0.0731,0.2424,34.6,173.0,25,1.7341040462427744,stressed
m,37.90323781967163,0.0736,0.1514,34.6,173.0,25,1.7341040462427744,stressed
e,38.08033442497253,0.1001,0.1771,34.6,173.0,25,1.7341040462427744,stressed
r,38.28969120979309,0.0881,0.2094,34.6,173.0,25,1.7341040462427744,stressed
Key.space,38.58081984519959,0.0811,0.2911,34.6,173.0,25,1.7341040462427744,stressed
o,39.309786319732666,0.0937,0.729,34.6,173.0,25,1.7341040462427744,stressed
n,39.50413417816162,0.0758,0.1943,34.6,173.0,25,1.7341040462427744,stressed
Key.space,39.70387864112854,0.0846,0.1997,34.6,173.0,25,1.7341040462427744,stressed
t,39.95006513595581,0.0832,0.2462,34.6,173.0,25,1.7341040462427744,stressed
h,40.13626003265381,0.0873,0.1862,34.6,173.0,25,1.7341040462427744,stressed
e,40.21375131607056,0.067,0.0775,34.6,173.0,25,1.7341040462427744,stressed
Key.space,40.36124515533447,0.0629,0.1475,34.6,173.0,25,1.7341040462427744,stressed
w,40.49774742126465,0.0782,0.1365,34.6,173.0,25,1.7341040462427744,stressed
e,40.71505928039551,0.076,0.2173,34.6,173.0,25,1.7341040462427744,stressed
t,40.93817448616028,0.0979,0.2231,34.6,173.0,25,1.7341040462427744,stressed
Key.space,41.14100456237793,0.0837,0.2028,34.6,173.0,25,1.7341040462427744,stressed
r,41.84890937805176,0.0702,0.7079,34.6,173.0,25,1.7341040462427744,stressed
o,41.985398054122925,0.0277,0.1365,34.6,173.0,25,1.7341040462427744,stressed
a,42.14656901359558,0.0846,0.1612,34.6,173.0,25,1.7341040462427744,stressed
d,42.43523001670837,0.0778,0.2887,34.6,173.0,25,1.7341040462427744,stressed
Key.space,42.80065155029297,0.0883,0.3654,34.6,173.0,25,1.7341040462427744,stressed
c,42.93277740478516,0.0554,0.1321,34.6,173.0,25,1.7341040462427744,stressed
a,43.16561198234558,0.1022,0.2328,34.6,173.0,25,1.7341040462427744,stressed
u,43.3604850769043,0.0949,0.1949,34.6,173.0,25,1.7341040462427744,stressed
g,43.59270429611206,0.0922,0.2322,34.6,173.0,25,1.7341040462427744,stressed
h,43.74342679977417,0.0867,0.1507,34.6,173.0,25,1.7341040462427744,stressed
t,43.96945261955261,0.0845,0.226,34.6,173.0,25,1.7341040462427744,stressed
Key.space,44.17782711982727,0.095,0.2084,34.6,173.0,25,1.7341040462427744,stressed
h,45.11647629737854,0.0676,0.9386,34.6,173.0,25,1.7341040462427744,stressed
i,45.26688265800476,0.0864,0.1504,34.6,173.0,25,1.7341040462427744,stressed
s,45.37320685386658,0.0724,0.1063,34.6,173.0,25,1.7341040462427744,stressed
Key.space,45.8702232837677,0.0673,0.497,34.6,173.0,25,1.7341040462427744,stressed
a,46.35772967338562,0.0767,0.4875,34.6,173.0,25,1.7341040462427744,stressed
t,46.58582162857056,0.0703,0.2281,34.6,173.0,25,1.7341040462427744,stressed
t,46.74393391609192,0.0788,0.1581,34.6,173.0,25,1.7341040462427744,stressed
e,46.937581062316895,0.0735,0.1936,34.6,173.0,25,1.7341040462427744,stressed
n,47.19377851486206,0.0981,0.2562,34.6,173.0,25,1.7341040462427744,stressed
t,47.40659332275391,0.0774,0.2128,34.6,173.0,25,1.7341040462427744,stressed
i,47.929373025894165,0.1006,0.5228,34.6,173.0,25,1.7341040462427744,stressed
o,48.04008221626282,0.0881,0.1107,34.6,173.0,25,1.7341040462427744,stressed
n,48.27156090736389,0.0831,0.2315,34.6,173.0,25,1.7341040462427744,stressed
.,49.67999744415283,0.0731,1.4084,34.6,173.0,25,1.7341040462427744,stressed
Key.space,49.96241903305054,0.0647,0.2824,34.6,173.0,25,1.7341040462427744,stressed
H,50.35783386230469,0.0574,0.3954,34.6,173.0,25,1.7341040462427744,stressed
Key.shift,50.41880178451538,0.3349,0.061,34.6,173.0,25,1.7341040462427744,stressed
e,50.62618684768677,0.0689,0.2074,34.6,173.0,25,1.7341040462427744,stressed
Key.space,50.90111660957336,0.089,0.2749,34.6,173.0,25,1.7341040462427744,stressed
b,51.16729688644409,0.0785,0.2662,34.6,173.0,25,1.7341040462427744,stressed
e,51.30798053741455,0.0599,0.1407,34.6,173.0,25,1.7341040462427744,stressed
n,51.46881055831909,0.0822,0.1608,34.6,173.0,25,1.7341040462427744,stressed
t,51.72864508628845,0.0846,0.2598,34.6,173.0,25,1.7341040462427744,stressed
Key.space,51.94617986679077,0.073,0.2175,34.6,173.0,25,1.7341040462427744,stressed
d,52.598782777786255,0.1028,0.6526,34.6,173.0,25,1.7341040462427744,stressed
o,52.733882427215576,0.0937,0.1351,34.6,173.0,25,1.7341040462427744,stressed
w,52.896456480026245,0.0778,0.1626,34.6,173.0,25,1.7341040462427744,stressed
n,53.021852254867554,0.0771,0.1254,34.6,173.0,25,1.7341040462427744,stressed
Key.space,53.36468005180359,0.0699,0.3428,34.6,173.0,25,1.7341040462427744,stressed
a,53.68741941452026,0.0958,0.3227,34.6,173.0,25,1.7341040462427744,stressed
n,53.85322380065918,0.0802,0.1658,34.6,173.0,25,1.7341040462427744,stressed
d,53.98052763938904,0.0732,0.1273,34.6,173.0,25,1.7341040462427744,stressed
Key.space,54.137327432632446,0.0726,0.1568,34.6,173.0,25,1.7341040462427744,stressed
p,54.35267114639282,0.0881,0.2153,34.6,173.0,25,1.7341040462427744,stressed
i,54.58272981643677,0.0577,0.2301,34.6,173.0,25,1.7341040462427744,stressed
c,54.71477580070496,0.0933,0.132,34.6,173.0,25,1.7341040462427744,stressed
k,54.92066740989685,0.0777,0.2059,34.6,173.0,25,1.7341040462427744,stressed
e,55.09441661834717,0.0851,0.1737,34.6,173.0,25,1.7341040462427744,stressed
d,55.3091037273407,0.0857,0.2147,34.6,173.0,25,1.7341040462427744,stressed
Key.space,55.55639123916626,0.0807,0.2473,34.6,173.0,25,1.7341040462427744,stressed
a,55.6568865776062,0.0814,0.1005,34.6,173.0,25,1.7341040462427744,stressed
Key.space,55.89038348197937,0.0631,0.2335,34.6,173.0,25,1.7341040462427744,stressed
s,56.6334719657898,0.0757,0.7431,34.6,173.0,25,1.7341040462427744,stressed
m,56.791709661483765,0.0834,0.1582,34.6,173.0,25,1.7341040462427744,stressed
a,56.9244818687439,0.0764,0.1328,34.6,173.0,25,1.7341040462427744,stressed
l,57.15008544921875,0.081,0.2256,34.6,173.0,25,1.7341040462427744,stressed
l,57.29594326019287,0.0732,0.1459,34.6,173.0,25,1.7341040462427744,stressed
m,57.59232354164124,0.1308,0.2964,34.6,173.0,25,1.7341040462427744,stressed
Key.backspace,58.14730930328369,0.0932,0.555,34.6,173.0,25,1.7341040462427744,stressed
",",58.650739431381226,0.0797,0.5034,34.6,173.0,25,1.7341040462427744,stressed
Key.space,58.84991526603699,0.0678,0.1992,34.6,173.0,25,1.7341040462427744,stressed
r,59.683438777923584,0.0853,0.8335,34.6,173.0,25,1.7341040462427744,stressed
u,59.836185693740845,0.0788,0.1527,34.6,173.0,25,1.7341040462427744,stressed
s,59.96810555458069,0.0774,0.1319,34.6,173.0,25,1.7341040462427744,stressed
t,60.14125895500183,0.0692,0.1732,34.6,173.0,25,1.7341040462427744,stressed
c,8.707109928131104,0.0699,8.6352,25.0,125.0,31,3.2,stressed
r,9.043501138687134,0.0595,0.3364,25.0,125.0,31,3.2,stressed
i,9.322580575942991,0.1077,0.2791,25.0,125.0,31,3.2,stressed
c,9.553982734680176,0.0696,0.2314,25.0,125.0,31,3.2,stressed
c,11.58543062210083,0.0682,2.0314,25.0,125.0,31,3.2,stressed
r,12.078973531723022,0.0671,0.4935,25.0,125.0,31,3.2,stressed
i,12.344945907592772,0.0838,0.266,25.0,125.0,31,3.2,stressed
c,12.572299718856812,0.0679,0.2274,25.0,125.0,31,3.2,stressed
k,12.831227540969849,0.0576,0.2589,25.0,125.0,31,3.2,stressed
e,13.08652377128601,0.077,0.2553,25.0,125.0,31,3.2,stressed
t,13.330347299575806,0.0755,0.2438,25.0,125.0,31,3.2,stressed
Key.space,13.890070915222168,0.0715,0.5597,25.0,125.0,31,3.2,stressed
o,15.320905208587646,0.1292,1.4308,25.0,125.0,31,3.2,stressed
f,15.932042121887209,0.0984,0.6111,25.0,125.0,31,3.2,stressed
t,16.115954637527466,0.0588,0.1839,25.0,125.0,31,3.2,stressed
e,16.40533757209778,0.0781,0.2894,25.0,125.0,31,3.2,stressed
n,16.652673721313477,0.1194,0.2473,25.0,125.0,31,3.2,stressed
Key.space,16.823676347732544,0.0774,0.171,25.0,125.0,31,3.2,stressed
h,18.46733856201172,0.0897,1.6437,25.0,125.0,31,3.2,stressed
a,18.63969135284424,0.0654,0.1724,25.0,125.0,31,3.2,stressed
i,18.890227794647217,0.0948,0.2505,25.0,125.0,31,3.2,stressed
l,19.35692596435547,0.0856,0.4667,25.0,125.0,31,3.2,stressed
e,19.60842657089233,0.0668,0.2515,25.0,125.0,31,3.2,stressed
d,19.827849626541138,0.106,0.2194,25.0,125.0,31,3.2,stressed
Key.space,20.18966054916382,0.0841,0.3618,25.0,125.0,31,3.2,stressed
a,20.717634677886963,0.078,0.528,25.0,125.0,31,3.2,stressed
s,20.93228483200073,0.1013,0.2147,25.0,125.0,31,3.2,stressed
Key.space,21.097081422805783,0.1029,0.1648,25.0,125.0,31,3.2,stressed
t,21.236844301223755,0.0533,0.1398,25.0,125.0,31,3.2,stressed
h,22.11925792694092,0.0987,0.8824,25.0,125.0,31,3.2,stressed
e,22.400684595108032,0.0704,0.2814,25.0,125.0,31,3.2,stressed
Key.space,22.64739298820496,0.0632,0.2467,25.0,125.0,31,3.2,stressed
h,23.9690580368042,0.0779,1.3217,25.0,125.0,31,3.2,stressed
e,24.231484413146973,0.0516,0.2624,25.0,125.0,31,3.2,stressed
a,24.44801163673401,0.0831,0.2165,25.0,125.0,31,3.2,stressed
r,24.69485640525818,0.0636,0.2468,25.0,125.0,31,3.2,stressed
t,24.883591413497925,0.0598,0.1887,25.0,125.0,31,3.2,stressed
b,25.25008511543274,0.0777,0.3665,25.0,125.0,31,3.2,stressed
e,25.595946073532104,0.058,0.3459,25.0,125.0,31,3.2,stressed
a,25.822533130645752,0.0878,0.2266,25.0,125.0,31,3.2,stressed
t,26.108343601226807,0.0779,0.2858,25.0,125.0,31,3.2,stressed
Key.space,26.417385816574097,0.0474,0.309,25.0,125.0,31,3.2,stressed
o,27.41653800010681,0.0548,0.9992,25.0,125.0,31,3.2,stressed
f,27.90234971046448,0.0787,0.4858,25.0,125.0,31,3.2,stressed
Key.space,28.13595676422119,0.1058,0.2336,25.0,125.0,31,3.2,stressed
s,28.381500720977783,0.0589,0.2455,25.0,125.0,31,3.2,stressed
p,28.67984628677368,0.0542,0.2983,25.0,125.0,31,3.2,stressed
o,28.91373038291931,0.0638,0.2339,25.0,125.0,31,3.2,stressed
r,29.171470403671265,0.0814,0.2577,25.0,125.0,31,3.2,stressed
t,29.37720561027527,0.055,0.2057,25.0,125.0,31,3.2,stressed
s,29.737830638885494,0.0766,0.3606,25.0,125.0,31,3.2,stressed
Key.space,30.09841108322144,0.0633,0.3606,25.0,125.0,31,3.2,stressed
i,30.833510160446167,0.0609,0.7351,25.0,125.0,31,3.2,stressed
n,31.088430881500244,0.0971,0.2549,25.0,125.0,31,3.2,stressed
Key.space,31.219082593917847,0.0911,0.1307,25.0,125.0,31,3.2,stressed
i,31.35002970695496,0.0723,0.1309,25.0,125.0,31,3.2,stressed
n,31.5697181224823,0.085,0.2197,25.0,125.0,31,3.2,stressed
d,31.82504940032959,0.0586,0.2553,25.0,125.0,31,3.2,stressed
i,32.12095093727112,0.1088,0.2959,25.0,125.0,31,3.2,stressed
a,32.277425050735474,0.0867,0.1565,25.0,125.0,31,3.2,stressed
Key.space,32.53392696380615,0.0785,0.2565,25.0,125.0,31,3.2,stressed
h,33.55617475509644,0.0898,1.0222,25.0,125.0,31,3.2,stressed
a,33.673304319381714,0.077,0.1171,25.0,125.0,31,3.2,stressed
s,33.85936260223389,0.0832,0.1861,25.0,125.0,31,3.2,stressed
Key.space,34.08427333831787,0.0934,0.2249,25.0,125.0,31,3.2,stressed
w,37.120251178741455,0.0801,3.036,25.0,125.0,31,3.2,stressed
o,37.70040941238403,0.0701,0.5802,25.0,125.0,31,3.2,stressed
v,37.88781189918518,0.082,0.1874,25.0,125.0,31,3.2,stressed
e,38.14823794364929,0.0852,0.2604,25.0,125.0,31,3.2,stressed
n,38.319719552993774,0.0931,0.1715,25.0,125.0,31,3.2,stressed
Key.space,38.56996440887451,0.1066,0.2502,25.0,125.0,31,3.2,stressed
i,39.319780349731445,0.0796,0.7498,25.0,125.0,31,3.2,stressed
t,39.56085753440857,0.0497,0.2411,25.0,125.0,31,3.2,stressed
a,39.83384418487549,0.0384,0.273,25.0,125.0,31,3.2,stressed
s,39.83751559257507,0.0416,0.0037,25.0,125.0,31,3.2,stressed
Key.backspace,41.58881759643555,0.081,1.7513,25.0,125.0,31,3.2,stressed
Key.backspace,41.887314558029175,0.0545,0.2985,25.0,125.0,31,3.2,stressed
s,42.57083201408386,0.079,0.6835,25.0,125.0,31,3.2,stressed
e,42.773195028305054,0.0668,0.2024,25.0,125.0,31,3.2,stressed
l,43.09866762161255,0.1162,0.3255,25.0,125.0,31,3.2,stressed
f,43.35452055931091,0.0758,0.2559,25.0,125.0,31,3.2,stressed
Key.space,43.662882566452026,0.0554,0.3084,25.0,125.0,31,3.2,stressed
i,44.89833354949951,0.0881,1.2355,25.0,125.0,31,3.2,stressed
n,45.107417583465576,0.0503,0.2091,25.0,125.0,31,3.2,stressed
t,45.47405385971069,0.0718,0.3666,25.0,125.0,31,3.2,stressed
o,45.65385723114014,0.0905,0.1798,25.0,125.0,31,3.2,stressed
Key.space,45.880396127700806,0.0671,0.2265,25.0,125.0,31,3.2,stressed
y,46.78471302986145,0.0754,0.9043,25.0,125.0,31,3.2,stressed
h,47.15710783004761,0.0928,0.3724,25.0,125.0,31,3.2,stressed
Key.backspace,47.74800276756287,0.0657,0.5909,25.0,125.0,31,3.2,stressed
Key.backspace,47.93137812614441,0.0584,0.1834,25.0,125.0,31,3.2,stressed
t,48.60594844818115,0.0763,0.6746,25.0,125.0,31,3.2,stressed
h,48.734694719314575,0.0861,0.1287,25.0,125.0,31,3.2,stressed
e,48.86969017982483,0.0775,0.135,25.0,125.0,31,3.2,stressed
Key.space,49.04125785827637,0.1073,0.1716,25.0,125.0,31,3.2,stressed
f,49.21223521232605,0.0616,0.171,25.0,125.0,31,3.2,stressed
a,49.46735191345215,0.0597,0.2551,25.0,125.0,31,3.2,stressed
b,49.82796764373779,0.0789,0.3606,25.0,125.0,31,3.2,stressed
r,50.036670207977295,0.0585,0.2087,25.0,125.0,31,3.2,stressed
i,50.31193733215332,0.089,0.2753,25.0,125.0,31,3.2,stressed
c,50.806687355041504,0.0975,0.4948,25.0,125.0,31,3.2,stressed
Key.space,50.99569725990296,0.084,0.189,25.0,125.0,31,3.2,stressed
o,52.32822275161743,0.0887,1.3325,25.0,125.0,31,3.2,stressed
f,52.56100296974182,0.1012,0.2328,25.0,125.0,31,3.2,stressed
t,52.70945382118225,0.0118,0.1485,25.0,125.0,31,3.2,stressed
Key.space,52.719343185424805,0.0931,0.0099,25.0,125.0,31,3.2,stressed
h,52.86640167236328,0.0666,0.1471,25.0,125.0,31,3.2,stressed
e,53.17135858535767,0.0976,0.305,25.0,125.0,31,3.2,stressed
Key.space,53.36522626876831,0.0784,0.1939,25.0,125.0,31,3.2,stressed
n,54.65421581268311,0.0808,1.289,25.0,125.0,31,3.2,stressed
a,54.84996461868286,0.0835,0.1957,25.0,125.0,31,3.2,stressed
t,55.16582107543945,0.0592,0.3159,25.0,125.0,31,3.2,stressed
i,55.31900215148926,0.0596,0.1532,25.0,125.0,31,3.2,stressed
o,55.492238998413086,0.0719,0.1732,25.0,125.0,31,3.2,stressed
n,55.713311433792114,0.0964,0.2211,25.0,125.0,31,3.2,stressed
Key.space,55.867504596710205,0.069,0.1542,25.0,125.0,31,3.2,stressed
c,56.50995182991028,0.076,0.6424,25.0,125.0,31,3.2,stressed
u,56.708375692367554,0.0654,0.1984,25.0,125.0,31,3.2,stressed
l,56.91895532608032,0.0829,0.2106,25.0,125.0,31,3.2,stressed
t,57.322932958602905,0.0606,0.404,25.0,125.0,31,3.2,stressed
u,57.55754995346069,0.0884,0.2346,25.0,125.0,31,3.2,stressed
r,57.74947547912598,0.0702,0.1919,25.0,125.0,31,3.2,stressed
e,57.912500858306885,0.0983,0.163,25.0,125.0,31,3.2,stressed
Key.space,58.35538482666016,0.0757,0.4429,25.0,125.0,31,3.2,stressed
.,60.02714157104492,0.0685,1.6718,25.0,125.0,31,3.2,stressed
Key.alt_l,1.2995076179504397,0.2,1.1447,42.4,212.0,30,5.769230769230769,stressed
Key.tab,1.3708992004394531,0.1679,0.0714,42.4,212.0,30,5.769230769230769,stressed
Key.shift,3.874988317489624,0.2717,2.5041,42.4,212.0,30,5.769230769230769,stressed
e,4.259105443954468,0.1036,0.3678,42.4,212.0,30,5.769230769230769,stressed
h,4.555699825286865,0.1359,0.2966,42.4,212.0,30,5.769230769230769,stressed
Key.backspace,5.082977771759033,0.1198,0.5273,42.4,212.0,30,5.769230769230769,stressed
Key.backspace,5.243587493896484,0.104,0.1606,42.4,212.0,30,5.769230769230769,stressed
h,5.603919982910156,0.0961,0.3603,42.4,212.0,30,5.769230769230769,stressed
e,5.755197525024414,0.1117,0.1513,42.4,212.0,30,5.769230769230769,stressed
Key.space,5.9395787715911865,0.1599,0.1844,42.4,212.0,30,5.769230769230769,stressed
s,6.083364248275757,0.1127,0.1438,42.4,212.0,30,5.769230769230769,stressed
t,6.291676998138428,0.0804,0.2083,42.4,212.0,30,5.769230769230769,stressed
o,6.467958450317383,0.12,0.1763,42.4,212.0,30,5.769230769230769,stressed
r,6.619161367416382,0.1114,0.1512,42.4,212.0,30,5.769230769230769,stressed
y,6.811557531356812,0.0808,0.1924,42.4,212.0,30,5.769230769230769,stressed
Key.space,7.0112738609313965,0.1123,0.1997,42.4,212.0,30,5.769230769230769,stressed
o,7.778557538986206,0.0871,0.7673,42.4,212.0,30,5.769230769230769,stressed
f,7.9153642654418945,0.0958,0.1368,42.4,212.0,30,5.769230769230769,stressed
Key.space,8.083260297775269,0.1123,0.1679,42.4,212.0,30,5.769230769230769,stressed
Key.shift,8.34758973121643,0.2086,0.2643,42.4,212.0,30,5.769230769230769,stressed
a,8.675178289413452,0.136,0.2723,42.4,212.0,30,5.769230769230769,stressed
r,8.827235460281372,0.0957,0.1521,42.4,212.0,30,5.769230769230769,stressed
k,8.955217838287354,0.0721,0.128,42.4,212.0,30,5.769230769230769,stressed
Key.space,9.21167802810669,0.1208,0.2565,42.4,212.0,30,5.769230769230769,stressed
Key.shift,9.515347480773926,0.2085,0.3037,42.4,212.0,30,5.769230769230769,stressed
o,9.746886491775513,0.096,0.1919,42.4,212.0,30,5.769230769230769,stressed
u,10.0354962348938,0.0885,0.2886,42.4,212.0,30,5.769230769230769,stressed
l,10.355862855911257,0.1206,0.3204,42.4,212.0,30,5.769230769230769,stressed
d,10.547466039657593,0.1438,0.1916,42.4,212.0,30,5.769230769230769,stressed
Key.space,10.7792010307312,0.1602,0.2317,42.4,212.0,30,5.769230769230769,stressed
Key.backspace,11.355200290679932,0.0804,0.576,42.4,212.0,30,5.769230769230769,stressed
Key.backspace,11.52330446243286,0.0883,0.1681,42.4,212.0,30,5.769230769230769,stressed
Key.backspace,11.675544500350952,0.0724,0.1522,42.4,212.0,30,5.769230769230769,stressed
s,11.859594821929932,0.1207,0.1841,42.4,212.0,30,5.769230769230769,stressed
Key.space,12.123992204666138,0.1125,0.2644,42.4,212.0,30,5.769230769230769,stressed
u,12.627516746520996,0.128,0.5035,42.4,212.0,30,5.769230769230769,stressed
n,12.891706705093384,0.1359,0.2642,42.4,212.0,30,5.769230769230769,stressed
f,13.066988706588743,0.0958,0.1753,42.4,212.0,30,5.769230769230769,stressed
o,13.251601696014404,0.0967,0.1846,42.4,212.0,30,5.769230769230769,stressed
l,13.499443769454956,0.1039,0.2478,42.4,212.0,30,5.769230769230769,stressed
d,13.67496943473816,0.1594,0.1755,42.4,212.0,30,5.769230769230769,stressed
s,13.739394903182983,0.1117,0.0644,42.4,212.0,30,5.769230769230769,stressed
Key.space,13.95560336112976,0.1365,0.2162,42.4,212.0,30,5.769230769230769,stressed
i,14.27517557144165,0.1278,0.3196,42.4,212.0,30,5.769230769230769,stressed
n,14.619629621505736,0.1439,0.3445,42.4,212.0,30,5.769230769230769,stressed
Key.space,14.803548574447632,0.0879,0.1839,42.4,212.0,30,5.769230769230769,stressed
a,14.93166995048523,0.1206,0.1281,42.4,212.0,30,5.769230769230769,stressed
Key.space,15.16251015663147,0.1111,0.2308,42.4,212.0,30,5.769230769230769,stressed
w,15.355194568634031,0.128,0.1927,42.4,212.0,30,5.769230769230769,stressed
Key.space,15.530694007873535,0.1358,0.1755,42.4,212.0,30,5.769230769230769,stressed
o,15.859001874923706,0.1035,0.3283,42.4,212.0,30,5.769230769230769,stressed
r,15.979373455047607,0.1048,0.1204,42.4,212.0,30,5.769230769230769,stressed
l,16.1799795627594,0.113,0.2006,42.4,212.0,30,5.769230769230769,stressed
d,16.291417598724365,0.1281,0.1114,42.4,212.0,30,5.769230769230769,stressed
Key.space,16.506986379623413,0.0882,0.2156,42.4,212.0,30,5.769230769230769,stressed
o,17.04292893409729,0.1359,0.5359,42.4,212.0,30,5.769230769230769,stressed
n,17.419360637664795,0.112,0.3764,42.4,212.0,30,5.769230769230769,stressed
c,17.5874445438385,0.1605,0.1681,42.4,212.0,30,5.769230769230769,stressed
e,17.722980976104736,0.144,0.1355,42.4,212.0,30,5.769230769230769,stressed
Key.space,17.859187841415405,0.1598,0.1362,42.4,212.0,30,5.769230769230769,stressed
r,17.987194776535034,0.112,0.128,42.4,212.0,30,5.769230769230769,stressed
u,18.267498016357425,0.0719,0.2803,42.4,212.0,30,5.769230769230769,stressed
l,18.554734706878666,0.1121,0.2872,42.4,212.0,30,5.769230769230769,stressed
e,18.68324112892151,0.1512,0.1285,42.4,212.0,30,5.769230769230769,stressed
d,18.79591536521912,0.1359,0.1127,42.4,212.0,30,5.769230769230769,stressed
Key.space,18.962749242782596,0.1513,0.1668,42.4,212.0,30,5.769230769230769,stressed
b,19.323234796524048,0.1279,0.3605,42.4,212.0,30,5.769230769230769,stressed
y,19.55519986152649,0.0877,0.232,42.4,212.0,30,5.769230769230769,stressed
Key.space,19.78673267364502,0.1198,0.2315,42.4,212.0,30,5.769230769230769,stressed
a,19.955281734466556,0.1761,0.1685,42.4,212.0,30,5.769230769230769,stressed
n,20.0672926902771,0.0959,0.112,42.4,212.0,30,5.769230769230769,stressed
i,20.38701796531677,0.1119,0.3197,42.4,212.0,30,5.769230769230769,stressed
c,20.70778751373291,0.1369,0.3208,42.4,212.0,30,5.769230769230769,stressed
Key.backspace,20.95522236824036,0.08,0.2474,42.4,212.0,30,5.769230769230769,stressed
Key.backspace,21.131205797195435,0.0717,0.176,42.4,212.0,30,5.769230769230769,stressed
c,21.69931674003601,0.144,0.5681,42.4,212.0,30,5.769230769230769,stressed
i,21.915122270584103,0.1124,0.2158,42.4,212.0,30,5.769230769230769,stressed
e,21.962984800338745,0.0955,0.0479,42.4,212.0,30,5.769230769230769,stressed
n,22.13866138458252,0.1037,0.1757,42.4,212.0,30,5.769230769230769,stressed
t,22.275277376174927,0.0961,0.1366,42.4,212.0,30,5.769230769230769,stressed
Key.space,22.43508672714233,0.1044,0.1598,42.4,212.0,30,5.769230769230769,stressed
d,22.93960189819336,0.136,0.5045,42.4,212.0,30,5.769230769230769,stressed
r,23.16301989555359,0.1117,0.2234,42.4,212.0,30,5.769230769230769,stressed
a,23.40320205688477,0.119,0.2402,42.4,212.0,30,5.769230769230769,stressed
g,23.61171531677246,0.0967,0.2085,42.4,212.0,30,5.769230769230769,stressed
o,23.89157605171204,0.1042,0.2799,42.4,212.0,30,5.769230769230769,stressed
n,24.890992164611816,0.0955,0.9994,42.4,212.0,30,5.769230769230769,stressed
s,25.019129037857056,0.1041,0.1281,42.4,212.0,30,5.769230769230769,stressed
Key.space,25.2031991481781,0.1285,0.1841,42.4,212.0,30,5.769230769230769,stressed
s,25.586949110031128,0.1349,0.3837,42.4,212.0,30,5.769230769230769,stressed
h,25.715166568756104,0.1121,0.1282,42.4,212.0,30,5.769230769230769,stressed
r,25.826902389526367,0.0639,0.1117,42.4,212.0,30,5.769230769230769,stressed
o,26.059160947799683,0.1121,0.2323,42.4,212.0,30,5.769230769230769,stressed
u,26.371399879455566,0.1206,0.3122,42.4,212.0,30,5.769230769230769,stressed
d,26.49123287200928,0.088,0.1198,42.4,212.0,30,5.769230769230769,stressed
e,26.58720088005066,0.1276,0.096,42.4,212.0,30,5.769230769230769,stressed
d,26.739357948303223,0.1201,0.1522,42.4,212.0,30,5.769230769230769,stressed
Key.space,26.987385272979736,0.1128,0.248,42.4,212.0,30,5.769230769230769,stressed
i,27.41123390197754,0.144,0.4238,42.4,212.0,30,5.769230769230769,stressed
n,27.65970492362976,0.1208,0.2485,42.4,212.0,30,5.769230769230769,stressed
Key.space,27.906967639923096,0.1195,0.2473,42.4,212.0,30,5.769230769230769,stressed
f,28.764015197753903,0.0891,0.857,42.4,212.0,30,5.769230769230769,stressed
o,28.955825805664062,0.1359,0.1918,42.4,212.0,30,5.769230769230769,stressed
g,29.17907476425171,0.0962,0.2232,42.4,212.0,30,5.769230769230769,stressed
Key.space,29.44335627555847,0.1283,0.2643,42.4,212.0,30,5.769230769230769,stressed
a,29.67528915405273,0.1919,0.2319,42.4,212.0,30,5.769230769230769,stressed
n,29.76336550712585,0.1202,0.0881,42.4,212.0,30,5.769230769230769,stressed
d,29.827331066131592,0.1203,0.064,42.4,212.0,30,5.769230769230769,stressed
Key.space,30.042317628860477,0.1193,0.215,42.4,212.0,30,5.769230769230769,stressed
t,30.22742795944214,0.0882,0.1851,42.4,212.0,30,5.769230769230769,stressed
h,30.34702706336975,0.0716,0.1196,42.4,212.0,30,5.769230769230769,stressed
e,30.523406744003296,0.112,0.1764,42.4,212.0,30,5.769230769230769,stressed
Key.space,30.66766667366028,0.1524,0.1443,42.4,212.0,30,5.769230769230769,stressed
s,30.85949230194092,0.1361,0.1918,42.4,212.0,30,5.769230769230769,stressed
t,31.77941656112671,0.0964,0.9199,42.4,212.0,30,5.769230769230769,stressed
i,31.834984302520752,0.0636,0.0556,42.4,212.0,30,5.769230769230769,stressed
l,32.0752956867218,0.0879,0.2403,42.4,212.0,30,5.769230769230769,stressed
l,32.22688817977905,0.0558,0.1516,42.4,212.0,30,5.769230769230769,stressed
n,32.771209478378296,0.1124,0.5443,42.4,212.0,30,5.769230769230769,stressed
e,32.99530577659607,0.1596,0.2241,42.4,212.0,30,5.769230769230769,stressed
w,33.06778693199158,0.096,0.0725,42.4,212.0,30,5.769230769230769,stressed
s,33.31510663032532,0.0961,0.2473,42.4,212.0,30,5.769230769230769,stressed
Key.backspace,34.058820962905884,0.0712,0.7437,42.4,212.0,30,5.769230769230769,stressed
Key.backspace,34.26715135574341,0.08,0.2083,42.4,212.0,30,5.769230769230769,stressed
s,34.73864221572876,0.1433,0.4715,42.4,212.0,30,5.769230769230769,stressed
s,34.89101004600525,0.0642,0.1524,42.4,212.0,30,5.769230769230769,stressed
Key.space,35.25076150894165,0.1363,0.3598,42.4,212.0,30,5.769230769230769,stressed
o,35.60345530509949,0.1125,0.3527,42.4,212.0,30,5.769230769230769,stressed
f,35.76299548149109,0.1034,0.1595,42.4,212.0,30,5.769230769230769,stressed
Key.space,35.93965148925781,0.1281,0.1767,42.4,212.0,30,5.769230769230769,stressed
t,36.02000951766968,0.0971,0.0804,42.4,212.0,30,5.769230769230769,stressed
h,36.186718463897705,0.0951,0.1667,42.4,212.0,30,5.769230769230769,stressed
e,36.35535717010498,0.128,0.1686,42.4,212.0,30,5.769230769230769,stressed
Key.space,36.61958861351013,0.1126,0.2642,42.4,212.0,30,5.769230769230769,stressed
Key.shift,36.81178331375122,0.265,0.1922,42.4,212.0,30,5.769230769230769,stressed
a,37.2830023765564,0.1274,0.4712,42.4,212.0,30,5.769230769230769,stressed
g,37.515257120132446,0.0878,0.2323,42.4,212.0,30,5.769230769230769,stressed
e,37.77156853675842,0.1038,0.2563,42.4,212.0,30,5.769230769230769,stressed
Key.space,38.00343942642212,0.1281,0.2319,42.4,212.0,30,5.769230769230769,stressed
o,38.41167855262756,0.1526,0.4082,42.4,212.0,30,5.769230769230769,stressed
f,38.51567983627319,0.0806,0.104,42.4,212.0,30,5.769230769230769,stressed
Key.space,38.71525549888611,0.1123,0.1996,42.4,212.0,30,5.769230769230769,stressed
a,38.8353488445282,0.1441,0.1201,42.4,212.0,30,5.769230769230769,stressed
n,39.16397118568421,0.1045,0.3286,42.4,212.0,30,5.769230769230769,stressed
c,39.30777859687805,0.12,0.1438,42.4,212.0,30,5.769230769230769,stressed
i,39.634698152542114,0.1118,0.3269,42.4,212.0,30,5.769230769230769,stressed
e,40.62734746932984,0.1114,0.9926,42.4,212.0,30,5.769230769230769,stressed
n,40.77900743484497,0.1042,0.1517,42.4,212.0,30,5.769230769230769,stressed
t,40.93138122558594,0.1039,0.1524,42.4,212.0,30,5.769230769230769,stressed
s,41.251224756240845,0.112,0.3198,42.4,212.0,30,5.769230769230769,stressed
.,42.5632266998291,0.0721,1.312,42.4,212.0,30,5.769230769230769,stressed
E,42.875550985336304,0.08,0.3123,42.4,212.0,30,5.769230769230769,stressed
Key.shift,42.89118146896362,0.1996,0.0156,42.4,212.0,30,5.769230769230769,stressed
v,43.72376203536987,0.0881,0.8326,42.4,212.0,30,5.769230769230769,stressed
e,43.95519042015076,0.1361,0.2314,42.4,212.0,30,5.769230769230769,stressed
r,44.10009145736694,0.0891,0.1449,42.4,212.0,30,5.769230769230769,stressed
y,44.459526777267456,0.0877,0.3594,42.4,212.0,30,5.769230769230769,stressed
t,44.63636517524719,0.0806,0.1768,42.4,212.0,30,5.769230769230769,stressed
h,44.71490979194641,0.0634,0.0785,42.4,212.0,30,5.769230769230769,stressed
i,45.08317542076111,0.184,0.3683,42.4,212.0,30,5.769230769230769,stressed
n,45.3795120716095,0.1283,0.2963,42.4,212.0,30,5.769230769230769,stressed
g,45.53134632110596,0.1126,0.1518,42.4,212.0,30,5.769230769230769,stressed
Key.space,46.099385499954224,0.1336,0.568,42.4,212.0,30,5.769230769230769,stressed
c,46.30686640739441,0.1437,0.2075,42.4,212.0,30,5.769230769230769,stressed
h,46.45131707191467,0.0637,0.1445,42.4,212.0,30,5.769230769230769,stressed
a,46.722984075546265,0.1525,0.2717,42.4,212.0,30,5.769230769230769,stressed
n,46.772191762924194,0.1292,0.0492,42.4,212.0,30,5.769230769230769,stressed
g,47.763044118881226,0.0949,0.9909,42.4,212.0,30,5.769230769230769,stressed
e,47.8751699924469,0.0876,0.1121,42.4,212.0,30,5.769230769230769,stressed
s,48.1554913520813,0.1445,0.2803,42.4,212.0,30,5.769230769230769,stressed
Key.space,48.26718735694885,0.1197,0.1117,42.4,212.0,30,5.769230769230769,stressed
w,48.47494554519653,0.1278,0.2078,42.4,212.0,30,5.769230769230769,stressed
i,48.71590399742127,0.0965,0.241,42.4,212.0,30,5.769230769230769,stressed
t,48.87537407875061,0.0878,0.1595,42.4,212.0,30,5.769230769230769,stressed
h,49.011680126190186,0.0726,0.1363,42.4,212.0,30,5.769230769230769,stressed
Key.space,49.258835792541504,0.1117,0.2472,42.4,212.0,30,5.769230769230769,stressed
t,49.32319521903992,0.0877,0.0644,42.4,212.0,30,5.769230769230769,stressed
h,49.563302993774414,0.1038,0.2401,42.4,212.0,30,5.769230769230769,stressed
e,49.75557279586792,0.1442,0.1923,42.4,212.0,30,5.769230769230769,stressed
Key.space,50.03519296646118,0.1119,0.2796,42.4,212.0,30,5.769230769230769,stressed
b,50.37936639785767,0.0719,0.3442,42.4,212.0,30,5.769230769230769,stressed
i,50.747018575668335,0.1274,0.3677,42.4,212.0,30,5.769230769230769,stressed
r,51.45140027999878,0.1123,0.7044,42.4,212.0,30,5.769230769230769,stressed
t,51.75500655174256,0.1119,0.3036,42.4,212.0,30,5.769230769230769,stressed
h,52.01942753791809,0.1038,0.2644,42.4,212.0,30,5.769230769230769,stressed
Key.space,52.32320952415466,0.12,0.3038,42.4,212.0,30,5.769230769230769,stressed
o,53.08365201950073,0.0883,0.7604,42.4,212.0,30,5.769230769230769,stressed
f,53.37962603569031,0.0804,0.296,42.4,212.0,30,5.769230769230769,stressed
Key.space,53.6510488986969,0.0958,0.2714,42.4,212.0,30,5.769230769230769,stressed
t,54.043641328811646,0.1119,0.3926,42.4,212.0,30,5.769230769230769,stressed
h,54.33919596672058,0.1118,0.2956,42.4,212.0,30,5.769230769230769,stressed
r,54.47535037994385,0.0882,0.1362,42.4,212.0,30,5.769230769230769,stressed
Key.space,54.71474480628967,0.0555,0.2394,42.4,212.0,30,5.769230769230769,stressed
Key.shift,55.29905867576599,0.0158,0.5843,42.4,212.0,30,5.769230769230769,stressed
Key.backspace,56.01946401596069,0.0964,0.7204,42.4,212.0,30,5.769230769230769,stressed
Key.backspace,56.211186170578,0.1044,0.1917,42.4,212.0,30,5.769230769230769,stressed
e,56.394611120224,0.0793,0.1834,42.4,212.0,30,5.769230769230769,stressed
Key.space,56.6435821056366,0.0959,0.249,42.4,212.0,30,5.769230769230769,stressed
Key.backspace,57.64400863647461,0.0891,1.0004,42.4,212.0,30,5.769230769230769,stressed
e,57.93908762931824,0.1114,0.2951,42.4,212.0,30,5.769230769230769,stressed
Key.space,58.25119137763977,0.104,0.3121,42.4,212.0,30,5.769230769230769,stressed
F,58.64258599281311,0.1113,0.3914,42.4,212.0,30,5.769230769230769,stressed
Key.shift,58.65924286842346,0.3035,0.0167,42.4,212.0,30,5.769230769230769,stressed
i,58.90705227851868,0.0953,0.2478,42.4,212.0,30,5.769230769230769,stressed
r,59.0112054347992,0.0875,0.1042,42.4,212.0,30,5.769230769230769,stressed
s,59.69968366622925,0.1283,0.6885,42.4,212.0,30,5.769230769230769,stressed
t,59.94750618934631,0.1119,0.2478,42.4,212.0,30,5.769230769230769,stressed
Key.space,60.51535034179688,0.104,0.5678,42.4,212.0,30,5.769230769230769,stressed
Key.space,3.64485239982605,0.1517,3.5521,36.8,184.0,40,1.7142857142857144,stressed
-,5.541187286376953,0.1118,1.8963,36.8,184.0,40,1.7142857142857144,stressed
Key.shift,6.165204286575317,0.2565,0.624,36.8,184.0,40,1.7142857142857144,stressed
w,6.869564294815064,0.1686,0.6967,36.8,184.0,40,1.7142857142857144,stressed
y,7.404783964157104,0.1034,0.5352,36.8,184.0,40,1.7142857142857144,stressed
n,7.669874668121338,0.1126,0.2651,36.8,184.0,40,1.7142857142857144,stressed
Key.space,7.973000526428223,0.1361,0.3031,36.8,184.0,40,1.7142857142857144,stressed
Key.shift,8.685142993927002,0.216,0.7121,36.8,184.0,40,1.7142857142857144,stressed
o,8.965270757675171,0.1035,0.2154,36.8,184.0,40,1.7142857142857144,stressed
r,9.389190912246704,0.1038,0.4239,36.8,184.0,40,1.7142857142857144,stressed
d,9.63692831993103,0.1019,0.2477,36.8,184.0,40,1.7142857142857144,stressed
Key.space,9.812710762023926,0.1118,0.1758,36.8,184.0,40,1.7142857142857144,stressed
o,10.205278635025024,0.1029,0.3926,36.8,184.0,40,1.7142857142857144,stressed
f,10.388753175735474,0.0869,0.1835,36.8,184.0,40,1.7142857142857144,stressed
Key.space,10.637256860733032,0.1356,0.2485,36.8,184.0,40,1.7142857142857144,stressed
Key.shift,10.98904585838318,0.2245,0.3518,36.8,184.0,40,1.7142857142857144,stressed
u,11.180967807769775,0.0965,0.1518,36.8,184.0,40,1.7142857142857144,stressed
n,11.34885287284851,0.1033,0.1679,36.8,184.0,40,1.7142857142857144,stressed
l,11.74066948890686,0.1275,0.3918,36.8,184.0,40,1.7142857142857144,stressed
i,12.004935264587402,0.128,0.2643,36.8,184.0,40,1.7142857142857144,stressed
g,12.308822870254517,0.1195,0.3039,36.8,184.0,40,1.7142857142857144,stressed
h,12.429744720458984,0.1284,0.1209,36.8,184.0,40,1.7142857142857144,stressed
t,12.549425840377808,0.1279,0.1197,36.8,184.0,40,1.7142857142857144,stressed
Key.space,12.813639163970947,0.1042,0.2642,36.8,184.0,40,1.7142857142857144,stressed
t,14.117314338684082,0.104,1.3037,36.8,184.0,40,1.7142857142857144,stressed
h,14.333841800689695,0.1203,0.2165,36.8,184.0,40,1.7142857142857144,stressed
e,14.445468187332152,0.1039,0.1116,36.8,184.0,40,1.7142857142857144,stressed
Key.space,14.652395009994509,0.1432,0.2069,36.8,184.0,40,1.7142857142857144,stressed
Key.shift,14.877761125564575,0.2168,0.2254,36.8,184.0,40,1.7142857142857144,stressed
i,15.204996824264526,0.1351,0.3031,36.8,184.0,40,1.7142857142857144,stressed
t,15.845377445220947,0.1194,0.6404,36.8,184.0,40,1.7142857142857144,stressed
c,16.197475910186768,0.1598,0.3521,36.8,184.0,40,1.7142857142857144,stressed
h,16.309338092803955,0.0795,0.1119,36.8,184.0,40,1.7142857142857144,stressed
Key.space,16.525320053100586,0.137,0.216,36.8,184.0,40,1.7142857142857144,stressed
o,16.94917607307434,0.1523,0.4239,36.8,184.0,40,1.7142857142857144,stressed
f,17.12515640258789,0.0801,0.176,36.8,184.0,40,1.7142857142857144,stressed
Key.space,17.284842014312744,0.1204,0.1597,36.8,184.0,40,1.7142857142857144,stressed
Key.shift,17.53244423866272,0.1912,0.2476,36.8,184.0,40,1.7142857142857144,stressed
z,18.045063257217407,0.1761,0.4322,36.8,184.0,40,1.7142857142857144,stressed
a,18.222060680389404,0.105,0.177,36.8,184.0,40,1.7142857142857144,stressed
l,18.549622058868408,0.1364,0.3276,36.8,184.0,40,1.7142857142857144,stressed
i,18.830503940582275,0.1454,0.2809,36.8,184.0,40,1.7142857142857144,stressed
t,18.917001485824585,0.0795,0.0865,36.8,184.0,40,1.7142857142857144,stressed
h,19.16577959060669,0.1449,0.2488,36.8,184.0,40,1.7142857142857144,stressed
Key.space,19.43791961669922,0.1526,0.2721,36.8,184.0,40,1.7142857142857144,stressed
Key.shift,20.140707969665527,0.256,0.7028,36.8,184.0,40,1.7142857142857144,stressed
r,20.389827489852905,0.0892,0.2088,36.8,184.0,40,1.7142857142857144,stressed
a,20.693739414215088,0.1842,0.3039,36.8,184.0,40,1.7142857142857144,stressed
v,20.80530405044556,0.1035,0.1116,36.8,184.0,40,1.7142857142857144,stressed
e,20.91748809814453,0.0802,0.1122,36.8,184.0,40,1.7142857142857144,stressed
l,21.16589426994324,0.1289,0.2484,36.8,184.0,40,1.7142857142857144,stressed
o,21.39747738838196,0.1439,0.2316,36.8,184.0,40,1.7142857142857144,stressed
r,21.500985860824585,0.111,0.1035,36.8,184.0,40,1.7142857142857144,stressed
d,21.741634607315063,0.1284,0.2406,36.8,184.0,40,1.7142857142857144,stressed
Key.space,21.90939831733704,0.1441,0.1678,36.8,184.0,40,1.7142857142857144,stressed
Key.shift,22.493568658828732,0.529,0.5842,36.8,184.0,40,1.7142857142857144,stressed
i,22.96515274047852,0.1366,0.4479,36.8,184.0,40,1.7142857142857144,stressed
t,23.11663579940796,0.1036,0.1515,36.8,184.0,40,1.7142857142857144,stressed
o,23.269243955612183,0.0962,0.1526,36.8,184.0,40,1.7142857142857144,stressed
Key.space,23.55719256401062,0.1596,0.2879,36.8,184.0,40,1.7142857142857144,stressed
a,23.72578430175781,0.2002,0.1686,36.8,184.0,40,1.7142857142857144,stressed
n,23.892618417739868,0.1355,0.1668,36.8,184.0,40,1.7142857142857144,stressed
d,23.909682512283325,0.1359,0.0171,36.8,184.0,40,1.7142857142857144,stressed
Key.space,24.189060926437374,0.176,0.2794,36.8,184.0,40,1.7142857142857144,stressed
t,24.45336937904358,0.1119,0.2643,36.8,184.0,40,1.7142857142857144,stressed
h,24.65349793434143,0.1123,0.2001,36.8,184.0,40,1.7142857142857144,stressed
e,24.81345820426941,0.1359,0.16,36.8,184.0,40,1.7142857142857144,stressed
Key.space,25.029191255569454,0.1444,0.2157,36.8,184.0,40,1.7142857142857144,stressed
F,25.629297494888306,0.0959,0.6001,36.8,184.0,40,1.7142857142857144,stressed
Key.shift,25.653064966201782,0.4238,0.0238,36.8,184.0,40,1.7142857142857144,stressed
u,26.028942823410038,0.1119,0.3759,36.8,184.0,40,1.7142857142857144,stressed
r,26.93392443656921,0.0325,0.905,36.8,184.0,40,1.7142857142857144,stressed
t,27.46973967552185,0.1046,0.5358,36.8,184.0,40,1.7142857142857144,stressed
i,27.6605966091156,0.1038,0.1909,36.8,184.0,40,1.7142857142857144,stressed
v,27.82962155342102,0.0888,0.169,36.8,184.0,40,1.7142857142857144,stressed
e,28.052961587905884,0.0954,0.2233,36.8,184.0,40,1.7142857142857144,stressed
Key.space,28.244624376297,0.0953,0.1917,36.8,184.0,40,1.7142857142857144,stressed
Key.shift,29.389273405075077,0.2245,1.1446,36.8,184.0,40,1.7142857142857144,stressed
y,30.07662081718445,0.1115,0.5827,36.8,184.0,40,1.7142857142857144,stressed
g,30.38941216468811,0.1039,0.3128,36.8,184.0,40,1.7142857142857144,stressed
m,30.628910541534424,0.1119,0.2395,36.8,184.0,40,1.7142857142857144,stressed
y,31.029205560684204,0.1357,0.4003,36.8,184.0,40,1.7142857142857144,stressed
Key.space,31.500920057296756,0.1203,0.4717,36.8,184.0,40,1.7142857142857144,stressed
Key.backspace,32.15677738189697,0.1356,0.6559,36.8,184.0,40,1.7142857142857144,stressed
.,32.446502685546875,0.081,0.2897,36.8,184.0,40,1.7142857142857144,stressed
Key.shift,32.86890625953674,0.2952,0.4224,36.8,184.0,40,1.7142857142857144,stressed
t,32.997488498687744,0.0883,0.1286,36.8,184.0,40,1.7142857142857144,stressed
o,33.317453145980835,0.0967,0.32,36.8,184.0,40,1.7142857142857144,stressed
g,33.60457396507263,0.0868,0.2871,36.8,184.0,40,1.7142857142857144,stressed
e,33.7173867225647,0.1193,0.1128,36.8,184.0,40,1.7142857142857144,stressed
t,33.94864821434021,0.0953,0.2313,36.8,184.0,40,1.7142857142857144,stressed
h,34.084614515304565,0.1275,0.136,36.8,184.0,40,1.7142857142857144,stressed
e,34.26175165176392,0.1525,0.1771,36.8,184.0,40,1.7142857142857144,stressed
r,34.37290167808533,0.0958,0.1112,36.8,184.0,40,1.7142857142857144,stressed
Key.space,34.61351013183594,0.1527,0.2406,36.8,184.0,40,1.7142857142857144,stressed
t,35.02061367034912,0.0953,0.4071,36.8,184.0,40,1.7142857142857144,stressed
h,35.20523548126221,0.1279,0.1846,36.8,184.0,40,1.7142857142857144,stressed
e,35.31654977798462,0.1185,0.1113,36.8,184.0,40,1.7142857142857144,stressed
y,35.82931137084961,0.1121,0.5128,36.8,184.0,40,1.7142857142857144,stressed
Key.space,36.093376874923706,0.144,0.2641,36.8,184.0,40,1.7142857142857144,stressed
c,36.20510363578797,0.1199,0.1117,36.8,184.0,40,1.7142857142857144,stressed
h,36.30935478210449,0.0799,0.1043,36.8,184.0,40,1.7142857142857144,stressed
a,36.51675224304199,0.128,0.2074,36.8,184.0,40,1.7142857142857144,stressed
l,36.62996864318848,0.0886,0.1132,36.8,184.0,40,1.7142857142857144,stressed
l,36.82141900062561,0.1033,0.1915,36.8,184.0,40,1.7142857142857144,stressed
e,37.14887523651123,0.1438,0.3275,36.8,184.0,40,1.7142857142857144,stressed
n,37.34927725791931,0.1042,0.2004,36.8,184.0,40,1.7142857142857144,stressed
g,37.62928199768066,0.0964,0.28,36.8,184.0,40,1.7142857142857144,stressed
e,37.75755500793457,0.096,0.1283,36.8,184.0,40,1.7142857142857144,stressed
Key.space,38.08505988121033,0.1683,0.3275,36.8,184.0,40,1.7142857142857144,stressed
a,39.22103118896485,0.1279,1.136,36.8,184.0,40,1.7142857142857144,stressed
n,39.43685984611511,0.1117,0.2158,36.8,184.0,40,1.7142857142857144,stressed
d,39.493695974349976,0.1201,0.0568,36.8,184.0,40,1.7142857142857144,stressed
Key.space,39.653234243392944,0.112,0.1595,36.8,184.0,40,1.7142857142857144,stressed
o,40.38983774185181,0.0879,0.7366,36.8,184.0,40,1.7142857142857144,stressed
v,40.55757260322571,0.0964,0.1677,36.8,184.0,40,1.7142857142857144,stressed
e,40.83704733848572,0.1519,0.2795,36.8,184.0,40,1.7142857142857144,stressed
r,40.98148560523987,0.097,0.1444,36.8,184.0,40,1.7142857142857144,stressed
t,41.24554657936096,0.0878,0.2641,36.8,184.0,40,1.7142857142857144,stressed
h,41.45323061943054,0.1197,0.2077,36.8,184.0,40,1.7142857142857144,stressed
r,41.56502842903137,0.0796,0.1118,36.8,184.0,40,1.7142857142857144,stressed
o,42.54053044319153,0.1362,0.9755,36.8,184.0,40,1.7142857142857144,stressed
w,42.71718692779541,0.136,0.1767,36.8,184.0,40,1.7142857142857144,stressed
Key.space,43.1965594291687,0.1678,0.4794,36.8,184.0,40,1.7142857142857144,stressed
t,43.62976384162903,0.1205,0.4332,36.8,184.0,40,1.7142857142857144,stressed
h,43.82091212272644,0.1278,0.1911,36.8,184.0,40,1.7142857142857144,stressed
e,44.11722350120544,0.0961,0.2963,36.8,184.0,40,1.7142857142857144,stressed
Key.space,44.52478218078613,0.1439,0.4076,36.8,184.0,40,1.7142857142857144,stressed
d,44.83791136741638,0.1442,0.3131,36.8,184.0,40,1.7142857142857144,stressed
r,45.04621744155884,0.1294,0.2083,36.8,184.0,40,1.7142857142857144,stressed
a,45.57262134552002,0.1116,0.5264,36.8,184.0,40,1.7142857142857144,stressed
g,45.87671732902527,0.0554,0.3041,36.8,184.0,40,1.7142857142857144,stressed
o,46.26181936264038,0.1609,0.3851,36.8,184.0,40,1.7142857142857144,stressed
n,46.48500800132752,0.1197,0.2232,36.8,184.0,40,1.7142857142857144,stressed
s,46.66151666641235,0.1201,0.1765,36.8,184.0,40,1.7142857142857144,stressed
Key.space,47.14074659347534,0.1446,0.4792,36.8,184.0,40,1.7142857142857144,stressed
m,49.62076568603516,0.1274,2.48,36.8,184.0,40,1.7142857142857144,stressed
a,49.708274126052856,0.1355,0.0875,36.8,184.0,40,1.7142857142857144,stressed
r,49.89402937889099,0.0892,0.1858,36.8,184.0,40,1.7142857142857144,stressed
k,49.98917579650879,0.0636,0.0951,36.8,184.0,40,1.7142857142857144,stressed
i,50.3257155418396,0.1607,0.3365,36.8,184.0,40,1.7142857142857144,stressed
n,50.50089740753174,0.1436,0.1752,36.8,184.0,40,1.7142857142857144,stressed
g,50.59742951393128,0.1125,0.0965,36.8,184.0,40,1.7142857142857144,stressed
Key.space,50.828784227371216,0.136,0.2314,36.8,184.0,40,1.7142857142857144,stressed
h,51.96533298492432,0.1603,1.1365,36.8,184.0,40,1.7142857142857144,stressed
e,52.10921669006348,0.1519,0.1439,36.8,184.0,40,1.7142857142857144,stressed
Key.backspace,52.6773407459259,0.0808,0.5681,36.8,184.0,40,1.7142857142857144,stressed
Key.backspace,52.86931419372559,0.1039,0.192,36.8,184.0,40,1.7142857142857144,stressed
t,53.19742965698242,0.103,0.3281,36.8,184.0,40,1.7142857142857144,stressed
h,53.35682415962219,0.1196,0.1594,36.8,184.0,40,1.7142857142857144,stressed
e,53.48516750335693,0.1035,0.1283,36.8,184.0,40,1.7142857142857144,stressed
Key.space,53.660385608673096,0.1196,0.1752,36.8,184.0,40,1.7142857142857144,stressed
d,53.86169385910034,0.1846,0.2013,36.8,184.0,40,1.7142857142857144,stressed
a,54.10908842086792,0.1599,0.2474,36.8,184.0,40,1.7142857142857144,stressed
w,54.2772707939148,0.0875,0.1682,36.8,184.0,40,1.7142857142857144,stressed
n,54.79732894897461,0.0955,0.5201,36.8,184.0,40,1.7142857142857144,stressed
Key.space,55.06900668144226,0.1599,0.2717,36.8,184.0,40,1.7142857142857144,stressed
o,56.50086140632629,0.1123,1.4319,36.8,184.0,40,1.7142857142857144,stressed
f,56.66187524795532,0.1286,0.161,36.8,184.0,40,1.7142857142857144,stressed
Key.space,56.83708381652832,0.1434,0.1752,36.8,184.0,40,1.7142857142857144,stressed
t,56.94140839576721,0.1033,0.1043,36.8,184.0,40,1.7142857142857144,stressed
h,57.11649203300476,0.1187,0.1751,36.8,184.0,40,1.7142857142857144,stressed
e,57.25333690643311,0.1288,0.1368,36.8,184.0,40,1.7142857142857144,stressed
Key.space,57.42069888114929,0.1195,0.1674,36.8,184.0,40,1.7142857142857144,stressed
Key.shift,57.693005084991455,0.2164,0.2723,36.8,184.0,40,1.7142857142857144,stressed
g,58.01260209083557,0.1273,0.2234,36.8,184.0,40,1.7142857142857144,stressed
e,58.11026167869568,0.0893,0.0977,36.8,184.0,40,1.7142857142857144,stressed
s,58.41259145736694,0.1509,0.3023,36.8,184.0,40,1.7142857142857144,stressed
Key.space,58.54095458984375,0.16,0.1284,36.8,184.0,40,1.7142857142857144,stressed
o,59.11698293685913,0.1203,0.576,36.8,184.0,40,1.7142857142857144,stressed
f,59.2774658203125,0.0966,0.1605,36.8,184.0,40,1.7142857142857144,stressed
Key.space,59.50900650024414,0.1514,0.2315,36.8,184.0,40,1.7142857142857144,stressed
Key.shift,59.68508553504944,0.2156,0.1761,36.8,184.0,40,1.7142857142857144,stressed
f,59.86141443252564,0.6806,0.1763,36.8,184.0,40,1.7142857142857144,stressed
f,60.91713881492615,0.0955,1.0557,36.8,184.0,40,1.7142857142857144,stressed
